2025-05-27 01:03:39 [INFO] __main__:38 - 基分类器编号: 1
2025-05-27 01:03:39 [INFO] __main__:79 - 使用基分类器: DecisionStump 进行10折交叉验证，并输出到 experiments/ 文件夹
2025-05-27 01:03:39 [INFO] utils.data_loader:10 - load_data: 读取 data.csv 和 targets.csv, 样本数=3680, 特征数=57
2025-05-27 01:03:39 [INFO] utils.cross_validation:26 - k_fold_split: 已拆分为 10 折, each fold size~368 (最后一折=368)
2025-05-27 01:03:39 [INFO] adaboost.adaboost:25 - model is <base_models.decision_stump.DecisionStump object at 0x00000288CD51BF10>
2025-05-27 01:03:40 [INFO] adaboost.adaboost:25 - model is <base_models.decision_stump.DecisionStump object at 0x00000288CC1CFCD0>
2025-05-27 01:03:40 [INFO] adaboost.adaboost:25 - model is <base_models.decision_stump.DecisionStump object at 0x00000288CC1CFC40>
2025-05-27 01:03:41 [INFO] adaboost.adaboost:25 - model is <base_models.decision_stump.DecisionStump object at 0x00000288CC1F11F0>
2025-05-27 01:03:42 [INFO] adaboost.adaboost:25 - model is <base_models.decision_stump.DecisionStump object at 0x00000288CC1F11F0>
2025-05-27 01:03:43 [INFO] adaboost.adaboost:25 - model is <base_models.decision_stump.DecisionStump object at 0x00000288CC1F11F0>
2025-05-27 01:03:44 [INFO] adaboost.adaboost:25 - model is <base_models.decision_stump.DecisionStump object at 0x00000288CC1F11F0>
2025-05-27 01:03:45 [INFO] adaboost.adaboost:25 - model is <base_models.decision_stump.DecisionStump object at 0x00000288CC1F11F0>
2025-05-27 01:03:46 [INFO] adaboost.adaboost:25 - model is <base_models.decision_stump.DecisionStump object at 0x00000288CC1F11F0>
2025-05-27 01:03:47 [INFO] adaboost.adaboost:25 - model is <base_models.decision_stump.DecisionStump object at 0x00000288CC22DA90>
2025-05-27 01:03:48 [INFO] __main__:109 - 完成基分类器数目=1 的10折输出
2025-05-27 01:03:48 [INFO] adaboost.adaboost:25 - model is <base_models.decision_stump.DecisionStump object at 0x00000288CC22DA90>
2025-05-27 01:03:48 [INFO] adaboost.adaboost:25 - model is <base_models.decision_stump.DecisionStump object at 0x00000288CC23E580>
2025-05-27 01:03:49 [INFO] adaboost.adaboost:25 - model is <base_models.decision_stump.DecisionStump object at 0x00000288CC28C130>
2025-05-27 01:03:50 [INFO] adaboost.adaboost:25 - model is <base_models.decision_stump.DecisionStump object at 0x00000288CC28C190>
2025-05-27 01:03:50 [INFO] adaboost.adaboost:25 - model is <base_models.decision_stump.DecisionStump object at 0x00000288CC28C1F0>
2025-05-27 01:03:51 [INFO] adaboost.adaboost:25 - model is <base_models.decision_stump.DecisionStump object at 0x00000288CC22DA90>
2025-05-27 01:03:52 [INFO] adaboost.adaboost:25 - model is <base_models.decision_stump.DecisionStump object at 0x00000288CC23E580>
2025-05-27 01:03:52 [INFO] adaboost.adaboost:25 - model is <base_models.decision_stump.DecisionStump object at 0x00000288CC23E490>
2025-05-27 01:03:53 [INFO] adaboost.adaboost:25 - model is <base_models.decision_stump.DecisionStump object at 0x00000288CC2220D0>
2025-05-27 01:03:53 [INFO] adaboost.adaboost:25 - model is <base_models.decision_stump.DecisionStump object at 0x00000288CC222250>
2025-05-27 01:03:54 [INFO] adaboost.adaboost:25 - model is <base_models.decision_stump.DecisionStump object at 0x00000288CC22DA90>
2025-05-27 01:03:55 [INFO] adaboost.adaboost:25 - model is <base_models.decision_stump.DecisionStump object at 0x00000288CC23E490>
2025-05-27 01:03:57 [INFO] adaboost.adaboost:25 - model is <base_models.decision_stump.DecisionStump object at 0x00000288CC23E580>
2025-05-27 01:03:58 [INFO] adaboost.adaboost:25 - model is <base_models.decision_stump.DecisionStump object at 0x00000288CC25F400>
2025-05-27 01:04:00 [INFO] adaboost.adaboost:25 - model is <base_models.decision_stump.DecisionStump object at 0x00000288CC25F460>
2025-05-27 01:04:00 [INFO] adaboost.adaboost:25 - model is <base_models.decision_stump.DecisionStump object at 0x00000288CC22DA90>
2025-05-27 01:04:02 [INFO] adaboost.adaboost:25 - model is <base_models.decision_stump.DecisionStump object at 0x00000288CC23E580>
2025-05-27 01:04:02 [INFO] adaboost.adaboost:25 - model is <base_models.decision_stump.DecisionStump object at 0x00000288CC23E490>
2025-05-27 01:04:03 [INFO] adaboost.adaboost:25 - model is <base_models.decision_stump.DecisionStump object at 0x00000288CD3D01C0>
2025-05-27 01:04:04 [INFO] adaboost.adaboost:25 - model is <base_models.decision_stump.DecisionStump object at 0x00000288CD3D0220>
2025-05-27 01:04:05 [INFO] adaboost.adaboost:25 - model is <base_models.decision_stump.DecisionStump object at 0x00000288CC22DA90>
2025-05-27 01:04:05 [INFO] adaboost.adaboost:25 - model is <base_models.decision_stump.DecisionStump object at 0x00000288CC23E490>
2025-05-27 01:04:06 [INFO] adaboost.adaboost:25 - model is <base_models.decision_stump.DecisionStump object at 0x00000288CC23E580>
2025-05-27 01:04:07 [INFO] adaboost.adaboost:25 - model is <base_models.decision_stump.DecisionStump object at 0x00000288CC1E22E0>
2025-05-27 01:04:08 [INFO] adaboost.adaboost:25 - model is <base_models.decision_stump.DecisionStump object at 0x00000288CC20C850>
2025-05-27 01:04:08 [INFO] adaboost.adaboost:25 - model is <base_models.decision_stump.DecisionStump object at 0x00000288CC22DA90>
2025-05-27 01:04:09 [INFO] adaboost.adaboost:25 - model is <base_models.decision_stump.DecisionStump object at 0x00000288CC1E22E0>
2025-05-27 01:04:10 [INFO] adaboost.adaboost:25 - model is <base_models.decision_stump.DecisionStump object at 0x00000288CC20CB50>
2025-05-27 01:04:11 [INFO] adaboost.adaboost:25 - model is <base_models.decision_stump.DecisionStump object at 0x00000288A3A95C70>
2025-05-27 01:04:12 [INFO] adaboost.adaboost:25 - model is <base_models.decision_stump.DecisionStump object at 0x00000288CC23E490>
2025-05-27 01:04:12 [INFO] adaboost.adaboost:25 - model is <base_models.decision_stump.DecisionStump object at 0x00000288CC22DA90>
2025-05-27 01:04:13 [INFO] adaboost.adaboost:25 - model is <base_models.decision_stump.DecisionStump object at 0x00000288A3A95C70>
2025-05-27 01:04:14 [INFO] adaboost.adaboost:25 - model is <base_models.decision_stump.DecisionStump object at 0x00000288CC1E22E0>
2025-05-27 01:04:15 [INFO] adaboost.adaboost:25 - model is <base_models.decision_stump.DecisionStump object at 0x00000288CC1CFCD0>
2025-05-27 01:04:16 [INFO] adaboost.adaboost:25 - model is <base_models.decision_stump.DecisionStump object at 0x00000288CC23E4C0>
2025-05-27 01:04:17 [INFO] adaboost.adaboost:25 - model is <base_models.decision_stump.DecisionStump object at 0x00000288CC22DA90>
2025-05-27 01:04:17 [INFO] adaboost.adaboost:25 - model is <base_models.decision_stump.DecisionStump object at 0x00000288CC20CB50>
2025-05-27 01:04:18 [INFO] adaboost.adaboost:25 - model is <base_models.decision_stump.DecisionStump object at 0x00000288A3A95C70>
2025-05-27 01:04:19 [INFO] adaboost.adaboost:25 - model is <base_models.decision_stump.DecisionStump object at 0x00000288CC222250>
2025-05-27 01:04:20 [INFO] adaboost.adaboost:25 - model is <base_models.decision_stump.DecisionStump object at 0x00000288CC222160>
2025-05-27 01:04:21 [INFO] adaboost.adaboost:25 - model is <base_models.decision_stump.DecisionStump object at 0x00000288CC22DA90>
2025-05-27 01:04:22 [INFO] adaboost.adaboost:25 - model is <base_models.decision_stump.DecisionStump object at 0x00000288CC1E22E0>
2025-05-27 01:04:22 [INFO] adaboost.adaboost:25 - model is <base_models.decision_stump.DecisionStump object at 0x00000288CC20CB50>
2025-05-27 01:04:23 [INFO] adaboost.adaboost:25 - model is <base_models.decision_stump.DecisionStump object at 0x00000288CC25F460>
2025-05-27 01:04:24 [INFO] adaboost.adaboost:25 - model is <base_models.decision_stump.DecisionStump object at 0x00000288CC25F310>
2025-05-27 01:04:25 [INFO] adaboost.adaboost:25 - model is <base_models.decision_stump.DecisionStump object at 0x00000288CC22DA90>
2025-05-27 01:04:25 [INFO] adaboost.adaboost:25 - model is <base_models.decision_stump.DecisionStump object at 0x00000288CC20C850>
2025-05-27 01:04:26 [INFO] adaboost.adaboost:25 - model is <base_models.decision_stump.DecisionStump object at 0x00000288CC1E22E0>
2025-05-27 01:04:27 [INFO] adaboost.adaboost:25 - model is <base_models.decision_stump.DecisionStump object at 0x00000288CD3D0220>
2025-05-27 01:04:28 [INFO] adaboost.adaboost:25 - model is <base_models.decision_stump.DecisionStump object at 0x00000288CD3D00D0>
2025-05-27 01:04:29 [INFO] __main__:109 - 完成基分类器数目=5 的10折输出
2025-05-27 01:04:29 [INFO] adaboost.adaboost:25 - model is <base_models.decision_stump.DecisionStump object at 0x00000288CC22DA90>
2025-05-27 01:04:30 [INFO] adaboost.adaboost:25 - model is <base_models.decision_stump.DecisionStump object at 0x00000288A3A95C70>
2025-05-27 01:04:31 [INFO] adaboost.adaboost:25 - model is <base_models.decision_stump.DecisionStump object at 0x00000288CC20C850>
2025-05-27 01:04:32 [INFO] adaboost.adaboost:25 - model is <base_models.decision_stump.DecisionStump object at 0x00000288CD51BF10>
2025-05-27 01:04:32 [INFO] adaboost.adaboost:25 - model is <base_models.decision_stump.DecisionStump object at 0x00000288CD51BFD0>
2025-05-27 01:04:33 [INFO] adaboost.adaboost:25 - model is <base_models.decision_stump.DecisionStump object at 0x00000288CC28C1F0>
2025-05-27 01:04:34 [INFO] adaboost.adaboost:25 - model is <base_models.decision_stump.DecisionStump object at 0x00000288CC28C040>
2025-05-27 01:04:35 [INFO] adaboost.adaboost:25 - model is <base_models.decision_stump.DecisionStump object at 0x00000288CC28C0A0>
2025-05-27 01:04:36 [INFO] adaboost.adaboost:25 - model is <base_models.decision_stump.DecisionStump object at 0x00000288CC28C190>
2025-05-27 01:04:37 [INFO] adaboost.adaboost:25 - model is <base_models.decision_stump.DecisionStump object at 0x00000288CC28C100>
2025-05-27 01:04:38 [INFO] adaboost.adaboost:25 - model is <base_models.decision_stump.DecisionStump object at 0x00000288CC22DA90>
2025-05-27 01:04:39 [INFO] adaboost.adaboost:25 - model is <base_models.decision_stump.DecisionStump object at 0x00000288CC20CB50>
2025-05-27 01:04:40 [INFO] adaboost.adaboost:25 - model is <base_models.decision_stump.DecisionStump object at 0x00000288A3A95C70>
2025-05-27 01:04:41 [INFO] adaboost.adaboost:25 - model is <base_models.decision_stump.DecisionStump object at 0x00000288CD51BEE0>
2025-05-27 01:04:42 [INFO] adaboost.adaboost:25 - model is <base_models.decision_stump.DecisionStump object at 0x00000288CD51BF70>
2025-05-27 01:04:43 [INFO] adaboost.adaboost:25 - model is <base_models.decision_stump.DecisionStump object at 0x00000288CD51BFA0>
2025-05-27 01:04:44 [INFO] adaboost.adaboost:25 - model is <base_models.decision_stump.DecisionStump object at 0x00000288CC28C1C0>
2025-05-27 01:04:45 [INFO] adaboost.adaboost:25 - model is <base_models.decision_stump.DecisionStump object at 0x00000288CC28C070>
2025-05-27 01:04:46 [INFO] adaboost.adaboost:25 - model is <base_models.decision_stump.DecisionStump object at 0x00000288CC28C220>
2025-05-27 01:04:47 [INFO] adaboost.adaboost:25 - model is <base_models.decision_stump.DecisionStump object at 0x00000288CC28C0D0>
2025-05-27 01:04:48 [INFO] adaboost.adaboost:25 - model is <base_models.decision_stump.DecisionStump object at 0x00000288CC22DA90>
2025-05-27 01:04:48 [INFO] adaboost.adaboost:25 - model is <base_models.decision_stump.DecisionStump object at 0x00000288CC1E22E0>
2025-05-27 01:04:49 [INFO] adaboost.adaboost:25 - model is <base_models.decision_stump.DecisionStump object at 0x00000288CC20CB50>
2025-05-27 01:04:50 [INFO] adaboost.adaboost:25 - model is <base_models.decision_stump.DecisionStump object at 0x00000288CD51BFD0>
2025-05-27 01:04:51 [INFO] adaboost.adaboost:25 - model is <base_models.decision_stump.DecisionStump object at 0x00000288CD51BEB0>
2025-05-27 01:04:51 [INFO] adaboost.adaboost:25 - model is <base_models.decision_stump.DecisionStump object at 0x00000288CD51BEE0>
2025-05-27 01:04:52 [INFO] adaboost.adaboost:25 - model is <base_models.decision_stump.DecisionStump object at 0x00000288CC28C070>
2025-05-27 01:04:53 [INFO] adaboost.adaboost:25 - model is <base_models.decision_stump.DecisionStump object at 0x00000288CC28C220>
2025-05-27 01:04:54 [INFO] adaboost.adaboost:25 - model is <base_models.decision_stump.DecisionStump object at 0x00000288CC28C0D0>
2025-05-27 01:04:55 [INFO] adaboost.adaboost:25 - model is <base_models.decision_stump.DecisionStump object at 0x00000288CC28C100>
2025-05-27 01:04:56 [INFO] adaboost.adaboost:25 - model is <base_models.decision_stump.DecisionStump object at 0x00000288CC22DA90>
2025-05-27 01:04:57 [INFO] adaboost.adaboost:25 - model is <base_models.decision_stump.DecisionStump object at 0x00000288CC20C850>
2025-05-27 01:04:58 [INFO] adaboost.adaboost:25 - model is <base_models.decision_stump.DecisionStump object at 0x00000288CC1E22E0>
2025-05-27 01:04:58 [INFO] adaboost.adaboost:25 - model is <base_models.decision_stump.DecisionStump object at 0x00000288CD51BFA0>
2025-05-27 01:04:59 [INFO] adaboost.adaboost:25 - model is <base_models.decision_stump.DecisionStump object at 0x00000288CD51BF10>
2025-05-27 01:05:00 [INFO] adaboost.adaboost:25 - model is <base_models.decision_stump.DecisionStump object at 0x00000288CD51BFD0>
2025-05-27 01:05:00 [INFO] adaboost.adaboost:25 - model is <base_models.decision_stump.DecisionStump object at 0x00000288CC25F430>
2025-05-27 01:05:01 [INFO] adaboost.adaboost:25 - model is <base_models.decision_stump.DecisionStump object at 0x00000288CC25F400>
2025-05-27 01:05:02 [INFO] adaboost.adaboost:25 - model is <base_models.decision_stump.DecisionStump object at 0x00000288CC25F550>
2025-05-27 01:05:02 [INFO] adaboost.adaboost:25 - model is <base_models.decision_stump.DecisionStump object at 0x00000288CC25F5B0>
2025-05-27 01:05:03 [INFO] adaboost.adaboost:25 - model is <base_models.decision_stump.DecisionStump object at 0x00000288CC22DA90>
2025-05-27 01:05:04 [INFO] adaboost.adaboost:25 - model is <base_models.decision_stump.DecisionStump object at 0x00000288A3A95C70>
2025-05-27 01:05:04 [INFO] adaboost.adaboost:25 - model is <base_models.decision_stump.DecisionStump object at 0x00000288CC20C850>
2025-05-27 01:05:05 [INFO] adaboost.adaboost:25 - model is <base_models.decision_stump.DecisionStump object at 0x00000288CD51BEE0>
2025-05-27 01:05:06 [INFO] adaboost.adaboost:25 - model is <base_models.decision_stump.DecisionStump object at 0x00000288CD51BF70>
2025-05-27 01:05:07 [INFO] adaboost.adaboost:25 - model is <base_models.decision_stump.DecisionStump object at 0x00000288CD51BFA0>
2025-05-27 01:05:07 [INFO] adaboost.adaboost:25 - model is <base_models.decision_stump.DecisionStump object at 0x00000288CD3D01F0>
2025-05-27 01:05:08 [INFO] adaboost.adaboost:25 - model is <base_models.decision_stump.DecisionStump object at 0x00000288CD3D01C0>
2025-05-27 01:05:09 [INFO] adaboost.adaboost:25 - model is <base_models.decision_stump.DecisionStump object at 0x00000288CD3D0310>
2025-05-27 01:05:10 [INFO] adaboost.adaboost:25 - model is <base_models.decision_stump.DecisionStump object at 0x00000288CD3D0370>
2025-05-27 01:05:10 [INFO] adaboost.adaboost:25 - model is <base_models.decision_stump.DecisionStump object at 0x00000288CC22DA90>
2025-05-27 01:05:11 [INFO] adaboost.adaboost:25 - model is <base_models.decision_stump.DecisionStump object at 0x00000288CC20CB50>
2025-05-27 01:05:12 [INFO] adaboost.adaboost:25 - model is <base_models.decision_stump.DecisionStump object at 0x00000288A3A95C70>
2025-05-27 01:05:13 [INFO] adaboost.adaboost:25 - model is <base_models.decision_stump.DecisionStump object at 0x00000288CD51BFD0>
2025-05-27 01:05:14 [INFO] adaboost.adaboost:25 - model is <base_models.decision_stump.DecisionStump object at 0x00000288CD51BEB0>
2025-05-27 01:05:14 [INFO] adaboost.adaboost:25 - model is <base_models.decision_stump.DecisionStump object at 0x00000288CC1CFC40>
2025-05-27 01:05:15 [INFO] adaboost.adaboost:25 - model is <base_models.decision_stump.DecisionStump object at 0x00000288CC23E490>
2025-05-27 01:05:16 [INFO] adaboost.adaboost:25 - model is <base_models.decision_stump.DecisionStump object at 0x00000288CD51BF10>
2025-05-27 01:05:17 [INFO] adaboost.adaboost:25 - model is <base_models.decision_stump.DecisionStump object at 0x00000288CC28C040>
2025-05-27 01:05:18 [INFO] adaboost.adaboost:25 - model is <base_models.decision_stump.DecisionStump object at 0x00000288CC28C0A0>
2025-05-27 01:05:18 [INFO] adaboost.adaboost:25 - model is <base_models.decision_stump.DecisionStump object at 0x00000288CC22DA90>
2025-05-27 01:05:19 [INFO] adaboost.adaboost:25 - model is <base_models.decision_stump.DecisionStump object at 0x00000288CC1E22E0>
2025-05-27 01:05:20 [INFO] adaboost.adaboost:25 - model is <base_models.decision_stump.DecisionStump object at 0x00000288CC20CB50>
2025-05-27 01:05:20 [INFO] adaboost.adaboost:25 - model is <base_models.decision_stump.DecisionStump object at 0x00000288CC1CFC40>
2025-05-27 01:05:21 [INFO] adaboost.adaboost:25 - model is <base_models.decision_stump.DecisionStump object at 0x00000288CC1CFF40>
2025-05-27 01:05:22 [INFO] adaboost.adaboost:25 - model is <base_models.decision_stump.DecisionStump object at 0x00000288CD51BEE0>
2025-05-27 01:05:23 [INFO] adaboost.adaboost:25 - model is <base_models.decision_stump.DecisionStump object at 0x00000288CD51BF10>
2025-05-27 01:05:24 [INFO] adaboost.adaboost:25 - model is <base_models.decision_stump.DecisionStump object at 0x00000288CC23E4C0>
2025-05-27 01:05:24 [INFO] adaboost.adaboost:25 - model is <base_models.decision_stump.DecisionStump object at 0x00000288CD51BFD0>
2025-05-27 01:05:25 [INFO] adaboost.adaboost:25 - model is <base_models.decision_stump.DecisionStump object at 0x00000288CC222100>
2025-05-27 01:05:26 [INFO] adaboost.adaboost:25 - model is <base_models.decision_stump.DecisionStump object at 0x00000288CC22DA90>
2025-05-27 01:05:26 [INFO] adaboost.adaboost:25 - model is <base_models.decision_stump.DecisionStump object at 0x00000288CC20C850>
2025-05-27 01:05:27 [INFO] adaboost.adaboost:25 - model is <base_models.decision_stump.DecisionStump object at 0x00000288CC1E22E0>
2025-05-27 01:05:28 [INFO] adaboost.adaboost:25 - model is <base_models.decision_stump.DecisionStump object at 0x00000288CC1CFF40>
2025-05-27 01:05:29 [INFO] adaboost.adaboost:25 - model is <base_models.decision_stump.DecisionStump object at 0x00000288CC1CFCD0>
2025-05-27 01:05:30 [INFO] adaboost.adaboost:25 - model is <base_models.decision_stump.DecisionStump object at 0x00000288CD51BF70>
2025-05-27 01:05:30 [INFO] adaboost.adaboost:25 - model is <base_models.decision_stump.DecisionStump object at 0x00000288CD51BFD0>
2025-05-27 01:05:31 [INFO] adaboost.adaboost:25 - model is <base_models.decision_stump.DecisionStump object at 0x00000288CC23E490>
2025-05-27 01:05:32 [INFO] adaboost.adaboost:25 - model is <base_models.decision_stump.DecisionStump object at 0x00000288CD51BEB0>
2025-05-27 01:05:32 [INFO] adaboost.adaboost:25 - model is <base_models.decision_stump.DecisionStump object at 0x00000288CC25F3A0>
2025-05-27 01:05:33 [INFO] adaboost.adaboost:25 - model is <base_models.decision_stump.DecisionStump object at 0x00000288CC22DA90>
2025-05-27 01:05:34 [INFO] adaboost.adaboost:25 - model is <base_models.decision_stump.DecisionStump object at 0x00000288A3A95C70>
2025-05-27 01:05:35 [INFO] adaboost.adaboost:25 - model is <base_models.decision_stump.DecisionStump object at 0x00000288CC20C850>
2025-05-27 01:05:36 [INFO] adaboost.adaboost:25 - model is <base_models.decision_stump.DecisionStump object at 0x00000288CC1CFCD0>
2025-05-27 01:05:36 [INFO] adaboost.adaboost:25 - model is <base_models.decision_stump.DecisionStump object at 0x00000288CC1CFC40>
2025-05-27 01:05:37 [INFO] adaboost.adaboost:25 - model is <base_models.decision_stump.DecisionStump object at 0x00000288CD51BEE0>
2025-05-27 01:05:38 [INFO] adaboost.adaboost:25 - model is <base_models.decision_stump.DecisionStump object at 0x00000288CD51BEB0>
2025-05-27 01:05:38 [INFO] adaboost.adaboost:25 - model is <base_models.decision_stump.DecisionStump object at 0x00000288CC23E4C0>
2025-05-27 01:05:39 [INFO] adaboost.adaboost:25 - model is <base_models.decision_stump.DecisionStump object at 0x00000288CD51BFA0>
2025-05-27 01:05:40 [INFO] adaboost.adaboost:25 - model is <base_models.decision_stump.DecisionStump object at 0x00000288CD3D0160>
2025-05-27 01:05:40 [INFO] adaboost.adaboost:25 - model is <base_models.decision_stump.DecisionStump object at 0x00000288CC22DA90>
2025-05-27 01:05:41 [INFO] adaboost.adaboost:25 - model is <base_models.decision_stump.DecisionStump object at 0x00000288CC20CB50>
2025-05-27 01:05:42 [INFO] adaboost.adaboost:25 - model is <base_models.decision_stump.DecisionStump object at 0x00000288A3A95C70>
2025-05-27 01:05:42 [INFO] adaboost.adaboost:25 - model is <base_models.decision_stump.DecisionStump object at 0x00000288CC1CFC40>
2025-05-27 01:05:43 [INFO] adaboost.adaboost:25 - model is <base_models.decision_stump.DecisionStump object at 0x00000288CC1CFF40>
2025-05-27 01:05:44 [INFO] adaboost.adaboost:25 - model is <base_models.decision_stump.DecisionStump object at 0x00000288CD51BF70>
2025-05-27 01:05:45 [INFO] adaboost.adaboost:25 - model is <base_models.decision_stump.DecisionStump object at 0x00000288CD51BFA0>
2025-05-27 01:05:45 [INFO] adaboost.adaboost:25 - model is <base_models.decision_stump.DecisionStump object at 0x00000288CC23E490>
2025-05-27 01:05:46 [INFO] adaboost.adaboost:25 - model is <base_models.decision_stump.DecisionStump object at 0x00000288CD51BF10>
2025-05-27 01:05:47 [INFO] adaboost.adaboost:25 - model is <base_models.decision_stump.DecisionStump object at 0x00000288CC28C160>
2025-05-27 01:05:48 [INFO] __main__:109 - 完成基分类器数目=10 的10折输出
2025-05-27 01:05:48 [INFO] adaboost.adaboost:25 - model is <base_models.decision_stump.DecisionStump object at 0x00000288CC22DA90>
2025-05-27 01:05:48 [INFO] adaboost.adaboost:25 - model is <base_models.decision_stump.DecisionStump object at 0x00000288CC1E22E0>
2025-05-27 01:05:49 [INFO] adaboost.adaboost:25 - model is <base_models.decision_stump.DecisionStump object at 0x00000288CC20CB50>
2025-05-27 01:05:50 [INFO] adaboost.adaboost:25 - model is <base_models.decision_stump.DecisionStump object at 0x00000288CC1CFF40>
2025-05-27 01:05:50 [INFO] adaboost.adaboost:25 - model is <base_models.decision_stump.DecisionStump object at 0x00000288CC1CFCD0>
2025-05-27 01:05:51 [INFO] adaboost.adaboost:25 - model is <base_models.decision_stump.DecisionStump object at 0x00000288CD51BEE0>
2025-05-27 01:05:52 [INFO] adaboost.adaboost:25 - model is <base_models.decision_stump.DecisionStump object at 0x00000288CD51BF10>
2025-05-27 01:05:52 [INFO] adaboost.adaboost:25 - model is <base_models.decision_stump.DecisionStump object at 0x00000288CC23E4C0>
2025-05-27 01:05:53 [INFO] adaboost.adaboost:25 - model is <base_models.decision_stump.DecisionStump object at 0x00000288CD51BFD0>
2025-05-27 01:05:54 [INFO] adaboost.adaboost:25 - model is <base_models.decision_stump.DecisionStump object at 0x00000288CC222220>
2025-05-27 01:05:54 [INFO] adaboost.adaboost:25 - model is <base_models.decision_stump.DecisionStump object at 0x00000288CC222250>
2025-05-27 01:05:55 [INFO] adaboost.adaboost:25 - model is <base_models.decision_stump.DecisionStump object at 0x00000288CC222130>
2025-05-27 01:05:56 [INFO] adaboost.adaboost:25 - model is <base_models.decision_stump.DecisionStump object at 0x00000288CC222040>
2025-05-27 01:05:56 [INFO] adaboost.adaboost:25 - model is <base_models.decision_stump.DecisionStump object at 0x00000288CC25F400>
2025-05-27 01:05:57 [INFO] adaboost.adaboost:25 - model is <base_models.decision_stump.DecisionStump object at 0x00000288CC25F430>
2025-05-27 01:05:58 [INFO] adaboost.adaboost:25 - model is <base_models.decision_stump.DecisionStump object at 0x00000288CC25F580>
2025-05-27 01:05:58 [INFO] adaboost.adaboost:25 - model is <base_models.decision_stump.DecisionStump object at 0x00000288CC25F3D0>
2025-05-27 01:05:59 [INFO] adaboost.adaboost:25 - model is <base_models.decision_stump.DecisionStump object at 0x00000288CC25F670>
2025-05-27 01:05:59 [INFO] adaboost.adaboost:25 - model is <base_models.decision_stump.DecisionStump object at 0x00000288CC25F6D0>
2025-05-27 01:06:00 [INFO] adaboost.adaboost:25 - model is <base_models.decision_stump.DecisionStump object at 0x00000288CC25F730>
2025-05-27 01:06:00 [INFO] adaboost.adaboost:25 - model is <base_models.decision_stump.DecisionStump object at 0x00000288CC25F790>
2025-05-27 01:06:01 [INFO] adaboost.adaboost:25 - model is <base_models.decision_stump.DecisionStump object at 0x00000288CC25F7F0>
2025-05-27 01:06:02 [INFO] adaboost.adaboost:25 - model is <base_models.decision_stump.DecisionStump object at 0x00000288CC25F850>
2025-05-27 01:06:03 [INFO] adaboost.adaboost:25 - model is <base_models.decision_stump.DecisionStump object at 0x00000288CC25F8B0>
2025-05-27 01:06:04 [INFO] adaboost.adaboost:25 - model is <base_models.decision_stump.DecisionStump object at 0x00000288CC25F910>
2025-05-27 01:06:05 [INFO] adaboost.adaboost:25 - model is <base_models.decision_stump.DecisionStump object at 0x00000288CC25F970>
2025-05-27 01:06:06 [INFO] adaboost.adaboost:25 - model is <base_models.decision_stump.DecisionStump object at 0x00000288CC25F9D0>
2025-05-27 01:06:07 [INFO] adaboost.adaboost:25 - model is <base_models.decision_stump.DecisionStump object at 0x00000288CC25FA30>
2025-05-27 01:06:07 [INFO] adaboost.adaboost:25 - model is <base_models.decision_stump.DecisionStump object at 0x00000288CC25FA90>
2025-05-27 01:06:08 [INFO] adaboost.adaboost:25 - model is <base_models.decision_stump.DecisionStump object at 0x00000288CC25FAF0>
2025-05-27 01:06:09 [INFO] adaboost.adaboost:25 - model is <base_models.decision_stump.DecisionStump object at 0x00000288CC25FB50>
2025-05-27 01:06:10 [INFO] adaboost.adaboost:25 - model is <base_models.decision_stump.DecisionStump object at 0x00000288CC25FBB0>
2025-05-27 01:06:11 [INFO] adaboost.adaboost:25 - model is <base_models.decision_stump.DecisionStump object at 0x00000288CC25FC10>
2025-05-27 01:06:12 [INFO] adaboost.adaboost:25 - model is <base_models.decision_stump.DecisionStump object at 0x00000288CC25FC70>
2025-05-27 01:06:12 [INFO] adaboost.adaboost:25 - model is <base_models.decision_stump.DecisionStump object at 0x00000288CC25FCD0>
2025-05-27 01:06:13 [INFO] adaboost.adaboost:25 - model is <base_models.decision_stump.DecisionStump object at 0x00000288CC25FD30>
2025-05-27 01:06:14 [INFO] adaboost.adaboost:25 - model is <base_models.decision_stump.DecisionStump object at 0x00000288CC25FD90>
2025-05-27 01:06:14 [INFO] adaboost.adaboost:25 - model is <base_models.decision_stump.DecisionStump object at 0x00000288CC25FDF0>
2025-05-27 01:06:15 [INFO] adaboost.adaboost:25 - model is <base_models.decision_stump.DecisionStump object at 0x00000288CC25FE50>
2025-05-27 01:06:16 [INFO] adaboost.adaboost:25 - model is <base_models.decision_stump.DecisionStump object at 0x00000288CC25FEB0>
2025-05-27 01:06:16 [INFO] adaboost.adaboost:25 - model is <base_models.decision_stump.DecisionStump object at 0x00000288CC25FF10>
2025-05-27 01:06:17 [INFO] adaboost.adaboost:25 - model is <base_models.decision_stump.DecisionStump object at 0x00000288CC25FF70>
2025-05-27 01:06:18 [INFO] adaboost.adaboost:25 - model is <base_models.decision_stump.DecisionStump object at 0x00000288CC25FFD0>
2025-05-27 01:06:18 [INFO] adaboost.adaboost:25 - model is <base_models.decision_stump.DecisionStump object at 0x00000288CC25F1C0>
2025-05-27 01:06:19 [INFO] adaboost.adaboost:25 - model is <base_models.decision_stump.DecisionStump object at 0x00000288CC25F370>
2025-05-27 01:06:19 [INFO] adaboost.adaboost:25 - model is <base_models.decision_stump.DecisionStump object at 0x00000288CC25F4C0>
2025-05-27 01:06:20 [INFO] adaboost.adaboost:25 - model is <base_models.decision_stump.DecisionStump object at 0x00000288CC25F4F0>
2025-05-27 01:06:21 [INFO] adaboost.adaboost:25 - model is <base_models.decision_stump.DecisionStump object at 0x00000288CC25F610>
2025-05-27 01:06:21 [INFO] adaboost.adaboost:25 - model is <base_models.decision_stump.DecisionStump object at 0x00000288CC25F520>
2025-05-27 01:06:22 [INFO] adaboost.adaboost:25 - model is <base_models.decision_stump.DecisionStump object at 0x00000288CC25F550>
2025-05-27 01:06:22 [INFO] adaboost.adaboost:25 - model is <base_models.decision_stump.DecisionStump object at 0x00000288CC25F2B0>
2025-05-27 01:06:23 [INFO] adaboost.adaboost:25 - model is <base_models.decision_stump.DecisionStump object at 0x00000288CD3D00D0>
2025-05-27 01:06:24 [INFO] adaboost.adaboost:25 - model is <base_models.decision_stump.DecisionStump object at 0x00000288CD3D0370>
2025-05-27 01:06:24 [INFO] adaboost.adaboost:25 - model is <base_models.decision_stump.DecisionStump object at 0x00000288CD3D0220>
2025-05-27 01:06:25 [INFO] adaboost.adaboost:25 - model is <base_models.decision_stump.DecisionStump object at 0x00000288CD3D0400>
2025-05-27 01:06:25 [INFO] adaboost.adaboost:25 - model is <base_models.decision_stump.DecisionStump object at 0x00000288CD3D0460>
2025-05-27 01:06:26 [INFO] adaboost.adaboost:25 - model is <base_models.decision_stump.DecisionStump object at 0x00000288CD3D04C0>
2025-05-27 01:06:27 [INFO] adaboost.adaboost:25 - model is <base_models.decision_stump.DecisionStump object at 0x00000288CD3D0520>
2025-05-27 01:06:27 [INFO] adaboost.adaboost:25 - model is <base_models.decision_stump.DecisionStump object at 0x00000288CD3D0580>
2025-05-27 01:06:28 [INFO] adaboost.adaboost:25 - model is <base_models.decision_stump.DecisionStump object at 0x00000288CD3D05E0>
2025-05-27 01:06:29 [INFO] adaboost.adaboost:25 - model is <base_models.decision_stump.DecisionStump object at 0x00000288CD3D0640>
2025-05-27 01:06:29 [INFO] adaboost.adaboost:25 - model is <base_models.decision_stump.DecisionStump object at 0x00000288CD3D06A0>
2025-05-27 01:06:30 [INFO] adaboost.adaboost:25 - model is <base_models.decision_stump.DecisionStump object at 0x00000288CD3D0700>
2025-05-27 01:06:30 [INFO] adaboost.adaboost:25 - model is <base_models.decision_stump.DecisionStump object at 0x00000288CD3D0760>
2025-05-27 01:06:31 [INFO] adaboost.adaboost:25 - model is <base_models.decision_stump.DecisionStump object at 0x00000288CD3D07C0>
2025-05-27 01:06:32 [INFO] adaboost.adaboost:25 - model is <base_models.decision_stump.DecisionStump object at 0x00000288CD3D0820>
2025-05-27 01:06:32 [INFO] adaboost.adaboost:25 - model is <base_models.decision_stump.DecisionStump object at 0x00000288CD3D0880>
2025-05-27 01:06:33 [INFO] adaboost.adaboost:25 - model is <base_models.decision_stump.DecisionStump object at 0x00000288CD3D08E0>
2025-05-27 01:06:34 [INFO] adaboost.adaboost:25 - model is <base_models.decision_stump.DecisionStump object at 0x00000288CD3D0940>
2025-05-27 01:06:34 [INFO] adaboost.adaboost:25 - model is <base_models.decision_stump.DecisionStump object at 0x00000288CD3D09A0>
2025-05-27 01:06:35 [INFO] adaboost.adaboost:25 - model is <base_models.decision_stump.DecisionStump object at 0x00000288CD3D0A00>
2025-05-27 01:06:36 [INFO] adaboost.adaboost:25 - model is <base_models.decision_stump.DecisionStump object at 0x00000288CD3D0A60>
2025-05-27 01:06:36 [INFO] adaboost.adaboost:25 - model is <base_models.decision_stump.DecisionStump object at 0x00000288CD3D0AC0>
2025-05-27 01:06:37 [INFO] adaboost.adaboost:25 - model is <base_models.decision_stump.DecisionStump object at 0x00000288CD3D0B20>
2025-05-27 01:06:37 [INFO] adaboost.adaboost:25 - model is <base_models.decision_stump.DecisionStump object at 0x00000288CD3D0B80>
2025-05-27 01:06:38 [INFO] adaboost.adaboost:25 - model is <base_models.decision_stump.DecisionStump object at 0x00000288CD3D0C10>
2025-05-27 01:06:39 [INFO] adaboost.adaboost:25 - model is <base_models.decision_stump.DecisionStump object at 0x00000288CD3D0C70>
2025-05-27 01:06:40 [INFO] adaboost.adaboost:25 - model is <base_models.decision_stump.DecisionStump object at 0x00000288CD3D0CD0>
2025-05-27 01:06:40 [INFO] adaboost.adaboost:25 - model is <base_models.decision_stump.DecisionStump object at 0x00000288CD3D0D30>
2025-05-27 01:06:41 [INFO] adaboost.adaboost:25 - model is <base_models.decision_stump.DecisionStump object at 0x00000288CD3D0D90>
2025-05-27 01:06:42 [INFO] adaboost.adaboost:25 - model is <base_models.decision_stump.DecisionStump object at 0x00000288CD3D0DF0>
2025-05-27 01:06:43 [INFO] adaboost.adaboost:25 - model is <base_models.decision_stump.DecisionStump object at 0x00000288CD3D0E50>
2025-05-27 01:06:44 [INFO] adaboost.adaboost:25 - model is <base_models.decision_stump.DecisionStump object at 0x00000288CD3D0EB0>
2025-05-27 01:06:45 [INFO] adaboost.adaboost:25 - model is <base_models.decision_stump.DecisionStump object at 0x00000288CD3D0F10>
2025-05-27 01:06:46 [INFO] adaboost.adaboost:25 - model is <base_models.decision_stump.DecisionStump object at 0x00000288CD3D0F70>
2025-05-27 01:06:47 [INFO] adaboost.adaboost:25 - model is <base_models.decision_stump.DecisionStump object at 0x00000288CD3D0FD0>
2025-05-27 01:06:48 [INFO] adaboost.adaboost:25 - model is <base_models.decision_stump.DecisionStump object at 0x00000288CD3D0100>
2025-05-27 01:06:49 [INFO] adaboost.adaboost:25 - model is <base_models.decision_stump.DecisionStump object at 0x00000288CD3D0250>
2025-05-27 01:06:49 [INFO] adaboost.adaboost:25 - model is <base_models.decision_stump.DecisionStump object at 0x00000288CD3D00A0>
2025-05-27 01:06:51 [INFO] adaboost.adaboost:25 - model is <base_models.decision_stump.DecisionStump object at 0x00000288CD3D03A0>
2025-05-27 01:06:52 [INFO] adaboost.adaboost:25 - model is <base_models.decision_stump.DecisionStump object at 0x00000288CD3D0310>
2025-05-27 01:06:53 [INFO] adaboost.adaboost:25 - model is <base_models.decision_stump.DecisionStump object at 0x00000288CD3D0040>
2025-05-27 01:06:54 [INFO] adaboost.adaboost:25 - model is <base_models.decision_stump.DecisionStump object at 0x00000288CC28C1F0>
2025-05-27 01:06:55 [INFO] adaboost.adaboost:25 - model is <base_models.decision_stump.DecisionStump object at 0x00000288CC28C0A0>
2025-05-27 01:06:56 [INFO] adaboost.adaboost:25 - model is <base_models.decision_stump.DecisionStump object at 0x00000288CC28C190>
2025-05-27 01:06:57 [INFO] adaboost.adaboost:25 - model is <base_models.decision_stump.DecisionStump object at 0x00000288CC28C1C0>
2025-05-27 01:06:58 [INFO] adaboost.adaboost:25 - model is <base_models.decision_stump.DecisionStump object at 0x00000288CC28C100>
2025-05-27 01:06:59 [INFO] adaboost.adaboost:25 - model is <base_models.decision_stump.DecisionStump object at 0x00000288CC28C070>
2025-05-27 01:07:00 [INFO] adaboost.adaboost:25 - model is <base_models.decision_stump.DecisionStump object at 0x00000288CD4E4100>
2025-05-27 01:07:01 [INFO] adaboost.adaboost:25 - model is <base_models.decision_stump.DecisionStump object at 0x00000288CD4E4160>
2025-05-27 01:07:01 [INFO] adaboost.adaboost:25 - model is <base_models.decision_stump.DecisionStump object at 0x00000288CC22DA90>
2025-05-27 01:07:02 [INFO] adaboost.adaboost:25 - model is <base_models.decision_stump.DecisionStump object at 0x00000288CC20C850>
2025-05-27 01:07:03 [INFO] adaboost.adaboost:25 - model is <base_models.decision_stump.DecisionStump object at 0x00000288CC1E22E0>
2025-05-27 01:07:04 [INFO] adaboost.adaboost:25 - model is <base_models.decision_stump.DecisionStump object at 0x00000288CC1CFCD0>
2025-05-27 01:07:05 [INFO] adaboost.adaboost:25 - model is <base_models.decision_stump.DecisionStump object at 0x00000288CC1CFC40>
2025-05-27 01:07:05 [INFO] adaboost.adaboost:25 - model is <base_models.decision_stump.DecisionStump object at 0x00000288CD51BF70>
2025-05-27 01:07:06 [INFO] adaboost.adaboost:25 - model is <base_models.decision_stump.DecisionStump object at 0x00000288CD51BFD0>
2025-05-27 01:07:07 [INFO] adaboost.adaboost:25 - model is <base_models.decision_stump.DecisionStump object at 0x00000288CC23E490>
2025-05-27 01:07:08 [INFO] adaboost.adaboost:25 - model is <base_models.decision_stump.DecisionStump object at 0x00000288CD51BEB0>
2025-05-27 01:07:09 [INFO] adaboost.adaboost:25 - model is <base_models.decision_stump.DecisionStump object at 0x00000288CC222160>
2025-05-27 01:07:10 [INFO] adaboost.adaboost:25 - model is <base_models.decision_stump.DecisionStump object at 0x00000288CC2221C0>
2025-05-27 01:07:11 [INFO] adaboost.adaboost:25 - model is <base_models.decision_stump.DecisionStump object at 0x00000288CC222190>
2025-05-27 01:07:11 [INFO] adaboost.adaboost:25 - model is <base_models.decision_stump.DecisionStump object at 0x00000288CC222100>
2025-05-27 01:07:12 [INFO] adaboost.adaboost:25 - model is <base_models.decision_stump.DecisionStump object at 0x00000288CC2221F0>
2025-05-27 01:07:13 [INFO] adaboost.adaboost:25 - model is <base_models.decision_stump.DecisionStump object at 0x00000288CC25F310>
2025-05-27 01:07:14 [INFO] adaboost.adaboost:25 - model is <base_models.decision_stump.DecisionStump object at 0x00000288CC25F5B0>
2025-05-27 01:07:14 [INFO] adaboost.adaboost:25 - model is <base_models.decision_stump.DecisionStump object at 0x00000288CC25F460>
2025-05-27 01:07:15 [INFO] adaboost.adaboost:25 - model is <base_models.decision_stump.DecisionStump object at 0x00000288CC25F640>
2025-05-27 01:07:16 [INFO] adaboost.adaboost:25 - model is <base_models.decision_stump.DecisionStump object at 0x00000288CC25F6A0>
2025-05-27 01:07:16 [INFO] adaboost.adaboost:25 - model is <base_models.decision_stump.DecisionStump object at 0x00000288CC25F700>
2025-05-27 01:07:17 [INFO] adaboost.adaboost:25 - model is <base_models.decision_stump.DecisionStump object at 0x00000288CC25F760>
2025-05-27 01:07:18 [INFO] adaboost.adaboost:25 - model is <base_models.decision_stump.DecisionStump object at 0x00000288CC25F7C0>
2025-05-27 01:07:19 [INFO] adaboost.adaboost:25 - model is <base_models.decision_stump.DecisionStump object at 0x00000288CC25F820>
2025-05-27 01:07:20 [INFO] adaboost.adaboost:25 - model is <base_models.decision_stump.DecisionStump object at 0x00000288CC25F880>
2025-05-27 01:07:20 [INFO] adaboost.adaboost:25 - model is <base_models.decision_stump.DecisionStump object at 0x00000288CC25F8E0>
2025-05-27 01:07:21 [INFO] adaboost.adaboost:25 - model is <base_models.decision_stump.DecisionStump object at 0x00000288CC25F940>
2025-05-27 01:07:22 [INFO] adaboost.adaboost:25 - model is <base_models.decision_stump.DecisionStump object at 0x00000288CC25F9A0>
2025-05-27 01:07:23 [INFO] adaboost.adaboost:25 - model is <base_models.decision_stump.DecisionStump object at 0x00000288CC25FA00>
2025-05-27 01:07:23 [INFO] adaboost.adaboost:25 - model is <base_models.decision_stump.DecisionStump object at 0x00000288CC25FA60>
2025-05-27 01:07:24 [INFO] adaboost.adaboost:25 - model is <base_models.decision_stump.DecisionStump object at 0x00000288CC25FAC0>
2025-05-27 01:07:25 [INFO] adaboost.adaboost:25 - model is <base_models.decision_stump.DecisionStump object at 0x00000288CC25FB20>
2025-05-27 01:07:25 [INFO] adaboost.adaboost:25 - model is <base_models.decision_stump.DecisionStump object at 0x00000288CC25FB80>
2025-05-27 01:07:26 [INFO] adaboost.adaboost:25 - model is <base_models.decision_stump.DecisionStump object at 0x00000288CC25FBE0>
2025-05-27 01:07:26 [INFO] adaboost.adaboost:25 - model is <base_models.decision_stump.DecisionStump object at 0x00000288CC25FC40>
2025-05-27 01:07:27 [INFO] adaboost.adaboost:25 - model is <base_models.decision_stump.DecisionStump object at 0x00000288CC25FCA0>
2025-05-27 01:07:27 [INFO] adaboost.adaboost:25 - model is <base_models.decision_stump.DecisionStump object at 0x00000288CC25FD00>
2025-05-27 01:07:28 [INFO] adaboost.adaboost:25 - model is <base_models.decision_stump.DecisionStump object at 0x00000288CC25FD60>
2025-05-27 01:07:29 [INFO] adaboost.adaboost:25 - model is <base_models.decision_stump.DecisionStump object at 0x00000288CC25FDC0>
2025-05-27 01:07:29 [INFO] adaboost.adaboost:25 - model is <base_models.decision_stump.DecisionStump object at 0x00000288CC25FE20>
2025-05-27 01:07:30 [INFO] adaboost.adaboost:25 - model is <base_models.decision_stump.DecisionStump object at 0x00000288CC25FE80>
2025-05-27 01:07:30 [INFO] adaboost.adaboost:25 - model is <base_models.decision_stump.DecisionStump object at 0x00000288CC25FEE0>
2025-05-27 01:07:31 [INFO] adaboost.adaboost:25 - model is <base_models.decision_stump.DecisionStump object at 0x00000288CC25FF40>
2025-05-27 01:07:32 [INFO] adaboost.adaboost:25 - model is <base_models.decision_stump.DecisionStump object at 0x00000288CC25FFA0>
2025-05-27 01:07:32 [INFO] adaboost.adaboost:25 - model is <base_models.decision_stump.DecisionStump object at 0x00000288CC25F190>
2025-05-27 01:07:33 [INFO] adaboost.adaboost:25 - model is <base_models.decision_stump.DecisionStump object at 0x00000288CC25F1F0>
2025-05-27 01:07:33 [INFO] adaboost.adaboost:25 - model is <base_models.decision_stump.DecisionStump object at 0x00000288CC25F340>
2025-05-27 01:07:34 [INFO] adaboost.adaboost:25 - model is <base_models.decision_stump.DecisionStump object at 0x00000288CC25F490>
2025-05-27 01:07:35 [INFO] adaboost.adaboost:25 - model is <base_models.decision_stump.DecisionStump object at 0x00000288CC25F2E0>
2025-05-27 01:07:35 [INFO] adaboost.adaboost:25 - model is <base_models.decision_stump.DecisionStump object at 0x00000288CC25F5E0>
2025-05-27 01:07:36 [INFO] adaboost.adaboost:25 - model is <base_models.decision_stump.DecisionStump object at 0x00000288CC25F250>
2025-05-27 01:07:37 [INFO] adaboost.adaboost:25 - model is <base_models.decision_stump.DecisionStump object at 0x00000288CC25F2B0>
2025-05-27 01:07:37 [INFO] adaboost.adaboost:25 - model is <base_models.decision_stump.DecisionStump object at 0x00000288CC25F3A0>
2025-05-27 01:07:38 [INFO] adaboost.adaboost:25 - model is <base_models.decision_stump.DecisionStump object at 0x00000288CD3D01F0>
2025-05-27 01:07:39 [INFO] adaboost.adaboost:25 - model is <base_models.decision_stump.DecisionStump object at 0x00000288CD3D0340>
2025-05-27 01:07:39 [INFO] adaboost.adaboost:25 - model is <base_models.decision_stump.DecisionStump object at 0x00000288CD3D0190>
2025-05-27 01:07:40 [INFO] adaboost.adaboost:25 - model is <base_models.decision_stump.DecisionStump object at 0x00000288CD3D0430>
2025-05-27 01:07:40 [INFO] adaboost.adaboost:25 - model is <base_models.decision_stump.DecisionStump object at 0x00000288CD3D0490>
2025-05-27 01:07:41 [INFO] adaboost.adaboost:25 - model is <base_models.decision_stump.DecisionStump object at 0x00000288CD3D04F0>
2025-05-27 01:07:42 [INFO] adaboost.adaboost:25 - model is <base_models.decision_stump.DecisionStump object at 0x00000288CD3D0550>
2025-05-27 01:07:42 [INFO] adaboost.adaboost:25 - model is <base_models.decision_stump.DecisionStump object at 0x00000288CD3D05B0>
2025-05-27 01:07:43 [INFO] adaboost.adaboost:25 - model is <base_models.decision_stump.DecisionStump object at 0x00000288CD3D0610>
2025-05-27 01:07:43 [INFO] adaboost.adaboost:25 - model is <base_models.decision_stump.DecisionStump object at 0x00000288CD3D0670>
2025-05-27 01:07:44 [INFO] adaboost.adaboost:25 - model is <base_models.decision_stump.DecisionStump object at 0x00000288CD3D06D0>
2025-05-27 01:07:44 [INFO] adaboost.adaboost:25 - model is <base_models.decision_stump.DecisionStump object at 0x00000288CD3D0730>
2025-05-27 01:07:45 [INFO] adaboost.adaboost:25 - model is <base_models.decision_stump.DecisionStump object at 0x00000288CD3D0790>
2025-05-27 01:07:46 [INFO] adaboost.adaboost:25 - model is <base_models.decision_stump.DecisionStump object at 0x00000288CD3D07F0>
2025-05-27 01:07:47 [INFO] adaboost.adaboost:25 - model is <base_models.decision_stump.DecisionStump object at 0x00000288CD3D0850>
2025-05-27 01:07:48 [INFO] adaboost.adaboost:25 - model is <base_models.decision_stump.DecisionStump object at 0x00000288CD3D08B0>
2025-05-27 01:07:49 [INFO] adaboost.adaboost:25 - model is <base_models.decision_stump.DecisionStump object at 0x00000288CD3D0910>
2025-05-27 01:07:50 [INFO] adaboost.adaboost:25 - model is <base_models.decision_stump.DecisionStump object at 0x00000288CD3D0970>
2025-05-27 01:07:51 [INFO] adaboost.adaboost:25 - model is <base_models.decision_stump.DecisionStump object at 0x00000288CD3D09D0>
2025-05-27 01:07:52 [INFO] adaboost.adaboost:25 - model is <base_models.decision_stump.DecisionStump object at 0x00000288CD3D0A30>
2025-05-27 01:07:53 [INFO] adaboost.adaboost:25 - model is <base_models.decision_stump.DecisionStump object at 0x00000288CD3D0A90>
2025-05-27 01:07:54 [INFO] adaboost.adaboost:25 - model is <base_models.decision_stump.DecisionStump object at 0x00000288CD3D0AF0>
2025-05-27 01:07:55 [INFO] adaboost.adaboost:25 - model is <base_models.decision_stump.DecisionStump object at 0x00000288CD3D0B50>
2025-05-27 01:07:56 [INFO] adaboost.adaboost:25 - model is <base_models.decision_stump.DecisionStump object at 0x00000288CD3D0BE0>
2025-05-27 01:07:57 [INFO] adaboost.adaboost:25 - model is <base_models.decision_stump.DecisionStump object at 0x00000288CD3D0C40>
2025-05-27 01:07:57 [INFO] adaboost.adaboost:25 - model is <base_models.decision_stump.DecisionStump object at 0x00000288CD3D0CA0>
2025-05-27 01:07:58 [INFO] adaboost.adaboost:25 - model is <base_models.decision_stump.DecisionStump object at 0x00000288CD3D0D00>
2025-05-27 01:07:59 [INFO] adaboost.adaboost:25 - model is <base_models.decision_stump.DecisionStump object at 0x00000288CD3D0D60>
2025-05-27 01:08:00 [INFO] adaboost.adaboost:25 - model is <base_models.decision_stump.DecisionStump object at 0x00000288CD3D0DC0>
2025-05-27 01:08:00 [INFO] adaboost.adaboost:25 - model is <base_models.decision_stump.DecisionStump object at 0x00000288CD3D0E20>
2025-05-27 01:08:01 [INFO] adaboost.adaboost:25 - model is <base_models.decision_stump.DecisionStump object at 0x00000288CD3D0E80>
2025-05-27 01:08:02 [INFO] adaboost.adaboost:25 - model is <base_models.decision_stump.DecisionStump object at 0x00000288CD3D0EE0>
2025-05-27 01:08:02 [INFO] adaboost.adaboost:25 - model is <base_models.decision_stump.DecisionStump object at 0x00000288CD3D0F40>
2025-05-27 01:08:03 [INFO] adaboost.adaboost:25 - model is <base_models.decision_stump.DecisionStump object at 0x00000288CD3D0FA0>
2025-05-27 01:08:04 [INFO] adaboost.adaboost:25 - model is <base_models.decision_stump.DecisionStump object at 0x00000288CD3D0130>
2025-05-27 01:08:04 [INFO] adaboost.adaboost:25 - model is <base_models.decision_stump.DecisionStump object at 0x00000288CD3D0280>
2025-05-27 01:08:05 [INFO] adaboost.adaboost:25 - model is <base_models.decision_stump.DecisionStump object at 0x00000288CD3D02B0>
2025-05-27 01:08:06 [INFO] adaboost.adaboost:25 - model is <base_models.decision_stump.DecisionStump object at 0x00000288CD3D03D0>
2025-05-27 01:08:06 [INFO] adaboost.adaboost:25 - model is <base_models.decision_stump.DecisionStump object at 0x00000288CD3D02E0>
2025-05-27 01:08:07 [INFO] adaboost.adaboost:25 - model is <base_models.decision_stump.DecisionStump object at 0x00000288CD3D0070>
2025-05-27 01:08:08 [INFO] adaboost.adaboost:25 - model is <base_models.decision_stump.DecisionStump object at 0x00000288CD3D0160>
2025-05-27 01:08:08 [INFO] adaboost.adaboost:25 - model is <base_models.decision_stump.DecisionStump object at 0x00000288CC28C220>
2025-05-27 01:08:09 [INFO] adaboost.adaboost:25 - model is <base_models.decision_stump.DecisionStump object at 0x00000288CC28C130>
2025-05-27 01:08:11 [INFO] adaboost.adaboost:25 - model is <base_models.decision_stump.DecisionStump object at 0x00000288CC28C0D0>
2025-05-27 01:08:12 [INFO] adaboost.adaboost:25 - model is <base_models.decision_stump.DecisionStump object at 0x00000288CC28C040>
2025-05-27 01:08:13 [INFO] adaboost.adaboost:25 - model is <base_models.decision_stump.DecisionStump object at 0x00000288CC28C070>
2025-05-27 01:08:14 [INFO] adaboost.adaboost:25 - model is <base_models.decision_stump.DecisionStump object at 0x00000288CC28C160>
2025-05-27 01:08:15 [INFO] adaboost.adaboost:25 - model is <base_models.decision_stump.DecisionStump object at 0x00000288CD4E4130>
2025-05-27 01:08:17 [INFO] adaboost.adaboost:25 - model is <base_models.decision_stump.DecisionStump object at 0x00000288CC22DA90>
2025-05-27 01:08:18 [INFO] adaboost.adaboost:25 - model is <base_models.decision_stump.DecisionStump object at 0x00000288A3A95C70>
2025-05-27 01:08:19 [INFO] adaboost.adaboost:25 - model is <base_models.decision_stump.DecisionStump object at 0x00000288CC20C850>
2025-05-27 01:08:20 [INFO] adaboost.adaboost:25 - model is <base_models.decision_stump.DecisionStump object at 0x00000288CC1CFC40>
2025-05-27 01:08:21 [INFO] adaboost.adaboost:25 - model is <base_models.decision_stump.DecisionStump object at 0x00000288CC1CFF40>
2025-05-27 01:08:22 [INFO] adaboost.adaboost:25 - model is <base_models.decision_stump.DecisionStump object at 0x00000288CD51BEE0>
2025-05-27 01:08:22 [INFO] adaboost.adaboost:25 - model is <base_models.decision_stump.DecisionStump object at 0x00000288CD51BEB0>
2025-05-27 01:08:23 [INFO] adaboost.adaboost:25 - model is <base_models.decision_stump.DecisionStump object at 0x00000288CC23E4C0>
2025-05-27 01:08:24 [INFO] adaboost.adaboost:25 - model is <base_models.decision_stump.DecisionStump object at 0x00000288CD51BFA0>
2025-05-27 01:08:25 [INFO] adaboost.adaboost:25 - model is <base_models.decision_stump.DecisionStump object at 0x00000288CC222250>
2025-05-27 01:08:26 [INFO] adaboost.adaboost:25 - model is <base_models.decision_stump.DecisionStump object at 0x00000288CC222130>
2025-05-27 01:08:27 [INFO] adaboost.adaboost:25 - model is <base_models.decision_stump.DecisionStump object at 0x00000288CC222040>
2025-05-27 01:08:28 [INFO] adaboost.adaboost:25 - model is <base_models.decision_stump.DecisionStump object at 0x00000288CC2220D0>
2025-05-27 01:08:29 [INFO] adaboost.adaboost:25 - model is <base_models.decision_stump.DecisionStump object at 0x00000288CC222160>
2025-05-27 01:08:29 [INFO] adaboost.adaboost:25 - model is <base_models.decision_stump.DecisionStump object at 0x00000288CC25F580>
2025-05-27 01:08:30 [INFO] adaboost.adaboost:25 - model is <base_models.decision_stump.DecisionStump object at 0x00000288CC25F3D0>
2025-05-27 01:08:31 [INFO] adaboost.adaboost:25 - model is <base_models.decision_stump.DecisionStump object at 0x00000288CC25F670>
2025-05-27 01:08:31 [INFO] adaboost.adaboost:25 - model is <base_models.decision_stump.DecisionStump object at 0x00000288CC25F6D0>
2025-05-27 01:08:32 [INFO] adaboost.adaboost:25 - model is <base_models.decision_stump.DecisionStump object at 0x00000288CC25F730>
2025-05-27 01:08:32 [INFO] adaboost.adaboost:25 - model is <base_models.decision_stump.DecisionStump object at 0x00000288CC25F790>
2025-05-27 01:08:33 [INFO] adaboost.adaboost:25 - model is <base_models.decision_stump.DecisionStump object at 0x00000288CC25F7F0>
2025-05-27 01:08:34 [INFO] adaboost.adaboost:25 - model is <base_models.decision_stump.DecisionStump object at 0x00000288CC25F850>
2025-05-27 01:08:34 [INFO] adaboost.adaboost:25 - model is <base_models.decision_stump.DecisionStump object at 0x00000288CC25F8B0>
2025-05-27 01:08:35 [INFO] adaboost.adaboost:25 - model is <base_models.decision_stump.DecisionStump object at 0x00000288CC25F910>
2025-05-27 01:08:36 [INFO] adaboost.adaboost:25 - model is <base_models.decision_stump.DecisionStump object at 0x00000288CC25F970>
2025-05-27 01:08:36 [INFO] adaboost.adaboost:25 - model is <base_models.decision_stump.DecisionStump object at 0x00000288CC25F9D0>
2025-05-27 01:08:37 [INFO] adaboost.adaboost:25 - model is <base_models.decision_stump.DecisionStump object at 0x00000288CC25FA30>
2025-05-27 01:08:37 [INFO] adaboost.adaboost:25 - model is <base_models.decision_stump.DecisionStump object at 0x00000288CC25FA90>
2025-05-27 01:08:38 [INFO] adaboost.adaboost:25 - model is <base_models.decision_stump.DecisionStump object at 0x00000288CC25FAF0>
2025-05-27 01:08:38 [INFO] adaboost.adaboost:25 - model is <base_models.decision_stump.DecisionStump object at 0x00000288CC25FB50>
2025-05-27 01:08:39 [INFO] adaboost.adaboost:25 - model is <base_models.decision_stump.DecisionStump object at 0x00000288CC25FBB0>
2025-05-27 01:08:40 [INFO] adaboost.adaboost:25 - model is <base_models.decision_stump.DecisionStump object at 0x00000288CC25FC10>
2025-05-27 01:08:40 [INFO] adaboost.adaboost:25 - model is <base_models.decision_stump.DecisionStump object at 0x00000288CC25FC70>
2025-05-27 01:08:41 [INFO] adaboost.adaboost:25 - model is <base_models.decision_stump.DecisionStump object at 0x00000288CC25FCD0>
2025-05-27 01:08:41 [INFO] adaboost.adaboost:25 - model is <base_models.decision_stump.DecisionStump object at 0x00000288CC25FD30>
2025-05-27 01:08:42 [INFO] adaboost.adaboost:25 - model is <base_models.decision_stump.DecisionStump object at 0x00000288CC25FD90>
2025-05-27 01:08:42 [INFO] adaboost.adaboost:25 - model is <base_models.decision_stump.DecisionStump object at 0x00000288CC25FDF0>
2025-05-27 01:08:43 [INFO] adaboost.adaboost:25 - model is <base_models.decision_stump.DecisionStump object at 0x00000288CC25FE50>
2025-05-27 01:08:43 [INFO] adaboost.adaboost:25 - model is <base_models.decision_stump.DecisionStump object at 0x00000288CC25FEB0>
2025-05-27 01:08:44 [INFO] adaboost.adaboost:25 - model is <base_models.decision_stump.DecisionStump object at 0x00000288CC25FF10>
2025-05-27 01:08:45 [INFO] adaboost.adaboost:25 - model is <base_models.decision_stump.DecisionStump object at 0x00000288CC25FF70>
2025-05-27 01:08:45 [INFO] adaboost.adaboost:25 - model is <base_models.decision_stump.DecisionStump object at 0x00000288CC25FFD0>
2025-05-27 01:08:46 [INFO] adaboost.adaboost:25 - model is <base_models.decision_stump.DecisionStump object at 0x00000288CC25F1C0>
2025-05-27 01:08:46 [INFO] adaboost.adaboost:25 - model is <base_models.decision_stump.DecisionStump object at 0x00000288CC25F370>
2025-05-27 01:08:47 [INFO] adaboost.adaboost:25 - model is <base_models.decision_stump.DecisionStump object at 0x00000288CC25F4C0>
2025-05-27 01:08:47 [INFO] adaboost.adaboost:25 - model is <base_models.decision_stump.DecisionStump object at 0x00000288CC25F4F0>
2025-05-27 01:08:48 [INFO] adaboost.adaboost:25 - model is <base_models.decision_stump.DecisionStump object at 0x00000288CC25F610>
2025-05-27 01:08:49 [INFO] adaboost.adaboost:25 - model is <base_models.decision_stump.DecisionStump object at 0x00000288CC25F520>
2025-05-27 01:08:49 [INFO] adaboost.adaboost:25 - model is <base_models.decision_stump.DecisionStump object at 0x00000288CC25F550>
2025-05-27 01:08:50 [INFO] adaboost.adaboost:25 - model is <base_models.decision_stump.DecisionStump object at 0x00000288CC25F400>
2025-05-27 01:08:50 [INFO] adaboost.adaboost:25 - model is <base_models.decision_stump.DecisionStump object at 0x00000288CC25F3A0>
2025-05-27 01:08:51 [INFO] adaboost.adaboost:25 - model is <base_models.decision_stump.DecisionStump object at 0x00000288CC25F430>
2025-05-27 01:08:51 [INFO] adaboost.adaboost:25 - model is <base_models.decision_stump.DecisionStump object at 0x00000288CD3D0220>
2025-05-27 01:08:52 [INFO] adaboost.adaboost:25 - model is <base_models.decision_stump.DecisionStump object at 0x00000288CD3D0400>
2025-05-27 01:08:53 [INFO] adaboost.adaboost:25 - model is <base_models.decision_stump.DecisionStump object at 0x00000288CD3D0460>
2025-05-27 01:08:53 [INFO] adaboost.adaboost:25 - model is <base_models.decision_stump.DecisionStump object at 0x00000288CD3D04C0>
2025-05-27 01:08:54 [INFO] adaboost.adaboost:25 - model is <base_models.decision_stump.DecisionStump object at 0x00000288CD3D0520>
2025-05-27 01:08:55 [INFO] adaboost.adaboost:25 - model is <base_models.decision_stump.DecisionStump object at 0x00000288CD3D0580>
2025-05-27 01:08:55 [INFO] adaboost.adaboost:25 - model is <base_models.decision_stump.DecisionStump object at 0x00000288CD3D05E0>
2025-05-27 01:08:56 [INFO] adaboost.adaboost:25 - model is <base_models.decision_stump.DecisionStump object at 0x00000288CD3D0640>
2025-05-27 01:08:56 [INFO] adaboost.adaboost:25 - model is <base_models.decision_stump.DecisionStump object at 0x00000288CD3D06A0>
2025-05-27 01:08:57 [INFO] adaboost.adaboost:25 - model is <base_models.decision_stump.DecisionStump object at 0x00000288CD3D0700>
2025-05-27 01:08:58 [INFO] adaboost.adaboost:25 - model is <base_models.decision_stump.DecisionStump object at 0x00000288CD3D0760>
2025-05-27 01:08:58 [INFO] adaboost.adaboost:25 - model is <base_models.decision_stump.DecisionStump object at 0x00000288CD3D07C0>
2025-05-27 01:08:59 [INFO] adaboost.adaboost:25 - model is <base_models.decision_stump.DecisionStump object at 0x00000288CD3D0820>
2025-05-27 01:08:59 [INFO] adaboost.adaboost:25 - model is <base_models.decision_stump.DecisionStump object at 0x00000288CD3D0880>
2025-05-27 01:09:00 [INFO] adaboost.adaboost:25 - model is <base_models.decision_stump.DecisionStump object at 0x00000288CD3D08E0>
2025-05-27 01:09:01 [INFO] adaboost.adaboost:25 - model is <base_models.decision_stump.DecisionStump object at 0x00000288CD3D0940>
2025-05-27 01:09:01 [INFO] adaboost.adaboost:25 - model is <base_models.decision_stump.DecisionStump object at 0x00000288CD3D09A0>
2025-05-27 01:09:02 [INFO] adaboost.adaboost:25 - model is <base_models.decision_stump.DecisionStump object at 0x00000288CD3D0A00>
2025-05-27 01:09:02 [INFO] adaboost.adaboost:25 - model is <base_models.decision_stump.DecisionStump object at 0x00000288CD3D0A60>
2025-05-27 01:09:03 [INFO] adaboost.adaboost:25 - model is <base_models.decision_stump.DecisionStump object at 0x00000288CD3D0AC0>
2025-05-27 01:09:04 [INFO] adaboost.adaboost:25 - model is <base_models.decision_stump.DecisionStump object at 0x00000288CD3D0B20>
2025-05-27 01:09:04 [INFO] adaboost.adaboost:25 - model is <base_models.decision_stump.DecisionStump object at 0x00000288CD3D0B80>
2025-05-27 01:09:05 [INFO] adaboost.adaboost:25 - model is <base_models.decision_stump.DecisionStump object at 0x00000288CD3D0C10>
2025-05-27 01:09:06 [INFO] adaboost.adaboost:25 - model is <base_models.decision_stump.DecisionStump object at 0x00000288CD3D0C70>
2025-05-27 01:09:06 [INFO] adaboost.adaboost:25 - model is <base_models.decision_stump.DecisionStump object at 0x00000288CD3D0CD0>
2025-05-27 01:09:07 [INFO] adaboost.adaboost:25 - model is <base_models.decision_stump.DecisionStump object at 0x00000288CD3D0D30>
2025-05-27 01:09:08 [INFO] adaboost.adaboost:25 - model is <base_models.decision_stump.DecisionStump object at 0x00000288CD3D0D90>
2025-05-27 01:09:08 [INFO] adaboost.adaboost:25 - model is <base_models.decision_stump.DecisionStump object at 0x00000288CD3D0DF0>
2025-05-27 01:09:09 [INFO] adaboost.adaboost:25 - model is <base_models.decision_stump.DecisionStump object at 0x00000288CD3D0E50>
2025-05-27 01:09:10 [INFO] adaboost.adaboost:25 - model is <base_models.decision_stump.DecisionStump object at 0x00000288CD3D0EB0>
2025-05-27 01:09:10 [INFO] adaboost.adaboost:25 - model is <base_models.decision_stump.DecisionStump object at 0x00000288CD3D0F10>
2025-05-27 01:09:11 [INFO] adaboost.adaboost:25 - model is <base_models.decision_stump.DecisionStump object at 0x00000288CD3D0F70>
2025-05-27 01:09:12 [INFO] adaboost.adaboost:25 - model is <base_models.decision_stump.DecisionStump object at 0x00000288CD3D0FD0>
2025-05-27 01:09:12 [INFO] adaboost.adaboost:25 - model is <base_models.decision_stump.DecisionStump object at 0x00000288CD3D0100>
2025-05-27 01:09:13 [INFO] adaboost.adaboost:25 - model is <base_models.decision_stump.DecisionStump object at 0x00000288CD3D0250>
2025-05-27 01:09:14 [INFO] adaboost.adaboost:25 - model is <base_models.decision_stump.DecisionStump object at 0x00000288CD3D00A0>
2025-05-27 01:09:14 [INFO] adaboost.adaboost:25 - model is <base_models.decision_stump.DecisionStump object at 0x00000288CD3D03A0>
2025-05-27 01:09:15 [INFO] adaboost.adaboost:25 - model is <base_models.decision_stump.DecisionStump object at 0x00000288CD3D0310>
2025-05-27 01:09:16 [INFO] adaboost.adaboost:25 - model is <base_models.decision_stump.DecisionStump object at 0x00000288CD3D0040>
2025-05-27 01:09:16 [INFO] adaboost.adaboost:25 - model is <base_models.decision_stump.DecisionStump object at 0x00000288CD3D00D0>
2025-05-27 01:09:17 [INFO] adaboost.adaboost:25 - model is <base_models.decision_stump.DecisionStump object at 0x00000288CD3D01C0>
2025-05-27 01:09:18 [INFO] adaboost.adaboost:25 - model is <base_models.decision_stump.DecisionStump object at 0x00000288CC28C190>
2025-05-27 01:09:19 [INFO] adaboost.adaboost:25 - model is <base_models.decision_stump.DecisionStump object at 0x00000288CC28C1C0>
2025-05-27 01:09:20 [INFO] adaboost.adaboost:25 - model is <base_models.decision_stump.DecisionStump object at 0x00000288CC28C100>
2025-05-27 01:09:21 [INFO] adaboost.adaboost:25 - model is <base_models.decision_stump.DecisionStump object at 0x00000288CC28C1F0>
2025-05-27 01:09:22 [INFO] adaboost.adaboost:25 - model is <base_models.decision_stump.DecisionStump object at 0x00000288CC28C160>
2025-05-27 01:09:22 [INFO] adaboost.adaboost:25 - model is <base_models.decision_stump.DecisionStump object at 0x00000288CC28C0A0>
2025-05-27 01:09:23 [INFO] adaboost.adaboost:25 - model is <base_models.decision_stump.DecisionStump object at 0x00000288CD4E4160>
2025-05-27 01:09:24 [INFO] adaboost.adaboost:25 - model is <base_models.decision_stump.DecisionStump object at 0x00000288CC22DA90>
2025-05-27 01:09:25 [INFO] adaboost.adaboost:25 - model is <base_models.decision_stump.DecisionStump object at 0x00000288CC20CB50>
2025-05-27 01:09:25 [INFO] adaboost.adaboost:25 - model is <base_models.decision_stump.DecisionStump object at 0x00000288A3A95C70>
2025-05-27 01:09:26 [INFO] adaboost.adaboost:25 - model is <base_models.decision_stump.DecisionStump object at 0x00000288CC1CFF40>
2025-05-27 01:09:27 [INFO] adaboost.adaboost:25 - model is <base_models.decision_stump.DecisionStump object at 0x00000288CC1CFCD0>
2025-05-27 01:09:27 [INFO] adaboost.adaboost:25 - model is <base_models.decision_stump.DecisionStump object at 0x00000288CD51BF70>
2025-05-27 01:09:28 [INFO] adaboost.adaboost:25 - model is <base_models.decision_stump.DecisionStump object at 0x00000288CD51BFA0>
2025-05-27 01:09:29 [INFO] adaboost.adaboost:25 - model is <base_models.decision_stump.DecisionStump object at 0x00000288CC23E490>
2025-05-27 01:09:29 [INFO] adaboost.adaboost:25 - model is <base_models.decision_stump.DecisionStump object at 0x00000288CD51BF10>
2025-05-27 01:09:30 [INFO] adaboost.adaboost:25 - model is <base_models.decision_stump.DecisionStump object at 0x00000288CC222190>
2025-05-27 01:09:31 [INFO] adaboost.adaboost:25 - model is <base_models.decision_stump.DecisionStump object at 0x00000288CC222100>
2025-05-27 01:09:31 [INFO] adaboost.adaboost:25 - model is <base_models.decision_stump.DecisionStump object at 0x00000288CC2221F0>
2025-05-27 01:09:32 [INFO] adaboost.adaboost:25 - model is <base_models.decision_stump.DecisionStump object at 0x00000288CC222220>
2025-05-27 01:09:32 [INFO] adaboost.adaboost:25 - model is <base_models.decision_stump.DecisionStump object at 0x00000288CC222250>
2025-05-27 01:09:33 [INFO] adaboost.adaboost:25 - model is <base_models.decision_stump.DecisionStump object at 0x00000288CC25F460>
2025-05-27 01:09:34 [INFO] adaboost.adaboost:25 - model is <base_models.decision_stump.DecisionStump object at 0x00000288CC25F640>
2025-05-27 01:09:34 [INFO] adaboost.adaboost:25 - model is <base_models.decision_stump.DecisionStump object at 0x00000288CC25F6A0>
2025-05-27 01:09:35 [INFO] adaboost.adaboost:25 - model is <base_models.decision_stump.DecisionStump object at 0x00000288CC25F700>
2025-05-27 01:09:36 [INFO] adaboost.adaboost:25 - model is <base_models.decision_stump.DecisionStump object at 0x00000288CC25F760>
2025-05-27 01:09:37 [INFO] adaboost.adaboost:25 - model is <base_models.decision_stump.DecisionStump object at 0x00000288CC25F7C0>
2025-05-27 01:09:38 [INFO] adaboost.adaboost:25 - model is <base_models.decision_stump.DecisionStump object at 0x00000288CC25F820>
2025-05-27 01:09:39 [INFO] adaboost.adaboost:25 - model is <base_models.decision_stump.DecisionStump object at 0x00000288CC25F880>
2025-05-27 01:09:40 [INFO] adaboost.adaboost:25 - model is <base_models.decision_stump.DecisionStump object at 0x00000288CC25F8E0>
2025-05-27 01:09:40 [INFO] adaboost.adaboost:25 - model is <base_models.decision_stump.DecisionStump object at 0x00000288CC25F940>
2025-05-27 01:09:41 [INFO] adaboost.adaboost:25 - model is <base_models.decision_stump.DecisionStump object at 0x00000288CC25F9A0>
2025-05-27 01:09:42 [INFO] adaboost.adaboost:25 - model is <base_models.decision_stump.DecisionStump object at 0x00000288CC25FA00>
2025-05-27 01:09:43 [INFO] adaboost.adaboost:25 - model is <base_models.decision_stump.DecisionStump object at 0x00000288CC25FA60>
2025-05-27 01:09:44 [INFO] adaboost.adaboost:25 - model is <base_models.decision_stump.DecisionStump object at 0x00000288CC25FAC0>
2025-05-27 01:09:45 [INFO] adaboost.adaboost:25 - model is <base_models.decision_stump.DecisionStump object at 0x00000288CC25FB20>
2025-05-27 01:09:45 [INFO] adaboost.adaboost:25 - model is <base_models.decision_stump.DecisionStump object at 0x00000288CC25FB80>
2025-05-27 01:09:46 [INFO] adaboost.adaboost:25 - model is <base_models.decision_stump.DecisionStump object at 0x00000288CC25FBE0>
2025-05-27 01:09:47 [INFO] adaboost.adaboost:25 - model is <base_models.decision_stump.DecisionStump object at 0x00000288CC25FC40>
2025-05-27 01:09:47 [INFO] adaboost.adaboost:25 - model is <base_models.decision_stump.DecisionStump object at 0x00000288CC25FCA0>
2025-05-27 01:09:48 [INFO] adaboost.adaboost:25 - model is <base_models.decision_stump.DecisionStump object at 0x00000288CC25FD00>
2025-05-27 01:09:49 [INFO] adaboost.adaboost:25 - model is <base_models.decision_stump.DecisionStump object at 0x00000288CC25FD60>
2025-05-27 01:09:50 [INFO] adaboost.adaboost:25 - model is <base_models.decision_stump.DecisionStump object at 0x00000288CC25FDC0>
2025-05-27 01:09:50 [INFO] adaboost.adaboost:25 - model is <base_models.decision_stump.DecisionStump object at 0x00000288CC25FE20>
2025-05-27 01:09:51 [INFO] adaboost.adaboost:25 - model is <base_models.decision_stump.DecisionStump object at 0x00000288CC25FE80>
2025-05-27 01:09:51 [INFO] adaboost.adaboost:25 - model is <base_models.decision_stump.DecisionStump object at 0x00000288CC25FEE0>
2025-05-27 01:09:52 [INFO] adaboost.adaboost:25 - model is <base_models.decision_stump.DecisionStump object at 0x00000288CC25FF40>
2025-05-27 01:09:53 [INFO] adaboost.adaboost:25 - model is <base_models.decision_stump.DecisionStump object at 0x00000288CC25FFA0>
2025-05-27 01:09:54 [INFO] adaboost.adaboost:25 - model is <base_models.decision_stump.DecisionStump object at 0x00000288CC25F190>
2025-05-27 01:09:55 [INFO] adaboost.adaboost:25 - model is <base_models.decision_stump.DecisionStump object at 0x00000288CC25F1F0>
2025-05-27 01:09:55 [INFO] adaboost.adaboost:25 - model is <base_models.decision_stump.DecisionStump object at 0x00000288CC25F340>
2025-05-27 01:09:56 [INFO] adaboost.adaboost:25 - model is <base_models.decision_stump.DecisionStump object at 0x00000288CC25F490>
2025-05-27 01:09:57 [INFO] adaboost.adaboost:25 - model is <base_models.decision_stump.DecisionStump object at 0x00000288CC25F2E0>
2025-05-27 01:09:58 [INFO] adaboost.adaboost:25 - model is <base_models.decision_stump.DecisionStump object at 0x00000288CC25F5E0>
2025-05-27 01:09:58 [INFO] adaboost.adaboost:25 - model is <base_models.decision_stump.DecisionStump object at 0x00000288CC25F250>
2025-05-27 01:09:59 [INFO] adaboost.adaboost:25 - model is <base_models.decision_stump.DecisionStump object at 0x00000288CC25F2B0>
2025-05-27 01:10:00 [INFO] adaboost.adaboost:25 - model is <base_models.decision_stump.DecisionStump object at 0x00000288CC25F310>
2025-05-27 01:10:01 [INFO] adaboost.adaboost:25 - model is <base_models.decision_stump.DecisionStump object at 0x00000288CC25F430>
2025-05-27 01:10:02 [INFO] adaboost.adaboost:25 - model is <base_models.decision_stump.DecisionStump object at 0x00000288CC25F5B0>
2025-05-27 01:10:02 [INFO] adaboost.adaboost:25 - model is <base_models.decision_stump.DecisionStump object at 0x00000288CD3D0190>
2025-05-27 01:10:03 [INFO] adaboost.adaboost:25 - model is <base_models.decision_stump.DecisionStump object at 0x00000288CD3D0430>
2025-05-27 01:10:04 [INFO] adaboost.adaboost:25 - model is <base_models.decision_stump.DecisionStump object at 0x00000288CD3D0490>
2025-05-27 01:10:05 [INFO] adaboost.adaboost:25 - model is <base_models.decision_stump.DecisionStump object at 0x00000288CD3D04F0>
2025-05-27 01:10:06 [INFO] adaboost.adaboost:25 - model is <base_models.decision_stump.DecisionStump object at 0x00000288CD3D0550>
2025-05-27 01:10:07 [INFO] adaboost.adaboost:25 - model is <base_models.decision_stump.DecisionStump object at 0x00000288CD3D05B0>
2025-05-27 01:10:08 [INFO] adaboost.adaboost:25 - model is <base_models.decision_stump.DecisionStump object at 0x00000288CD3D0610>
2025-05-27 01:10:09 [INFO] adaboost.adaboost:25 - model is <base_models.decision_stump.DecisionStump object at 0x00000288CD3D0670>
2025-05-27 01:10:09 [INFO] adaboost.adaboost:25 - model is <base_models.decision_stump.DecisionStump object at 0x00000288CD3D06D0>
2025-05-27 01:10:10 [INFO] adaboost.adaboost:25 - model is <base_models.decision_stump.DecisionStump object at 0x00000288CD3D0730>
2025-05-27 01:10:11 [INFO] adaboost.adaboost:25 - model is <base_models.decision_stump.DecisionStump object at 0x00000288CD3D0790>
2025-05-27 01:10:11 [INFO] adaboost.adaboost:25 - model is <base_models.decision_stump.DecisionStump object at 0x00000288CD3D07F0>
2025-05-27 01:10:12 [INFO] adaboost.adaboost:25 - model is <base_models.decision_stump.DecisionStump object at 0x00000288CD3D0850>
2025-05-27 01:10:12 [INFO] adaboost.adaboost:25 - model is <base_models.decision_stump.DecisionStump object at 0x00000288CD3D08B0>
2025-05-27 01:10:13 [INFO] adaboost.adaboost:25 - model is <base_models.decision_stump.DecisionStump object at 0x00000288CD3D0910>
2025-05-27 01:10:14 [INFO] adaboost.adaboost:25 - model is <base_models.decision_stump.DecisionStump object at 0x00000288CD3D0970>
2025-05-27 01:10:14 [INFO] adaboost.adaboost:25 - model is <base_models.decision_stump.DecisionStump object at 0x00000288CD3D09D0>
2025-05-27 01:10:15 [INFO] adaboost.adaboost:25 - model is <base_models.decision_stump.DecisionStump object at 0x00000288CD3D0A30>
2025-05-27 01:10:15 [INFO] adaboost.adaboost:25 - model is <base_models.decision_stump.DecisionStump object at 0x00000288CD3D0A90>
2025-05-27 01:10:16 [INFO] adaboost.adaboost:25 - model is <base_models.decision_stump.DecisionStump object at 0x00000288CD3D0AF0>
2025-05-27 01:10:17 [INFO] adaboost.adaboost:25 - model is <base_models.decision_stump.DecisionStump object at 0x00000288CD3D0B50>
2025-05-27 01:10:17 [INFO] adaboost.adaboost:25 - model is <base_models.decision_stump.DecisionStump object at 0x00000288CD3D0BE0>
2025-05-27 01:10:18 [INFO] adaboost.adaboost:25 - model is <base_models.decision_stump.DecisionStump object at 0x00000288CD3D0C40>
2025-05-27 01:10:18 [INFO] adaboost.adaboost:25 - model is <base_models.decision_stump.DecisionStump object at 0x00000288CD3D0CA0>
2025-05-27 01:10:19 [INFO] adaboost.adaboost:25 - model is <base_models.decision_stump.DecisionStump object at 0x00000288CD3D0D00>
2025-05-27 01:10:20 [INFO] adaboost.adaboost:25 - model is <base_models.decision_stump.DecisionStump object at 0x00000288CD3D0D60>
2025-05-27 01:10:20 [INFO] adaboost.adaboost:25 - model is <base_models.decision_stump.DecisionStump object at 0x00000288CD3D0DC0>
2025-05-27 01:10:21 [INFO] adaboost.adaboost:25 - model is <base_models.decision_stump.DecisionStump object at 0x00000288CD3D0E20>
2025-05-27 01:10:21 [INFO] adaboost.adaboost:25 - model is <base_models.decision_stump.DecisionStump object at 0x00000288CD3D0E80>
2025-05-27 01:10:22 [INFO] adaboost.adaboost:25 - model is <base_models.decision_stump.DecisionStump object at 0x00000288CD3D0EE0>
2025-05-27 01:10:23 [INFO] adaboost.adaboost:25 - model is <base_models.decision_stump.DecisionStump object at 0x00000288CD3D0F40>
2025-05-27 01:10:23 [INFO] adaboost.adaboost:25 - model is <base_models.decision_stump.DecisionStump object at 0x00000288CD3D0FA0>
2025-05-27 01:10:24 [INFO] adaboost.adaboost:25 - model is <base_models.decision_stump.DecisionStump object at 0x00000288CD3D0130>
2025-05-27 01:10:24 [INFO] adaboost.adaboost:25 - model is <base_models.decision_stump.DecisionStump object at 0x00000288CD3D0280>
2025-05-27 01:10:25 [INFO] adaboost.adaboost:25 - model is <base_models.decision_stump.DecisionStump object at 0x00000288CD3D02B0>
2025-05-27 01:10:26 [INFO] adaboost.adaboost:25 - model is <base_models.decision_stump.DecisionStump object at 0x00000288CD3D03D0>
2025-05-27 01:10:26 [INFO] adaboost.adaboost:25 - model is <base_models.decision_stump.DecisionStump object at 0x00000288CD3D02E0>
2025-05-27 01:10:27 [INFO] adaboost.adaboost:25 - model is <base_models.decision_stump.DecisionStump object at 0x00000288CD3D0070>
2025-05-27 01:10:28 [INFO] adaboost.adaboost:25 - model is <base_models.decision_stump.DecisionStump object at 0x00000288CD3D0160>
2025-05-27 01:10:28 [INFO] adaboost.adaboost:25 - model is <base_models.decision_stump.DecisionStump object at 0x00000288CD3D01F0>
2025-05-27 01:10:29 [INFO] adaboost.adaboost:25 - model is <base_models.decision_stump.DecisionStump object at 0x00000288CD3D0370>
2025-05-27 01:10:30 [INFO] adaboost.adaboost:25 - model is <base_models.decision_stump.DecisionStump object at 0x00000288CC28C0D0>
2025-05-27 01:10:30 [INFO] adaboost.adaboost:25 - model is <base_models.decision_stump.DecisionStump object at 0x00000288CC28C040>
2025-05-27 01:10:31 [INFO] adaboost.adaboost:25 - model is <base_models.decision_stump.DecisionStump object at 0x00000288CC28C070>
2025-05-27 01:10:32 [INFO] adaboost.adaboost:25 - model is <base_models.decision_stump.DecisionStump object at 0x00000288CC28C220>
2025-05-27 01:10:32 [INFO] adaboost.adaboost:25 - model is <base_models.decision_stump.DecisionStump object at 0x00000288CC28C0A0>
2025-05-27 01:10:33 [INFO] adaboost.adaboost:25 - model is <base_models.decision_stump.DecisionStump object at 0x00000288CC28C130>
2025-05-27 01:10:34 [INFO] adaboost.adaboost:25 - model is <base_models.decision_stump.DecisionStump object at 0x00000288CD4E4130>
2025-05-27 01:10:34 [INFO] adaboost.adaboost:25 - model is <base_models.decision_stump.DecisionStump object at 0x00000288CC22DA90>
2025-05-27 01:10:35 [INFO] adaboost.adaboost:25 - model is <base_models.decision_stump.DecisionStump object at 0x00000288CC1E22E0>
2025-05-27 01:10:36 [INFO] adaboost.adaboost:25 - model is <base_models.decision_stump.DecisionStump object at 0x00000288CC20CB50>
2025-05-27 01:10:36 [INFO] adaboost.adaboost:25 - model is <base_models.decision_stump.DecisionStump object at 0x00000288CC1CFCD0>
2025-05-27 01:10:37 [INFO] adaboost.adaboost:25 - model is <base_models.decision_stump.DecisionStump object at 0x00000288CC1CFC40>
2025-05-27 01:10:38 [INFO] adaboost.adaboost:25 - model is <base_models.decision_stump.DecisionStump object at 0x00000288CD51BEE0>
2025-05-27 01:10:38 [INFO] adaboost.adaboost:25 - model is <base_models.decision_stump.DecisionStump object at 0x00000288CD51BF10>
2025-05-27 01:10:39 [INFO] adaboost.adaboost:25 - model is <base_models.decision_stump.DecisionStump object at 0x00000288CC23E4C0>
2025-05-27 01:10:40 [INFO] adaboost.adaboost:25 - model is <base_models.decision_stump.DecisionStump object at 0x00000288CD51BFD0>
2025-05-27 01:10:41 [INFO] adaboost.adaboost:25 - model is <base_models.decision_stump.DecisionStump object at 0x00000288CC222040>
2025-05-27 01:10:41 [INFO] adaboost.adaboost:25 - model is <base_models.decision_stump.DecisionStump object at 0x00000288CC2220D0>
2025-05-27 01:10:42 [INFO] adaboost.adaboost:25 - model is <base_models.decision_stump.DecisionStump object at 0x00000288CC222160>
2025-05-27 01:10:43 [INFO] adaboost.adaboost:25 - model is <base_models.decision_stump.DecisionStump object at 0x00000288CC2221C0>
2025-05-27 01:10:43 [INFO] adaboost.adaboost:25 - model is <base_models.decision_stump.DecisionStump object at 0x00000288CC222190>
2025-05-27 01:10:44 [INFO] adaboost.adaboost:25 - model is <base_models.decision_stump.DecisionStump object at 0x00000288CC25F670>
2025-05-27 01:10:45 [INFO] adaboost.adaboost:25 - model is <base_models.decision_stump.DecisionStump object at 0x00000288CC25F6D0>
2025-05-27 01:10:46 [INFO] adaboost.adaboost:25 - model is <base_models.decision_stump.DecisionStump object at 0x00000288CC25F730>
2025-05-27 01:10:46 [INFO] adaboost.adaboost:25 - model is <base_models.decision_stump.DecisionStump object at 0x00000288CC25F790>
2025-05-27 01:10:47 [INFO] adaboost.adaboost:25 - model is <base_models.decision_stump.DecisionStump object at 0x00000288CC25F7F0>
2025-05-27 01:10:48 [INFO] adaboost.adaboost:25 - model is <base_models.decision_stump.DecisionStump object at 0x00000288CC25F850>
2025-05-27 01:10:48 [INFO] adaboost.adaboost:25 - model is <base_models.decision_stump.DecisionStump object at 0x00000288CC25F8B0>
2025-05-27 01:10:49 [INFO] adaboost.adaboost:25 - model is <base_models.decision_stump.DecisionStump object at 0x00000288CC25F910>
2025-05-27 01:10:50 [INFO] adaboost.adaboost:25 - model is <base_models.decision_stump.DecisionStump object at 0x00000288CC25F970>
2025-05-27 01:10:50 [INFO] adaboost.adaboost:25 - model is <base_models.decision_stump.DecisionStump object at 0x00000288CC25F9D0>
2025-05-27 01:10:51 [INFO] adaboost.adaboost:25 - model is <base_models.decision_stump.DecisionStump object at 0x00000288CC25FA30>
2025-05-27 01:10:52 [INFO] adaboost.adaboost:25 - model is <base_models.decision_stump.DecisionStump object at 0x00000288CC25FA90>
2025-05-27 01:10:52 [INFO] adaboost.adaboost:25 - model is <base_models.decision_stump.DecisionStump object at 0x00000288CC25FAF0>
2025-05-27 01:10:53 [INFO] adaboost.adaboost:25 - model is <base_models.decision_stump.DecisionStump object at 0x00000288CC25FB50>
2025-05-27 01:10:54 [INFO] adaboost.adaboost:25 - model is <base_models.decision_stump.DecisionStump object at 0x00000288CC25FBB0>
2025-05-27 01:10:54 [INFO] adaboost.adaboost:25 - model is <base_models.decision_stump.DecisionStump object at 0x00000288CC25FC10>
2025-05-27 01:10:55 [INFO] adaboost.adaboost:25 - model is <base_models.decision_stump.DecisionStump object at 0x00000288CC25FC70>
2025-05-27 01:10:56 [INFO] adaboost.adaboost:25 - model is <base_models.decision_stump.DecisionStump object at 0x00000288CC25FCD0>
2025-05-27 01:10:56 [INFO] adaboost.adaboost:25 - model is <base_models.decision_stump.DecisionStump object at 0x00000288CC25FD30>
2025-05-27 01:10:57 [INFO] adaboost.adaboost:25 - model is <base_models.decision_stump.DecisionStump object at 0x00000288CC25FD90>
2025-05-27 01:10:58 [INFO] adaboost.adaboost:25 - model is <base_models.decision_stump.DecisionStump object at 0x00000288CC25FDF0>
2025-05-27 01:10:58 [INFO] adaboost.adaboost:25 - model is <base_models.decision_stump.DecisionStump object at 0x00000288CC25FE50>
2025-05-27 01:10:59 [INFO] adaboost.adaboost:25 - model is <base_models.decision_stump.DecisionStump object at 0x00000288CC25FEB0>
2025-05-27 01:11:00 [INFO] adaboost.adaboost:25 - model is <base_models.decision_stump.DecisionStump object at 0x00000288CC25FF10>
2025-05-27 01:11:00 [INFO] adaboost.adaboost:25 - model is <base_models.decision_stump.DecisionStump object at 0x00000288CC25FF70>
2025-05-27 01:11:01 [INFO] adaboost.adaboost:25 - model is <base_models.decision_stump.DecisionStump object at 0x00000288CC25FFD0>
2025-05-27 01:11:02 [INFO] adaboost.adaboost:25 - model is <base_models.decision_stump.DecisionStump object at 0x00000288CC25F1C0>
2025-05-27 01:11:02 [INFO] adaboost.adaboost:25 - model is <base_models.decision_stump.DecisionStump object at 0x00000288CC25F370>
2025-05-27 01:11:03 [INFO] adaboost.adaboost:25 - model is <base_models.decision_stump.DecisionStump object at 0x00000288CC25F4C0>
2025-05-27 01:11:04 [INFO] adaboost.adaboost:25 - model is <base_models.decision_stump.DecisionStump object at 0x00000288CC25F4F0>
2025-05-27 01:11:04 [INFO] adaboost.adaboost:25 - model is <base_models.decision_stump.DecisionStump object at 0x00000288CC25F610>
2025-05-27 01:11:05 [INFO] adaboost.adaboost:25 - model is <base_models.decision_stump.DecisionStump object at 0x00000288CC25F520>
2025-05-27 01:11:06 [INFO] adaboost.adaboost:25 - model is <base_models.decision_stump.DecisionStump object at 0x00000288CC25F550>
2025-05-27 01:11:06 [INFO] adaboost.adaboost:25 - model is <base_models.decision_stump.DecisionStump object at 0x00000288CC25F400>
2025-05-27 01:11:07 [INFO] adaboost.adaboost:25 - model is <base_models.decision_stump.DecisionStump object at 0x00000288CC25F3A0>
2025-05-27 01:11:07 [INFO] adaboost.adaboost:25 - model is <base_models.decision_stump.DecisionStump object at 0x00000288CC25F580>
2025-05-27 01:11:08 [INFO] adaboost.adaboost:25 - model is <base_models.decision_stump.DecisionStump object at 0x00000288CC25F5B0>
2025-05-27 01:11:09 [INFO] adaboost.adaboost:25 - model is <base_models.decision_stump.DecisionStump object at 0x00000288CC25F3D0>
2025-05-27 01:11:09 [INFO] adaboost.adaboost:25 - model is <base_models.decision_stump.DecisionStump object at 0x00000288CD3D0460>
2025-05-27 01:11:10 [INFO] adaboost.adaboost:25 - model is <base_models.decision_stump.DecisionStump object at 0x00000288CD3D04C0>
2025-05-27 01:11:10 [INFO] adaboost.adaboost:25 - model is <base_models.decision_stump.DecisionStump object at 0x00000288CD3D0520>
2025-05-27 01:11:11 [INFO] adaboost.adaboost:25 - model is <base_models.decision_stump.DecisionStump object at 0x00000288CD3D0580>
2025-05-27 01:11:12 [INFO] adaboost.adaboost:25 - model is <base_models.decision_stump.DecisionStump object at 0x00000288CD3D05E0>
2025-05-27 01:11:12 [INFO] adaboost.adaboost:25 - model is <base_models.decision_stump.DecisionStump object at 0x00000288CD3D0640>
2025-05-27 01:11:13 [INFO] adaboost.adaboost:25 - model is <base_models.decision_stump.DecisionStump object at 0x00000288CD3D06A0>
2025-05-27 01:11:14 [INFO] adaboost.adaboost:25 - model is <base_models.decision_stump.DecisionStump object at 0x00000288CD3D0700>
2025-05-27 01:11:14 [INFO] adaboost.adaboost:25 - model is <base_models.decision_stump.DecisionStump object at 0x00000288CD3D0760>
2025-05-27 01:11:15 [INFO] adaboost.adaboost:25 - model is <base_models.decision_stump.DecisionStump object at 0x00000288CD3D07C0>
2025-05-27 01:11:15 [INFO] adaboost.adaboost:25 - model is <base_models.decision_stump.DecisionStump object at 0x00000288CD3D0820>
2025-05-27 01:11:16 [INFO] adaboost.adaboost:25 - model is <base_models.decision_stump.DecisionStump object at 0x00000288CD3D0880>
2025-05-27 01:11:17 [INFO] adaboost.adaboost:25 - model is <base_models.decision_stump.DecisionStump object at 0x00000288CD3D08E0>
2025-05-27 01:11:17 [INFO] adaboost.adaboost:25 - model is <base_models.decision_stump.DecisionStump object at 0x00000288CD3D0940>
2025-05-27 01:11:18 [INFO] adaboost.adaboost:25 - model is <base_models.decision_stump.DecisionStump object at 0x00000288CD3D09A0>
2025-05-27 01:11:19 [INFO] adaboost.adaboost:25 - model is <base_models.decision_stump.DecisionStump object at 0x00000288CD3D0A00>
2025-05-27 01:11:20 [INFO] adaboost.adaboost:25 - model is <base_models.decision_stump.DecisionStump object at 0x00000288CD3D0A60>
2025-05-27 01:11:20 [INFO] adaboost.adaboost:25 - model is <base_models.decision_stump.DecisionStump object at 0x00000288CD3D0AC0>
2025-05-27 01:11:21 [INFO] adaboost.adaboost:25 - model is <base_models.decision_stump.DecisionStump object at 0x00000288CD3D0B20>
2025-05-27 01:11:21 [INFO] adaboost.adaboost:25 - model is <base_models.decision_stump.DecisionStump object at 0x00000288CD3D0B80>
2025-05-27 01:11:22 [INFO] adaboost.adaboost:25 - model is <base_models.decision_stump.DecisionStump object at 0x00000288CD3D0C10>
2025-05-27 01:11:23 [INFO] adaboost.adaboost:25 - model is <base_models.decision_stump.DecisionStump object at 0x00000288CD3D0C70>
2025-05-27 01:11:23 [INFO] adaboost.adaboost:25 - model is <base_models.decision_stump.DecisionStump object at 0x00000288CD3D0CD0>
2025-05-27 01:11:24 [INFO] adaboost.adaboost:25 - model is <base_models.decision_stump.DecisionStump object at 0x00000288CD3D0D30>
2025-05-27 01:11:25 [INFO] adaboost.adaboost:25 - model is <base_models.decision_stump.DecisionStump object at 0x00000288CD3D0D90>
2025-05-27 01:11:25 [INFO] adaboost.adaboost:25 - model is <base_models.decision_stump.DecisionStump object at 0x00000288CD3D0DF0>
2025-05-27 01:11:26 [INFO] adaboost.adaboost:25 - model is <base_models.decision_stump.DecisionStump object at 0x00000288CD3D0E50>
2025-05-27 01:11:27 [INFO] adaboost.adaboost:25 - model is <base_models.decision_stump.DecisionStump object at 0x00000288CD3D0EB0>
2025-05-27 01:11:28 [INFO] adaboost.adaboost:25 - model is <base_models.decision_stump.DecisionStump object at 0x00000288CD3D0F10>
2025-05-27 01:11:29 [INFO] adaboost.adaboost:25 - model is <base_models.decision_stump.DecisionStump object at 0x00000288CD3D0F70>
2025-05-27 01:11:30 [INFO] adaboost.adaboost:25 - model is <base_models.decision_stump.DecisionStump object at 0x00000288CD3D0FD0>
2025-05-27 01:11:31 [INFO] adaboost.adaboost:25 - model is <base_models.decision_stump.DecisionStump object at 0x00000288CD3D0100>
2025-05-27 01:11:32 [INFO] adaboost.adaboost:25 - model is <base_models.decision_stump.DecisionStump object at 0x00000288CD3D0250>
2025-05-27 01:11:33 [INFO] adaboost.adaboost:25 - model is <base_models.decision_stump.DecisionStump object at 0x00000288CD3D00A0>
2025-05-27 01:11:33 [INFO] adaboost.adaboost:25 - model is <base_models.decision_stump.DecisionStump object at 0x00000288CD3D03A0>
2025-05-27 01:11:34 [INFO] adaboost.adaboost:25 - model is <base_models.decision_stump.DecisionStump object at 0x00000288CD3D0310>
2025-05-27 01:11:35 [INFO] adaboost.adaboost:25 - model is <base_models.decision_stump.DecisionStump object at 0x00000288CD3D0040>
2025-05-27 01:11:36 [INFO] adaboost.adaboost:25 - model is <base_models.decision_stump.DecisionStump object at 0x00000288CD3D00D0>
2025-05-27 01:11:36 [INFO] adaboost.adaboost:25 - model is <base_models.decision_stump.DecisionStump object at 0x00000288CD3D01C0>
2025-05-27 01:11:37 [INFO] adaboost.adaboost:25 - model is <base_models.decision_stump.DecisionStump object at 0x00000288CD3D0220>
2025-05-27 01:11:38 [INFO] adaboost.adaboost:25 - model is <base_models.decision_stump.DecisionStump object at 0x00000288CD3D0340>
2025-05-27 01:11:39 [INFO] adaboost.adaboost:25 - model is <base_models.decision_stump.DecisionStump object at 0x00000288CC28C100>
2025-05-27 01:11:39 [INFO] adaboost.adaboost:25 - model is <base_models.decision_stump.DecisionStump object at 0x00000288CC28C1F0>
2025-05-27 01:11:40 [INFO] adaboost.adaboost:25 - model is <base_models.decision_stump.DecisionStump object at 0x00000288CC28C160>
2025-05-27 01:11:40 [INFO] adaboost.adaboost:25 - model is <base_models.decision_stump.DecisionStump object at 0x00000288CC28C190>
2025-05-27 01:11:41 [INFO] adaboost.adaboost:25 - model is <base_models.decision_stump.DecisionStump object at 0x00000288CC28C130>
2025-05-27 01:11:42 [INFO] adaboost.adaboost:25 - model is <base_models.decision_stump.DecisionStump object at 0x00000288CC28C1C0>
2025-05-27 01:11:42 [INFO] adaboost.adaboost:25 - model is <base_models.decision_stump.DecisionStump object at 0x00000288CD4E4160>
2025-05-27 01:11:43 [INFO] adaboost.adaboost:25 - model is <base_models.decision_stump.DecisionStump object at 0x00000288CC22DA90>
2025-05-27 01:11:44 [INFO] adaboost.adaboost:25 - model is <base_models.decision_stump.DecisionStump object at 0x00000288CC20C850>
2025-05-27 01:11:44 [INFO] adaboost.adaboost:25 - model is <base_models.decision_stump.DecisionStump object at 0x00000288CC1E22E0>
2025-05-27 01:11:45 [INFO] adaboost.adaboost:25 - model is <base_models.decision_stump.DecisionStump object at 0x00000288CC1CFC40>
2025-05-27 01:11:46 [INFO] adaboost.adaboost:25 - model is <base_models.decision_stump.DecisionStump object at 0x00000288CC1CFF40>
2025-05-27 01:11:46 [INFO] adaboost.adaboost:25 - model is <base_models.decision_stump.DecisionStump object at 0x00000288CD51BF70>
2025-05-27 01:11:47 [INFO] adaboost.adaboost:25 - model is <base_models.decision_stump.DecisionStump object at 0x00000288CD51BFD0>
2025-05-27 01:11:47 [INFO] adaboost.adaboost:25 - model is <base_models.decision_stump.DecisionStump object at 0x00000288CC23E490>
2025-05-27 01:11:48 [INFO] adaboost.adaboost:25 - model is <base_models.decision_stump.DecisionStump object at 0x00000288CD51BEB0>
2025-05-27 01:11:48 [INFO] adaboost.adaboost:25 - model is <base_models.decision_stump.DecisionStump object at 0x00000288CC2221F0>
2025-05-27 01:11:49 [INFO] adaboost.adaboost:25 - model is <base_models.decision_stump.DecisionStump object at 0x00000288CC222220>
2025-05-27 01:11:50 [INFO] adaboost.adaboost:25 - model is <base_models.decision_stump.DecisionStump object at 0x00000288CC222250>
2025-05-27 01:11:50 [INFO] adaboost.adaboost:25 - model is <base_models.decision_stump.DecisionStump object at 0x00000288CC222130>
2025-05-27 01:11:51 [INFO] adaboost.adaboost:25 - model is <base_models.decision_stump.DecisionStump object at 0x00000288CC222040>
2025-05-27 01:11:51 [INFO] adaboost.adaboost:25 - model is <base_models.decision_stump.DecisionStump object at 0x00000288CC25F6A0>
2025-05-27 01:11:52 [INFO] adaboost.adaboost:25 - model is <base_models.decision_stump.DecisionStump object at 0x00000288CC25F700>
2025-05-27 01:11:52 [INFO] adaboost.adaboost:25 - model is <base_models.decision_stump.DecisionStump object at 0x00000288CC25F760>
2025-05-27 01:11:53 [INFO] adaboost.adaboost:25 - model is <base_models.decision_stump.DecisionStump object at 0x00000288CC25F7C0>
2025-05-27 01:11:54 [INFO] adaboost.adaboost:25 - model is <base_models.decision_stump.DecisionStump object at 0x00000288CC25F820>
2025-05-27 01:11:54 [INFO] adaboost.adaboost:25 - model is <base_models.decision_stump.DecisionStump object at 0x00000288CC25F880>
2025-05-27 01:11:55 [INFO] adaboost.adaboost:25 - model is <base_models.decision_stump.DecisionStump object at 0x00000288CC25F8E0>
2025-05-27 01:11:56 [INFO] adaboost.adaboost:25 - model is <base_models.decision_stump.DecisionStump object at 0x00000288CC25F940>
2025-05-27 01:11:56 [INFO] adaboost.adaboost:25 - model is <base_models.decision_stump.DecisionStump object at 0x00000288CC25F9A0>
2025-05-27 01:11:57 [INFO] adaboost.adaboost:25 - model is <base_models.decision_stump.DecisionStump object at 0x00000288CC25FA00>
2025-05-27 01:11:58 [INFO] adaboost.adaboost:25 - model is <base_models.decision_stump.DecisionStump object at 0x00000288CC25FA60>
2025-05-27 01:11:58 [INFO] adaboost.adaboost:25 - model is <base_models.decision_stump.DecisionStump object at 0x00000288CC25FAC0>
2025-05-27 01:11:59 [INFO] adaboost.adaboost:25 - model is <base_models.decision_stump.DecisionStump object at 0x00000288CC25FB20>
2025-05-27 01:11:59 [INFO] adaboost.adaboost:25 - model is <base_models.decision_stump.DecisionStump object at 0x00000288CC25FB80>
2025-05-27 01:12:00 [INFO] adaboost.adaboost:25 - model is <base_models.decision_stump.DecisionStump object at 0x00000288CC25FBE0>
2025-05-27 01:12:01 [INFO] adaboost.adaboost:25 - model is <base_models.decision_stump.DecisionStump object at 0x00000288CC25FC40>
2025-05-27 01:12:01 [INFO] adaboost.adaboost:25 - model is <base_models.decision_stump.DecisionStump object at 0x00000288CC25FCA0>
2025-05-27 01:12:02 [INFO] adaboost.adaboost:25 - model is <base_models.decision_stump.DecisionStump object at 0x00000288CC25FD00>
2025-05-27 01:12:03 [INFO] adaboost.adaboost:25 - model is <base_models.decision_stump.DecisionStump object at 0x00000288CC25FD60>
2025-05-27 01:12:03 [INFO] adaboost.adaboost:25 - model is <base_models.decision_stump.DecisionStump object at 0x00000288CC25FDC0>
2025-05-27 01:12:04 [INFO] adaboost.adaboost:25 - model is <base_models.decision_stump.DecisionStump object at 0x00000288CC25FE20>
2025-05-27 01:12:04 [INFO] adaboost.adaboost:25 - model is <base_models.decision_stump.DecisionStump object at 0x00000288CC25FE80>
2025-05-27 01:12:05 [INFO] adaboost.adaboost:25 - model is <base_models.decision_stump.DecisionStump object at 0x00000288CC25FEE0>
2025-05-27 01:12:06 [INFO] adaboost.adaboost:25 - model is <base_models.decision_stump.DecisionStump object at 0x00000288CC25FF40>
2025-05-27 01:12:06 [INFO] adaboost.adaboost:25 - model is <base_models.decision_stump.DecisionStump object at 0x00000288CC25FFA0>
2025-05-27 01:12:07 [INFO] adaboost.adaboost:25 - model is <base_models.decision_stump.DecisionStump object at 0x00000288CC25F190>
2025-05-27 01:12:07 [INFO] adaboost.adaboost:25 - model is <base_models.decision_stump.DecisionStump object at 0x00000288CC25F1F0>
2025-05-27 01:12:08 [INFO] adaboost.adaboost:25 - model is <base_models.decision_stump.DecisionStump object at 0x00000288CC25F340>
2025-05-27 01:12:09 [INFO] adaboost.adaboost:25 - model is <base_models.decision_stump.DecisionStump object at 0x00000288CC25F490>
2025-05-27 01:12:09 [INFO] adaboost.adaboost:25 - model is <base_models.decision_stump.DecisionStump object at 0x00000288CC25F2E0>
2025-05-27 01:12:10 [INFO] adaboost.adaboost:25 - model is <base_models.decision_stump.DecisionStump object at 0x00000288CC25F5E0>
2025-05-27 01:12:11 [INFO] adaboost.adaboost:25 - model is <base_models.decision_stump.DecisionStump object at 0x00000288CC25F250>
2025-05-27 01:12:11 [INFO] adaboost.adaboost:25 - model is <base_models.decision_stump.DecisionStump object at 0x00000288CC25F2B0>
2025-05-27 01:12:12 [INFO] adaboost.adaboost:25 - model is <base_models.decision_stump.DecisionStump object at 0x00000288CC25F310>
2025-05-27 01:12:12 [INFO] adaboost.adaboost:25 - model is <base_models.decision_stump.DecisionStump object at 0x00000288CC25F430>
2025-05-27 01:12:13 [INFO] adaboost.adaboost:25 - model is <base_models.decision_stump.DecisionStump object at 0x00000288CC25F460>
2025-05-27 01:12:14 [INFO] adaboost.adaboost:25 - model is <base_models.decision_stump.DecisionStump object at 0x00000288CC25F3D0>
2025-05-27 01:12:15 [INFO] adaboost.adaboost:25 - model is <base_models.decision_stump.DecisionStump object at 0x00000288CC25F640>
2025-05-27 01:12:15 [INFO] adaboost.adaboost:25 - model is <base_models.decision_stump.DecisionStump object at 0x00000288CD3D0490>
2025-05-27 01:12:16 [INFO] adaboost.adaboost:25 - model is <base_models.decision_stump.DecisionStump object at 0x00000288CD3D04F0>
2025-05-27 01:12:17 [INFO] adaboost.adaboost:25 - model is <base_models.decision_stump.DecisionStump object at 0x00000288CD3D0550>
2025-05-27 01:12:18 [INFO] adaboost.adaboost:25 - model is <base_models.decision_stump.DecisionStump object at 0x00000288CD3D05B0>
2025-05-27 01:12:18 [INFO] adaboost.adaboost:25 - model is <base_models.decision_stump.DecisionStump object at 0x00000288CD3D0610>
2025-05-27 01:12:19 [INFO] adaboost.adaboost:25 - model is <base_models.decision_stump.DecisionStump object at 0x00000288CD3D0670>
2025-05-27 01:12:20 [INFO] adaboost.adaboost:25 - model is <base_models.decision_stump.DecisionStump object at 0x00000288CD3D06D0>
2025-05-27 01:12:20 [INFO] adaboost.adaboost:25 - model is <base_models.decision_stump.DecisionStump object at 0x00000288CD3D0730>
2025-05-27 01:12:21 [INFO] adaboost.adaboost:25 - model is <base_models.decision_stump.DecisionStump object at 0x00000288CD3D0790>
2025-05-27 01:12:22 [INFO] adaboost.adaboost:25 - model is <base_models.decision_stump.DecisionStump object at 0x00000288CD3D07F0>
2025-05-27 01:12:22 [INFO] adaboost.adaboost:25 - model is <base_models.decision_stump.DecisionStump object at 0x00000288CD3D0850>
2025-05-27 01:12:23 [INFO] adaboost.adaboost:25 - model is <base_models.decision_stump.DecisionStump object at 0x00000288CD3D08B0>
2025-05-27 01:12:24 [INFO] adaboost.adaboost:25 - model is <base_models.decision_stump.DecisionStump object at 0x00000288CD3D0910>
2025-05-27 01:12:24 [INFO] adaboost.adaboost:25 - model is <base_models.decision_stump.DecisionStump object at 0x00000288CD3D0970>
2025-05-27 01:12:25 [INFO] adaboost.adaboost:25 - model is <base_models.decision_stump.DecisionStump object at 0x00000288CD3D09D0>
2025-05-27 01:12:26 [INFO] adaboost.adaboost:25 - model is <base_models.decision_stump.DecisionStump object at 0x00000288CD3D0A30>
2025-05-27 01:12:26 [INFO] adaboost.adaboost:25 - model is <base_models.decision_stump.DecisionStump object at 0x00000288CD3D0A90>
2025-05-27 01:12:27 [INFO] adaboost.adaboost:25 - model is <base_models.decision_stump.DecisionStump object at 0x00000288CD3D0AF0>
2025-05-27 01:12:27 [INFO] adaboost.adaboost:25 - model is <base_models.decision_stump.DecisionStump object at 0x00000288CD3D0B50>
2025-05-27 01:12:28 [INFO] adaboost.adaboost:25 - model is <base_models.decision_stump.DecisionStump object at 0x00000288CD3D0BE0>
2025-05-27 01:12:29 [INFO] adaboost.adaboost:25 - model is <base_models.decision_stump.DecisionStump object at 0x00000288CD3D0C40>
2025-05-27 01:12:30 [INFO] adaboost.adaboost:25 - model is <base_models.decision_stump.DecisionStump object at 0x00000288CD3D0CA0>
2025-05-27 01:12:30 [INFO] adaboost.adaboost:25 - model is <base_models.decision_stump.DecisionStump object at 0x00000288CD3D0D00>
2025-05-27 01:12:31 [INFO] adaboost.adaboost:25 - model is <base_models.decision_stump.DecisionStump object at 0x00000288CD3D0D60>
2025-05-27 01:12:31 [INFO] adaboost.adaboost:25 - model is <base_models.decision_stump.DecisionStump object at 0x00000288CD3D0DC0>
2025-05-27 01:12:32 [INFO] adaboost.adaboost:25 - model is <base_models.decision_stump.DecisionStump object at 0x00000288CD3D0E20>
2025-05-27 01:12:33 [INFO] adaboost.adaboost:25 - model is <base_models.decision_stump.DecisionStump object at 0x00000288CD3D0E80>
2025-05-27 01:12:33 [INFO] adaboost.adaboost:25 - model is <base_models.decision_stump.DecisionStump object at 0x00000288CD3D0EE0>
2025-05-27 01:12:34 [INFO] adaboost.adaboost:25 - model is <base_models.decision_stump.DecisionStump object at 0x00000288CD3D0F40>
2025-05-27 01:12:35 [INFO] adaboost.adaboost:25 - model is <base_models.decision_stump.DecisionStump object at 0x00000288CD3D0FA0>
2025-05-27 01:12:36 [INFO] adaboost.adaboost:25 - model is <base_models.decision_stump.DecisionStump object at 0x00000288CD3D0130>
2025-05-27 01:12:36 [INFO] adaboost.adaboost:25 - model is <base_models.decision_stump.DecisionStump object at 0x00000288CD3D0280>
2025-05-27 01:12:37 [INFO] adaboost.adaboost:25 - model is <base_models.decision_stump.DecisionStump object at 0x00000288CD3D02B0>
2025-05-27 01:12:38 [INFO] adaboost.adaboost:25 - model is <base_models.decision_stump.DecisionStump object at 0x00000288CD3D03D0>
2025-05-27 01:12:39 [INFO] adaboost.adaboost:25 - model is <base_models.decision_stump.DecisionStump object at 0x00000288CD3D02E0>
2025-05-27 01:12:40 [INFO] adaboost.adaboost:25 - model is <base_models.decision_stump.DecisionStump object at 0x00000288CD3D0070>
2025-05-27 01:12:41 [INFO] adaboost.adaboost:25 - model is <base_models.decision_stump.DecisionStump object at 0x00000288CD3D0160>
2025-05-27 01:12:42 [INFO] adaboost.adaboost:25 - model is <base_models.decision_stump.DecisionStump object at 0x00000288CD3D01F0>
2025-05-27 01:12:43 [INFO] adaboost.adaboost:25 - model is <base_models.decision_stump.DecisionStump object at 0x00000288CD3D0370>
2025-05-27 01:12:44 [INFO] adaboost.adaboost:25 - model is <base_models.decision_stump.DecisionStump object at 0x00000288CD3D0190>
2025-05-27 01:12:44 [INFO] adaboost.adaboost:25 - model is <base_models.decision_stump.DecisionStump object at 0x00000288CD3D0400>
2025-05-27 01:12:45 [INFO] adaboost.adaboost:25 - model is <base_models.decision_stump.DecisionStump object at 0x00000288CC28C070>
2025-05-27 01:12:46 [INFO] adaboost.adaboost:25 - model is <base_models.decision_stump.DecisionStump object at 0x00000288CC28C220>
2025-05-27 01:12:46 [INFO] adaboost.adaboost:25 - model is <base_models.decision_stump.DecisionStump object at 0x00000288CC28C0A0>
2025-05-27 01:12:47 [INFO] adaboost.adaboost:25 - model is <base_models.decision_stump.DecisionStump object at 0x00000288CC28C0D0>
2025-05-27 01:12:48 [INFO] adaboost.adaboost:25 - model is <base_models.decision_stump.DecisionStump object at 0x00000288CC28C1C0>
2025-05-27 01:12:49 [INFO] adaboost.adaboost:25 - model is <base_models.decision_stump.DecisionStump object at 0x00000288CC28C040>
2025-05-27 01:12:49 [INFO] adaboost.adaboost:25 - model is <base_models.decision_stump.DecisionStump object at 0x00000288CD4E4130>
2025-05-27 01:12:50 [INFO] adaboost.adaboost:25 - model is <base_models.decision_stump.DecisionStump object at 0x00000288CC22DA90>
2025-05-27 01:12:51 [INFO] adaboost.adaboost:25 - model is <base_models.decision_stump.DecisionStump object at 0x00000288A3A95C70>
2025-05-27 01:12:51 [INFO] adaboost.adaboost:25 - model is <base_models.decision_stump.DecisionStump object at 0x00000288CC20C850>
2025-05-27 01:12:52 [INFO] adaboost.adaboost:25 - model is <base_models.decision_stump.DecisionStump object at 0x00000288CC1CFF40>
2025-05-27 01:12:53 [INFO] adaboost.adaboost:25 - model is <base_models.decision_stump.DecisionStump object at 0x00000288CC1CFCD0>
2025-05-27 01:12:54 [INFO] adaboost.adaboost:25 - model is <base_models.decision_stump.DecisionStump object at 0x00000288CD51BEE0>
2025-05-27 01:12:54 [INFO] adaboost.adaboost:25 - model is <base_models.decision_stump.DecisionStump object at 0x00000288CD51BEB0>
2025-05-27 01:12:55 [INFO] adaboost.adaboost:25 - model is <base_models.decision_stump.DecisionStump object at 0x00000288CC23E4C0>
2025-05-27 01:12:56 [INFO] adaboost.adaboost:25 - model is <base_models.decision_stump.DecisionStump object at 0x00000288CD51BFA0>
2025-05-27 01:12:57 [INFO] adaboost.adaboost:25 - model is <base_models.decision_stump.DecisionStump object at 0x00000288CC222160>
2025-05-27 01:12:57 [INFO] adaboost.adaboost:25 - model is <base_models.decision_stump.DecisionStump object at 0x00000288CC2221C0>
2025-05-27 01:12:58 [INFO] adaboost.adaboost:25 - model is <base_models.decision_stump.DecisionStump object at 0x00000288CC222190>
2025-05-27 01:12:59 [INFO] adaboost.adaboost:25 - model is <base_models.decision_stump.DecisionStump object at 0x00000288CC222100>
2025-05-27 01:13:01 [INFO] adaboost.adaboost:25 - model is <base_models.decision_stump.DecisionStump object at 0x00000288CC2221F0>
2025-05-27 01:13:01 [INFO] adaboost.adaboost:25 - model is <base_models.decision_stump.DecisionStump object at 0x00000288CC25F730>
2025-05-27 01:13:02 [INFO] adaboost.adaboost:25 - model is <base_models.decision_stump.DecisionStump object at 0x00000288CC25F790>
2025-05-27 01:13:03 [INFO] adaboost.adaboost:25 - model is <base_models.decision_stump.DecisionStump object at 0x00000288CC25F7F0>
2025-05-27 01:13:04 [INFO] adaboost.adaboost:25 - model is <base_models.decision_stump.DecisionStump object at 0x00000288CC25F850>
2025-05-27 01:13:05 [INFO] adaboost.adaboost:25 - model is <base_models.decision_stump.DecisionStump object at 0x00000288CC25F8B0>
2025-05-27 01:13:06 [INFO] adaboost.adaboost:25 - model is <base_models.decision_stump.DecisionStump object at 0x00000288CC25F910>
2025-05-27 01:13:08 [INFO] adaboost.adaboost:25 - model is <base_models.decision_stump.DecisionStump object at 0x00000288CC25F970>
2025-05-27 01:13:09 [INFO] adaboost.adaboost:25 - model is <base_models.decision_stump.DecisionStump object at 0x00000288CC25F9D0>
2025-05-27 01:13:10 [INFO] adaboost.adaboost:25 - model is <base_models.decision_stump.DecisionStump object at 0x00000288CC25FA30>
2025-05-27 01:13:11 [INFO] adaboost.adaboost:25 - model is <base_models.decision_stump.DecisionStump object at 0x00000288CC25FA90>
2025-05-27 01:13:12 [INFO] adaboost.adaboost:25 - model is <base_models.decision_stump.DecisionStump object at 0x00000288CC25FAF0>
2025-05-27 01:13:12 [INFO] adaboost.adaboost:25 - model is <base_models.decision_stump.DecisionStump object at 0x00000288CC25FB50>
2025-05-27 01:13:13 [INFO] adaboost.adaboost:25 - model is <base_models.decision_stump.DecisionStump object at 0x00000288CC25FBB0>
2025-05-27 01:13:14 [INFO] adaboost.adaboost:25 - model is <base_models.decision_stump.DecisionStump object at 0x00000288CC25FC10>
2025-05-27 01:13:15 [INFO] adaboost.adaboost:25 - model is <base_models.decision_stump.DecisionStump object at 0x00000288CC25FC70>
2025-05-27 01:13:15 [INFO] adaboost.adaboost:25 - model is <base_models.decision_stump.DecisionStump object at 0x00000288CC25FCD0>
2025-05-27 01:13:16 [INFO] adaboost.adaboost:25 - model is <base_models.decision_stump.DecisionStump object at 0x00000288CC25FD30>
2025-05-27 01:13:17 [INFO] adaboost.adaboost:25 - model is <base_models.decision_stump.DecisionStump object at 0x00000288CC25FD90>
2025-05-27 01:13:17 [INFO] adaboost.adaboost:25 - model is <base_models.decision_stump.DecisionStump object at 0x00000288CC25FDF0>
2025-05-27 01:13:18 [INFO] adaboost.adaboost:25 - model is <base_models.decision_stump.DecisionStump object at 0x00000288CC25FE50>
2025-05-27 01:13:19 [INFO] adaboost.adaboost:25 - model is <base_models.decision_stump.DecisionStump object at 0x00000288CC25FEB0>
2025-05-27 01:13:20 [INFO] adaboost.adaboost:25 - model is <base_models.decision_stump.DecisionStump object at 0x00000288CC25FF10>
2025-05-27 01:13:21 [INFO] adaboost.adaboost:25 - model is <base_models.decision_stump.DecisionStump object at 0x00000288CC25FF70>
2025-05-27 01:13:22 [INFO] adaboost.adaboost:25 - model is <base_models.decision_stump.DecisionStump object at 0x00000288CC25FFD0>
2025-05-27 01:13:23 [INFO] adaboost.adaboost:25 - model is <base_models.decision_stump.DecisionStump object at 0x00000288CC25F1C0>
2025-05-27 01:13:23 [INFO] adaboost.adaboost:25 - model is <base_models.decision_stump.DecisionStump object at 0x00000288CC25F370>
2025-05-27 01:13:24 [INFO] adaboost.adaboost:25 - model is <base_models.decision_stump.DecisionStump object at 0x00000288CC25F4C0>
2025-05-27 01:13:25 [INFO] adaboost.adaboost:25 - model is <base_models.decision_stump.DecisionStump object at 0x00000288CC25F4F0>
2025-05-27 01:13:26 [INFO] adaboost.adaboost:25 - model is <base_models.decision_stump.DecisionStump object at 0x00000288CC25F610>
2025-05-27 01:13:26 [INFO] adaboost.adaboost:25 - model is <base_models.decision_stump.DecisionStump object at 0x00000288CC25F520>
2025-05-27 01:13:27 [INFO] adaboost.adaboost:25 - model is <base_models.decision_stump.DecisionStump object at 0x00000288CC25F550>
2025-05-27 01:13:28 [INFO] adaboost.adaboost:25 - model is <base_models.decision_stump.DecisionStump object at 0x00000288CC25F400>
2025-05-27 01:13:29 [INFO] adaboost.adaboost:25 - model is <base_models.decision_stump.DecisionStump object at 0x00000288CC25F3A0>
2025-05-27 01:13:29 [INFO] adaboost.adaboost:25 - model is <base_models.decision_stump.DecisionStump object at 0x00000288CC25F580>
2025-05-27 01:13:30 [INFO] adaboost.adaboost:25 - model is <base_models.decision_stump.DecisionStump object at 0x00000288CC25F5B0>
2025-05-27 01:13:31 [INFO] adaboost.adaboost:25 - model is <base_models.decision_stump.DecisionStump object at 0x00000288CC25F670>
2025-05-27 01:13:32 [INFO] adaboost.adaboost:25 - model is <base_models.decision_stump.DecisionStump object at 0x00000288CC25F640>
2025-05-27 01:13:33 [INFO] adaboost.adaboost:25 - model is <base_models.decision_stump.DecisionStump object at 0x00000288CC25F6D0>
2025-05-27 01:13:34 [INFO] adaboost.adaboost:25 - model is <base_models.decision_stump.DecisionStump object at 0x00000288CD3D0520>
2025-05-27 01:13:34 [INFO] adaboost.adaboost:25 - model is <base_models.decision_stump.DecisionStump object at 0x00000288CD3D0580>
2025-05-27 01:13:35 [INFO] adaboost.adaboost:25 - model is <base_models.decision_stump.DecisionStump object at 0x00000288CD3D05E0>
2025-05-27 01:13:36 [INFO] adaboost.adaboost:25 - model is <base_models.decision_stump.DecisionStump object at 0x00000288CD3D0640>
2025-05-27 01:13:37 [INFO] adaboost.adaboost:25 - model is <base_models.decision_stump.DecisionStump object at 0x00000288CD3D06A0>
2025-05-27 01:13:38 [INFO] adaboost.adaboost:25 - model is <base_models.decision_stump.DecisionStump object at 0x00000288CD3D0700>
2025-05-27 01:13:38 [INFO] adaboost.adaboost:25 - model is <base_models.decision_stump.DecisionStump object at 0x00000288CD3D0760>
2025-05-27 01:13:39 [INFO] adaboost.adaboost:25 - model is <base_models.decision_stump.DecisionStump object at 0x00000288CD3D07C0>
2025-05-27 01:13:40 [INFO] adaboost.adaboost:25 - model is <base_models.decision_stump.DecisionStump object at 0x00000288CD3D0820>
2025-05-27 01:13:41 [INFO] adaboost.adaboost:25 - model is <base_models.decision_stump.DecisionStump object at 0x00000288CD3D0880>
2025-05-27 01:13:41 [INFO] adaboost.adaboost:25 - model is <base_models.decision_stump.DecisionStump object at 0x00000288CD3D08E0>
2025-05-27 01:13:42 [INFO] adaboost.adaboost:25 - model is <base_models.decision_stump.DecisionStump object at 0x00000288CD3D0940>
2025-05-27 01:13:43 [INFO] adaboost.adaboost:25 - model is <base_models.decision_stump.DecisionStump object at 0x00000288CD3D09A0>
2025-05-27 01:13:44 [INFO] adaboost.adaboost:25 - model is <base_models.decision_stump.DecisionStump object at 0x00000288CD3D0A00>
2025-05-27 01:13:45 [INFO] adaboost.adaboost:25 - model is <base_models.decision_stump.DecisionStump object at 0x00000288CD3D0A60>
2025-05-27 01:13:46 [INFO] adaboost.adaboost:25 - model is <base_models.decision_stump.DecisionStump object at 0x00000288CD3D0AC0>
2025-05-27 01:13:47 [INFO] adaboost.adaboost:25 - model is <base_models.decision_stump.DecisionStump object at 0x00000288CD3D0B20>
2025-05-27 01:13:47 [INFO] adaboost.adaboost:25 - model is <base_models.decision_stump.DecisionStump object at 0x00000288CD3D0B80>
2025-05-27 01:13:48 [INFO] adaboost.adaboost:25 - model is <base_models.decision_stump.DecisionStump object at 0x00000288CD3D0C10>
2025-05-27 01:13:49 [INFO] adaboost.adaboost:25 - model is <base_models.decision_stump.DecisionStump object at 0x00000288CD3D0C70>
2025-05-27 01:13:50 [INFO] adaboost.adaboost:25 - model is <base_models.decision_stump.DecisionStump object at 0x00000288CD3D0CD0>
2025-05-27 01:13:51 [INFO] adaboost.adaboost:25 - model is <base_models.decision_stump.DecisionStump object at 0x00000288CD3D0D30>
2025-05-27 01:13:52 [INFO] adaboost.adaboost:25 - model is <base_models.decision_stump.DecisionStump object at 0x00000288CD3D0D90>
2025-05-27 01:13:53 [INFO] adaboost.adaboost:25 - model is <base_models.decision_stump.DecisionStump object at 0x00000288CD3D0DF0>
2025-05-27 01:13:53 [INFO] adaboost.adaboost:25 - model is <base_models.decision_stump.DecisionStump object at 0x00000288CD3D0E50>
2025-05-27 01:13:54 [INFO] adaboost.adaboost:25 - model is <base_models.decision_stump.DecisionStump object at 0x00000288CD3D0EB0>
2025-05-27 01:13:55 [INFO] adaboost.adaboost:25 - model is <base_models.decision_stump.DecisionStump object at 0x00000288CD3D0F10>
2025-05-27 01:13:55 [INFO] adaboost.adaboost:25 - model is <base_models.decision_stump.DecisionStump object at 0x00000288CD3D0F70>
2025-05-27 01:13:56 [INFO] adaboost.adaboost:25 - model is <base_models.decision_stump.DecisionStump object at 0x00000288CD3D0FD0>
2025-05-27 01:13:57 [INFO] adaboost.adaboost:25 - model is <base_models.decision_stump.DecisionStump object at 0x00000288CD3D0100>
2025-05-27 01:13:58 [INFO] adaboost.adaboost:25 - model is <base_models.decision_stump.DecisionStump object at 0x00000288CD3D0250>
2025-05-27 01:13:58 [INFO] adaboost.adaboost:25 - model is <base_models.decision_stump.DecisionStump object at 0x00000288CD3D00A0>
2025-05-27 01:13:59 [INFO] adaboost.adaboost:25 - model is <base_models.decision_stump.DecisionStump object at 0x00000288CD3D03A0>
2025-05-27 01:14:00 [INFO] adaboost.adaboost:25 - model is <base_models.decision_stump.DecisionStump object at 0x00000288CD3D0310>
2025-05-27 01:14:00 [INFO] adaboost.adaboost:25 - model is <base_models.decision_stump.DecisionStump object at 0x00000288CD3D0040>
2025-05-27 01:14:02 [INFO] adaboost.adaboost:25 - model is <base_models.decision_stump.DecisionStump object at 0x00000288CD3D00D0>
2025-05-27 01:14:04 [INFO] adaboost.adaboost:25 - model is <base_models.decision_stump.DecisionStump object at 0x00000288CD3D01C0>
2025-05-27 01:14:05 [INFO] adaboost.adaboost:25 - model is <base_models.decision_stump.DecisionStump object at 0x00000288CD3D0220>
2025-05-27 01:14:07 [INFO] adaboost.adaboost:25 - model is <base_models.decision_stump.DecisionStump object at 0x00000288CD3D0340>
2025-05-27 01:14:09 [INFO] adaboost.adaboost:25 - model is <base_models.decision_stump.DecisionStump object at 0x00000288CD3D0460>
2025-05-27 01:14:10 [INFO] adaboost.adaboost:25 - model is <base_models.decision_stump.DecisionStump object at 0x00000288CD3D0430>
2025-05-27 01:14:12 [INFO] adaboost.adaboost:25 - model is <base_models.decision_stump.DecisionStump object at 0x00000288CC28C160>
2025-05-27 01:14:13 [INFO] adaboost.adaboost:25 - model is <base_models.decision_stump.DecisionStump object at 0x00000288CC28C190>
2025-05-27 01:14:15 [INFO] adaboost.adaboost:25 - model is <base_models.decision_stump.DecisionStump object at 0x00000288CC28C130>
2025-05-27 01:14:16 [INFO] adaboost.adaboost:25 - model is <base_models.decision_stump.DecisionStump object at 0x00000288CC28C100>
2025-05-27 01:14:17 [INFO] adaboost.adaboost:25 - model is <base_models.decision_stump.DecisionStump object at 0x00000288CC28C040>
2025-05-27 01:14:19 [INFO] adaboost.adaboost:25 - model is <base_models.decision_stump.DecisionStump object at 0x00000288CC28C1F0>
2025-05-27 01:14:21 [INFO] adaboost.adaboost:25 - model is <base_models.decision_stump.DecisionStump object at 0x00000288CD4E4160>
2025-05-27 01:14:24 [INFO] adaboost.adaboost:25 - model is <base_models.decision_stump.DecisionStump object at 0x00000288CC22DA90>
2025-05-27 01:14:25 [INFO] adaboost.adaboost:25 - model is <base_models.decision_stump.DecisionStump object at 0x00000288CC20CB50>
2025-05-27 01:14:27 [INFO] adaboost.adaboost:25 - model is <base_models.decision_stump.DecisionStump object at 0x00000288A3A95C70>
2025-05-27 01:14:28 [INFO] adaboost.adaboost:25 - model is <base_models.decision_stump.DecisionStump object at 0x00000288CC1CFCD0>
2025-05-27 01:14:29 [INFO] adaboost.adaboost:25 - model is <base_models.decision_stump.DecisionStump object at 0x00000288CC1CFC40>
2025-05-27 01:14:30 [INFO] adaboost.adaboost:25 - model is <base_models.decision_stump.DecisionStump object at 0x00000288CD51BF70>
2025-05-27 01:14:31 [INFO] adaboost.adaboost:25 - model is <base_models.decision_stump.DecisionStump object at 0x00000288CD51BFA0>
2025-05-27 01:14:32 [INFO] adaboost.adaboost:25 - model is <base_models.decision_stump.DecisionStump object at 0x00000288CC23E490>
2025-05-27 01:14:34 [INFO] adaboost.adaboost:25 - model is <base_models.decision_stump.DecisionStump object at 0x00000288CD51BF10>
2025-05-27 01:14:35 [INFO] adaboost.adaboost:25 - model is <base_models.decision_stump.DecisionStump object at 0x00000288CC222250>
2025-05-27 01:14:36 [INFO] adaboost.adaboost:25 - model is <base_models.decision_stump.DecisionStump object at 0x00000288CC222130>
2025-05-27 01:14:37 [INFO] adaboost.adaboost:25 - model is <base_models.decision_stump.DecisionStump object at 0x00000288CC222040>
2025-05-27 01:14:38 [INFO] adaboost.adaboost:25 - model is <base_models.decision_stump.DecisionStump object at 0x00000288CC2220D0>
2025-05-27 01:14:39 [INFO] adaboost.adaboost:25 - model is <base_models.decision_stump.DecisionStump object at 0x00000288CC222160>
2025-05-27 01:14:40 [INFO] adaboost.adaboost:25 - model is <base_models.decision_stump.DecisionStump object at 0x00000288CC25F760>
2025-05-27 01:14:41 [INFO] adaboost.adaboost:25 - model is <base_models.decision_stump.DecisionStump object at 0x00000288CC25F7C0>
2025-05-27 01:14:42 [INFO] adaboost.adaboost:25 - model is <base_models.decision_stump.DecisionStump object at 0x00000288CC25F820>
2025-05-27 01:14:44 [INFO] adaboost.adaboost:25 - model is <base_models.decision_stump.DecisionStump object at 0x00000288CC25F880>
2025-05-27 01:14:44 [INFO] adaboost.adaboost:25 - model is <base_models.decision_stump.DecisionStump object at 0x00000288CC25F8E0>
2025-05-27 01:14:45 [INFO] adaboost.adaboost:25 - model is <base_models.decision_stump.DecisionStump object at 0x00000288CC25F940>
2025-05-27 01:14:46 [INFO] adaboost.adaboost:25 - model is <base_models.decision_stump.DecisionStump object at 0x00000288CC25F9A0>
2025-05-27 01:14:47 [INFO] adaboost.adaboost:25 - model is <base_models.decision_stump.DecisionStump object at 0x00000288CC25FA00>
2025-05-27 01:14:48 [INFO] adaboost.adaboost:25 - model is <base_models.decision_stump.DecisionStump object at 0x00000288CC25FA60>
2025-05-27 01:14:49 [INFO] adaboost.adaboost:25 - model is <base_models.decision_stump.DecisionStump object at 0x00000288CC25FAC0>
2025-05-27 01:14:50 [INFO] adaboost.adaboost:25 - model is <base_models.decision_stump.DecisionStump object at 0x00000288CC25FB20>
2025-05-27 01:14:51 [INFO] adaboost.adaboost:25 - model is <base_models.decision_stump.DecisionStump object at 0x00000288CC25FB80>
2025-05-27 01:14:52 [INFO] adaboost.adaboost:25 - model is <base_models.decision_stump.DecisionStump object at 0x00000288CC25FBE0>
2025-05-27 01:14:52 [INFO] adaboost.adaboost:25 - model is <base_models.decision_stump.DecisionStump object at 0x00000288CC25FC40>
2025-05-27 01:14:54 [INFO] adaboost.adaboost:25 - model is <base_models.decision_stump.DecisionStump object at 0x00000288CC25FCA0>
2025-05-27 01:14:54 [INFO] adaboost.adaboost:25 - model is <base_models.decision_stump.DecisionStump object at 0x00000288CC25FD00>
2025-05-27 01:14:55 [INFO] adaboost.adaboost:25 - model is <base_models.decision_stump.DecisionStump object at 0x00000288CC25FD60>
2025-05-27 01:14:56 [INFO] adaboost.adaboost:25 - model is <base_models.decision_stump.DecisionStump object at 0x00000288CC25FDC0>
2025-05-27 01:14:58 [INFO] adaboost.adaboost:25 - model is <base_models.decision_stump.DecisionStump object at 0x00000288CC25FE20>
2025-05-27 01:14:59 [INFO] adaboost.adaboost:25 - model is <base_models.decision_stump.DecisionStump object at 0x00000288CC25FE80>
2025-05-27 01:14:59 [INFO] adaboost.adaboost:25 - model is <base_models.decision_stump.DecisionStump object at 0x00000288CC25FEE0>
2025-05-27 01:15:00 [INFO] adaboost.adaboost:25 - model is <base_models.decision_stump.DecisionStump object at 0x00000288CC25FF40>
2025-05-27 01:15:01 [INFO] adaboost.adaboost:25 - model is <base_models.decision_stump.DecisionStump object at 0x00000288CC25FFA0>
2025-05-27 01:15:02 [INFO] adaboost.adaboost:25 - model is <base_models.decision_stump.DecisionStump object at 0x00000288CC25F190>
2025-05-27 01:15:02 [INFO] adaboost.adaboost:25 - model is <base_models.decision_stump.DecisionStump object at 0x00000288CC25F1F0>
2025-05-27 01:15:03 [INFO] adaboost.adaboost:25 - model is <base_models.decision_stump.DecisionStump object at 0x00000288CC25F340>
2025-05-27 01:15:04 [INFO] adaboost.adaboost:25 - model is <base_models.decision_stump.DecisionStump object at 0x00000288CC25F490>
2025-05-27 01:15:04 [INFO] adaboost.adaboost:25 - model is <base_models.decision_stump.DecisionStump object at 0x00000288CC25F2E0>
2025-05-27 01:15:05 [INFO] adaboost.adaboost:25 - model is <base_models.decision_stump.DecisionStump object at 0x00000288CC25F5E0>
2025-05-27 01:15:06 [INFO] adaboost.adaboost:25 - model is <base_models.decision_stump.DecisionStump object at 0x00000288CC25F250>
2025-05-27 01:15:06 [INFO] adaboost.adaboost:25 - model is <base_models.decision_stump.DecisionStump object at 0x00000288CC25F2B0>
2025-05-27 01:15:07 [INFO] adaboost.adaboost:25 - model is <base_models.decision_stump.DecisionStump object at 0x00000288CC25F310>
2025-05-27 01:15:08 [INFO] adaboost.adaboost:25 - model is <base_models.decision_stump.DecisionStump object at 0x00000288CC25F430>
2025-05-27 01:15:09 [INFO] adaboost.adaboost:25 - model is <base_models.decision_stump.DecisionStump object at 0x00000288CC25F460>
2025-05-27 01:15:10 [INFO] adaboost.adaboost:25 - model is <base_models.decision_stump.DecisionStump object at 0x00000288CC25F3D0>
2025-05-27 01:15:10 [INFO] adaboost.adaboost:25 - model is <base_models.decision_stump.DecisionStump object at 0x00000288CC25F6A0>
2025-05-27 01:15:11 [INFO] adaboost.adaboost:25 - model is <base_models.decision_stump.DecisionStump object at 0x00000288CC25F6D0>
2025-05-27 01:15:12 [INFO] adaboost.adaboost:25 - model is <base_models.decision_stump.DecisionStump object at 0x00000288CC25F700>
2025-05-27 01:15:13 [INFO] adaboost.adaboost:25 - model is <base_models.decision_stump.DecisionStump object at 0x00000288CD3D0550>
2025-05-27 01:15:14 [INFO] adaboost.adaboost:25 - model is <base_models.decision_stump.DecisionStump object at 0x00000288CD3D05B0>
2025-05-27 01:15:15 [INFO] adaboost.adaboost:25 - model is <base_models.decision_stump.DecisionStump object at 0x00000288CD3D0610>
2025-05-27 01:15:16 [INFO] adaboost.adaboost:25 - model is <base_models.decision_stump.DecisionStump object at 0x00000288CD3D0670>
2025-05-27 01:15:17 [INFO] adaboost.adaboost:25 - model is <base_models.decision_stump.DecisionStump object at 0x00000288CD3D06D0>
2025-05-27 01:15:17 [INFO] adaboost.adaboost:25 - model is <base_models.decision_stump.DecisionStump object at 0x00000288CD3D0730>
2025-05-27 01:15:18 [INFO] adaboost.adaboost:25 - model is <base_models.decision_stump.DecisionStump object at 0x00000288CD3D0790>
2025-05-27 01:15:20 [INFO] adaboost.adaboost:25 - model is <base_models.decision_stump.DecisionStump object at 0x00000288CD3D07F0>
2025-05-27 01:15:21 [INFO] adaboost.adaboost:25 - model is <base_models.decision_stump.DecisionStump object at 0x00000288CD3D0850>
2025-05-27 01:15:23 [INFO] adaboost.adaboost:25 - model is <base_models.decision_stump.DecisionStump object at 0x00000288CD3D08B0>
2025-05-27 01:15:23 [INFO] adaboost.adaboost:25 - model is <base_models.decision_stump.DecisionStump object at 0x00000288CD3D0910>
2025-05-27 01:15:24 [INFO] adaboost.adaboost:25 - model is <base_models.decision_stump.DecisionStump object at 0x00000288CD3D0970>
2025-05-27 01:15:25 [INFO] adaboost.adaboost:25 - model is <base_models.decision_stump.DecisionStump object at 0x00000288CD3D09D0>
2025-05-27 01:15:25 [INFO] adaboost.adaboost:25 - model is <base_models.decision_stump.DecisionStump object at 0x00000288CD3D0A30>
2025-05-27 01:15:26 [INFO] adaboost.adaboost:25 - model is <base_models.decision_stump.DecisionStump object at 0x00000288CD3D0A90>
2025-05-27 01:15:27 [INFO] adaboost.adaboost:25 - model is <base_models.decision_stump.DecisionStump object at 0x00000288CD3D0AF0>
2025-05-27 01:15:28 [INFO] adaboost.adaboost:25 - model is <base_models.decision_stump.DecisionStump object at 0x00000288CD3D0B50>
2025-05-27 01:15:29 [INFO] adaboost.adaboost:25 - model is <base_models.decision_stump.DecisionStump object at 0x00000288CD3D0BE0>
2025-05-27 01:15:29 [INFO] adaboost.adaboost:25 - model is <base_models.decision_stump.DecisionStump object at 0x00000288CD3D0C40>
2025-05-27 01:15:30 [INFO] adaboost.adaboost:25 - model is <base_models.decision_stump.DecisionStump object at 0x00000288CD3D0CA0>
2025-05-27 01:15:31 [INFO] adaboost.adaboost:25 - model is <base_models.decision_stump.DecisionStump object at 0x00000288CD3D0D00>
2025-05-27 01:15:32 [INFO] adaboost.adaboost:25 - model is <base_models.decision_stump.DecisionStump object at 0x00000288CD3D0D60>
2025-05-27 01:15:33 [INFO] adaboost.adaboost:25 - model is <base_models.decision_stump.DecisionStump object at 0x00000288CD3D0DC0>
2025-05-27 01:15:34 [INFO] adaboost.adaboost:25 - model is <base_models.decision_stump.DecisionStump object at 0x00000288CD3D0E20>
2025-05-27 01:15:35 [INFO] adaboost.adaboost:25 - model is <base_models.decision_stump.DecisionStump object at 0x00000288CD3D0E80>
2025-05-27 01:15:36 [INFO] adaboost.adaboost:25 - model is <base_models.decision_stump.DecisionStump object at 0x00000288CD3D0EE0>
2025-05-27 01:15:37 [INFO] adaboost.adaboost:25 - model is <base_models.decision_stump.DecisionStump object at 0x00000288CD3D0F40>
2025-05-27 01:15:38 [INFO] adaboost.adaboost:25 - model is <base_models.decision_stump.DecisionStump object at 0x00000288CD3D0FA0>
2025-05-27 01:15:40 [INFO] adaboost.adaboost:25 - model is <base_models.decision_stump.DecisionStump object at 0x00000288CD3D0130>
2025-05-27 01:15:41 [INFO] adaboost.adaboost:25 - model is <base_models.decision_stump.DecisionStump object at 0x00000288CD3D0280>
2025-05-27 01:15:43 [INFO] adaboost.adaboost:25 - model is <base_models.decision_stump.DecisionStump object at 0x00000288CD3D02B0>
2025-05-27 01:15:45 [INFO] adaboost.adaboost:25 - model is <base_models.decision_stump.DecisionStump object at 0x00000288CD3D03D0>
2025-05-27 01:15:47 [INFO] adaboost.adaboost:25 - model is <base_models.decision_stump.DecisionStump object at 0x00000288CD3D02E0>
2025-05-27 01:15:49 [INFO] adaboost.adaboost:25 - model is <base_models.decision_stump.DecisionStump object at 0x00000288CD3D0070>
2025-05-27 01:15:51 [INFO] adaboost.adaboost:25 - model is <base_models.decision_stump.DecisionStump object at 0x00000288CD3D0160>
2025-05-27 01:15:52 [INFO] adaboost.adaboost:25 - model is <base_models.decision_stump.DecisionStump object at 0x00000288CD3D01F0>
2025-05-27 01:15:54 [INFO] adaboost.adaboost:25 - model is <base_models.decision_stump.DecisionStump object at 0x00000288CD3D0370>
2025-05-27 01:15:56 [INFO] adaboost.adaboost:25 - model is <base_models.decision_stump.DecisionStump object at 0x00000288CD3D0190>
2025-05-27 01:15:58 [INFO] adaboost.adaboost:25 - model is <base_models.decision_stump.DecisionStump object at 0x00000288CD3D0400>
2025-05-27 01:16:00 [INFO] adaboost.adaboost:25 - model is <base_models.decision_stump.DecisionStump object at 0x00000288CD3D0490>
2025-05-27 01:16:02 [INFO] adaboost.adaboost:25 - model is <base_models.decision_stump.DecisionStump object at 0x00000288CD3D04C0>
2025-05-27 01:16:04 [INFO] adaboost.adaboost:25 - model is <base_models.decision_stump.DecisionStump object at 0x00000288CC28C0A0>
2025-05-27 01:16:06 [INFO] adaboost.adaboost:25 - model is <base_models.decision_stump.DecisionStump object at 0x00000288CC28C0D0>
2025-05-27 01:16:08 [INFO] adaboost.adaboost:25 - model is <base_models.decision_stump.DecisionStump object at 0x00000288CC28C1C0>
2025-05-27 01:16:10 [INFO] adaboost.adaboost:25 - model is <base_models.decision_stump.DecisionStump object at 0x00000288CC28C070>
2025-05-27 01:16:12 [INFO] adaboost.adaboost:25 - model is <base_models.decision_stump.DecisionStump object at 0x00000288CC28C1F0>
2025-05-27 01:16:13 [INFO] adaboost.adaboost:25 - model is <base_models.decision_stump.DecisionStump object at 0x00000288CC28C220>
2025-05-27 01:16:15 [INFO] adaboost.adaboost:25 - model is <base_models.decision_stump.DecisionStump object at 0x00000288CD4E4130>
2025-05-27 01:16:16 [INFO] adaboost.adaboost:25 - model is <base_models.decision_stump.DecisionStump object at 0x00000288CC22DA90>
2025-05-27 01:16:19 [INFO] adaboost.adaboost:25 - model is <base_models.decision_stump.DecisionStump object at 0x00000288CC1E22E0>
2025-05-27 01:16:21 [INFO] adaboost.adaboost:25 - model is <base_models.decision_stump.DecisionStump object at 0x00000288CC20CB50>
2025-05-27 01:16:23 [INFO] adaboost.adaboost:25 - model is <base_models.decision_stump.DecisionStump object at 0x00000288CC1CFC40>
2025-05-27 01:16:25 [INFO] adaboost.adaboost:25 - model is <base_models.decision_stump.DecisionStump object at 0x00000288CC1CFF40>
2025-05-27 01:16:27 [INFO] adaboost.adaboost:25 - model is <base_models.decision_stump.DecisionStump object at 0x00000288CD51BEE0>
2025-05-27 01:16:29 [INFO] adaboost.adaboost:25 - model is <base_models.decision_stump.DecisionStump object at 0x00000288CD51BF10>
2025-05-27 01:16:31 [INFO] adaboost.adaboost:25 - model is <base_models.decision_stump.DecisionStump object at 0x00000288CC23E4C0>
2025-05-27 01:16:33 [INFO] adaboost.adaboost:25 - model is <base_models.decision_stump.DecisionStump object at 0x00000288CD51BFD0>
2025-05-27 01:16:35 [INFO] adaboost.adaboost:25 - model is <base_models.decision_stump.DecisionStump object at 0x00000288CC222190>
2025-05-27 01:16:37 [INFO] adaboost.adaboost:25 - model is <base_models.decision_stump.DecisionStump object at 0x00000288CC222100>
2025-05-27 01:16:39 [INFO] adaboost.adaboost:25 - model is <base_models.decision_stump.DecisionStump object at 0x00000288CC2221F0>
2025-05-27 01:16:40 [INFO] adaboost.adaboost:25 - model is <base_models.decision_stump.DecisionStump object at 0x00000288CC222220>
2025-05-27 01:16:42 [INFO] adaboost.adaboost:25 - model is <base_models.decision_stump.DecisionStump object at 0x00000288CC222250>
2025-05-27 01:16:44 [INFO] adaboost.adaboost:25 - model is <base_models.decision_stump.DecisionStump object at 0x00000288CC25F7F0>
2025-05-27 01:16:46 [INFO] adaboost.adaboost:25 - model is <base_models.decision_stump.DecisionStump object at 0x00000288CC25F850>
2025-05-27 01:16:47 [INFO] adaboost.adaboost:25 - model is <base_models.decision_stump.DecisionStump object at 0x00000288CC25F8B0>
2025-05-27 01:16:49 [INFO] adaboost.adaboost:25 - model is <base_models.decision_stump.DecisionStump object at 0x00000288CC25F910>
2025-05-27 01:16:51 [INFO] adaboost.adaboost:25 - model is <base_models.decision_stump.DecisionStump object at 0x00000288CC25F970>
2025-05-27 01:16:53 [INFO] adaboost.adaboost:25 - model is <base_models.decision_stump.DecisionStump object at 0x00000288CC25F9D0>
2025-05-27 01:16:55 [INFO] adaboost.adaboost:25 - model is <base_models.decision_stump.DecisionStump object at 0x00000288CC25FA30>
2025-05-27 01:16:57 [INFO] adaboost.adaboost:25 - model is <base_models.decision_stump.DecisionStump object at 0x00000288CC25FA90>
2025-05-27 01:16:59 [INFO] adaboost.adaboost:25 - model is <base_models.decision_stump.DecisionStump object at 0x00000288CC25FAF0>
2025-05-27 01:17:00 [INFO] adaboost.adaboost:25 - model is <base_models.decision_stump.DecisionStump object at 0x00000288CC25FB50>
2025-05-27 01:17:02 [INFO] adaboost.adaboost:25 - model is <base_models.decision_stump.DecisionStump object at 0x00000288CC25FBB0>
2025-05-27 01:17:04 [INFO] adaboost.adaboost:25 - model is <base_models.decision_stump.DecisionStump object at 0x00000288CC25FC10>
2025-05-27 01:17:06 [INFO] adaboost.adaboost:25 - model is <base_models.decision_stump.DecisionStump object at 0x00000288CC25FC70>
2025-05-27 01:17:07 [INFO] adaboost.adaboost:25 - model is <base_models.decision_stump.DecisionStump object at 0x00000288CC25FCD0>
2025-05-27 01:17:09 [INFO] adaboost.adaboost:25 - model is <base_models.decision_stump.DecisionStump object at 0x00000288CC25FD30>
2025-05-27 01:17:11 [INFO] adaboost.adaboost:25 - model is <base_models.decision_stump.DecisionStump object at 0x00000288CC25FD90>
2025-05-27 01:17:12 [INFO] adaboost.adaboost:25 - model is <base_models.decision_stump.DecisionStump object at 0x00000288CC25FDF0>
2025-05-27 01:17:14 [INFO] adaboost.adaboost:25 - model is <base_models.decision_stump.DecisionStump object at 0x00000288CC25FE50>
2025-05-27 01:17:16 [INFO] adaboost.adaboost:25 - model is <base_models.decision_stump.DecisionStump object at 0x00000288CC25FEB0>
2025-05-27 01:17:17 [INFO] adaboost.adaboost:25 - model is <base_models.decision_stump.DecisionStump object at 0x00000288CC25FF10>
2025-05-27 01:17:19 [INFO] adaboost.adaboost:25 - model is <base_models.decision_stump.DecisionStump object at 0x00000288CC25FF70>
2025-05-27 01:17:20 [INFO] adaboost.adaboost:25 - model is <base_models.decision_stump.DecisionStump object at 0x00000288CC25FFD0>
2025-05-27 01:17:21 [INFO] adaboost.adaboost:25 - model is <base_models.decision_stump.DecisionStump object at 0x00000288CC25F1C0>
2025-05-27 01:17:22 [INFO] adaboost.adaboost:25 - model is <base_models.decision_stump.DecisionStump object at 0x00000288CC25F370>
2025-05-27 01:17:23 [INFO] adaboost.adaboost:25 - model is <base_models.decision_stump.DecisionStump object at 0x00000288CC25F4C0>
2025-05-27 01:17:24 [INFO] adaboost.adaboost:25 - model is <base_models.decision_stump.DecisionStump object at 0x00000288CC25F4F0>
2025-05-27 01:17:25 [INFO] adaboost.adaboost:25 - model is <base_models.decision_stump.DecisionStump object at 0x00000288CC25F610>
2025-05-27 01:17:26 [INFO] adaboost.adaboost:25 - model is <base_models.decision_stump.DecisionStump object at 0x00000288CC25F520>
2025-05-27 01:17:27 [INFO] adaboost.adaboost:25 - model is <base_models.decision_stump.DecisionStump object at 0x00000288CC25F550>
2025-05-27 01:17:27 [INFO] adaboost.adaboost:25 - model is <base_models.decision_stump.DecisionStump object at 0x00000288CC25F400>
2025-05-27 01:17:28 [INFO] adaboost.adaboost:25 - model is <base_models.decision_stump.DecisionStump object at 0x00000288CC25F3A0>
2025-05-27 01:17:29 [INFO] adaboost.adaboost:25 - model is <base_models.decision_stump.DecisionStump object at 0x00000288CC25F580>
2025-05-27 01:17:30 [INFO] adaboost.adaboost:25 - model is <base_models.decision_stump.DecisionStump object at 0x00000288CC25F5B0>
2025-05-27 01:17:31 [INFO] adaboost.adaboost:25 - model is <base_models.decision_stump.DecisionStump object at 0x00000288CC25F670>
2025-05-27 01:17:32 [INFO] adaboost.adaboost:25 - model is <base_models.decision_stump.DecisionStump object at 0x00000288CC25F640>
2025-05-27 01:17:33 [INFO] adaboost.adaboost:25 - model is <base_models.decision_stump.DecisionStump object at 0x00000288CC25F730>
2025-05-27 01:17:34 [INFO] adaboost.adaboost:25 - model is <base_models.decision_stump.DecisionStump object at 0x00000288CC25F700>
2025-05-27 01:17:34 [INFO] adaboost.adaboost:25 - model is <base_models.decision_stump.DecisionStump object at 0x00000288CC25F790>
2025-05-27 01:17:35 [INFO] adaboost.adaboost:25 - model is <base_models.decision_stump.DecisionStump object at 0x00000288CD3D05E0>
2025-05-27 01:17:36 [INFO] adaboost.adaboost:25 - model is <base_models.decision_stump.DecisionStump object at 0x00000288CD3D0640>
2025-05-27 01:17:37 [INFO] adaboost.adaboost:25 - model is <base_models.decision_stump.DecisionStump object at 0x00000288CD3D06A0>
2025-05-27 01:17:37 [INFO] adaboost.adaboost:25 - model is <base_models.decision_stump.DecisionStump object at 0x00000288CD3D0700>
2025-05-27 01:17:38 [INFO] adaboost.adaboost:25 - model is <base_models.decision_stump.DecisionStump object at 0x00000288CD3D0760>
2025-05-27 01:17:39 [INFO] adaboost.adaboost:25 - model is <base_models.decision_stump.DecisionStump object at 0x00000288CD3D0880>
2025-05-27 01:17:40 [INFO] adaboost.adaboost:25 - model is <base_models.decision_stump.DecisionStump object at 0x00000288CD3D08E0>
2025-05-27 01:17:41 [INFO] adaboost.adaboost:25 - model is <base_models.decision_stump.DecisionStump object at 0x00000288CD3D0940>
2025-05-27 01:17:41 [INFO] adaboost.adaboost:25 - model is <base_models.decision_stump.DecisionStump object at 0x00000288CD3D09A0>
2025-05-27 01:17:42 [INFO] adaboost.adaboost:25 - model is <base_models.decision_stump.DecisionStump object at 0x00000288CD3D0A00>
2025-05-27 01:17:43 [INFO] adaboost.adaboost:25 - model is <base_models.decision_stump.DecisionStump object at 0x00000288CD3D0A60>
2025-05-27 01:17:44 [INFO] adaboost.adaboost:25 - model is <base_models.decision_stump.DecisionStump object at 0x00000288CD3D0AC0>
2025-05-27 01:17:45 [INFO] adaboost.adaboost:25 - model is <base_models.decision_stump.DecisionStump object at 0x00000288CD3D0B20>
2025-05-27 01:17:47 [INFO] adaboost.adaboost:25 - model is <base_models.decision_stump.DecisionStump object at 0x00000288CD3D0B80>
2025-05-27 01:17:48 [INFO] adaboost.adaboost:25 - model is <base_models.decision_stump.DecisionStump object at 0x00000288CD3D0C10>
2025-05-27 01:17:49 [INFO] adaboost.adaboost:25 - model is <base_models.decision_stump.DecisionStump object at 0x00000288CD3D0C70>
2025-05-27 01:17:50 [INFO] adaboost.adaboost:25 - model is <base_models.decision_stump.DecisionStump object at 0x00000288CD3D0CD0>
2025-05-27 01:17:52 [INFO] adaboost.adaboost:25 - model is <base_models.decision_stump.DecisionStump object at 0x00000288CD3D0D30>
2025-05-27 01:17:52 [INFO] adaboost.adaboost:25 - model is <base_models.decision_stump.DecisionStump object at 0x00000288CD3D0D90>
2025-05-27 01:17:53 [INFO] adaboost.adaboost:25 - model is <base_models.decision_stump.DecisionStump object at 0x00000288CD3D0DF0>
2025-05-27 01:17:54 [INFO] adaboost.adaboost:25 - model is <base_models.decision_stump.DecisionStump object at 0x00000288CD3D0E50>
2025-05-27 01:17:55 [INFO] adaboost.adaboost:25 - model is <base_models.decision_stump.DecisionStump object at 0x00000288CD3D0EB0>
2025-05-27 01:17:56 [INFO] adaboost.adaboost:25 - model is <base_models.decision_stump.DecisionStump object at 0x00000288CD3D0F10>
2025-05-27 01:17:57 [INFO] adaboost.adaboost:25 - model is <base_models.decision_stump.DecisionStump object at 0x00000288CD3D0F70>
2025-05-27 01:17:57 [INFO] adaboost.adaboost:25 - model is <base_models.decision_stump.DecisionStump object at 0x00000288CD3D0FD0>
2025-05-27 01:17:58 [INFO] adaboost.adaboost:25 - model is <base_models.decision_stump.DecisionStump object at 0x00000288CD3D0100>
2025-05-27 01:17:59 [INFO] adaboost.adaboost:25 - model is <base_models.decision_stump.DecisionStump object at 0x00000288CD3D0250>
2025-05-27 01:18:00 [INFO] adaboost.adaboost:25 - model is <base_models.decision_stump.DecisionStump object at 0x00000288CD3D00A0>
2025-05-27 01:18:01 [INFO] adaboost.adaboost:25 - model is <base_models.decision_stump.DecisionStump object at 0x00000288CD3D03A0>
2025-05-27 01:18:02 [INFO] adaboost.adaboost:25 - model is <base_models.decision_stump.DecisionStump object at 0x00000288CD3D0310>
2025-05-27 01:18:03 [INFO] adaboost.adaboost:25 - model is <base_models.decision_stump.DecisionStump object at 0x00000288CD3D0040>
2025-05-27 01:18:04 [INFO] adaboost.adaboost:25 - model is <base_models.decision_stump.DecisionStump object at 0x00000288CD3D00D0>
2025-05-27 01:18:08 [INFO] adaboost.adaboost:25 - model is <base_models.decision_stump.DecisionStump object at 0x00000288CD3D01C0>
2025-05-27 01:18:12 [INFO] adaboost.adaboost:25 - model is <base_models.decision_stump.DecisionStump object at 0x00000288CD3D0220>
2025-05-27 01:18:17 [INFO] adaboost.adaboost:25 - model is <base_models.decision_stump.DecisionStump object at 0x00000288CD3D0340>
2025-05-27 01:18:20 [INFO] adaboost.adaboost:25 - model is <base_models.decision_stump.DecisionStump object at 0x00000288CD3D0460>
2025-05-27 01:18:22 [INFO] adaboost.adaboost:25 - model is <base_models.decision_stump.DecisionStump object at 0x00000288CD3D0430>
2025-05-27 01:18:24 [INFO] adaboost.adaboost:25 - model is <base_models.decision_stump.DecisionStump object at 0x00000288CD3D0520>
2025-05-27 01:18:26 [INFO] adaboost.adaboost:25 - model is <base_models.decision_stump.DecisionStump object at 0x00000288CD3D0550>
2025-05-27 01:18:28 [INFO] adaboost.adaboost:25 - model is <base_models.decision_stump.DecisionStump object at 0x00000288CC28C130>
2025-05-27 01:18:30 [INFO] adaboost.adaboost:25 - model is <base_models.decision_stump.DecisionStump object at 0x00000288CC28C100>
2025-05-27 01:18:31 [INFO] adaboost.adaboost:25 - model is <base_models.decision_stump.DecisionStump object at 0x00000288CC28C040>
2025-05-27 01:18:32 [INFO] adaboost.adaboost:25 - model is <base_models.decision_stump.DecisionStump object at 0x00000288CC28C160>
2025-05-27 01:18:33 [INFO] adaboost.adaboost:25 - model is <base_models.decision_stump.DecisionStump object at 0x00000288CC28C220>
2025-05-27 01:18:34 [INFO] adaboost.adaboost:25 - model is <base_models.decision_stump.DecisionStump object at 0x00000288CC28C190>
2025-05-27 01:18:35 [INFO] adaboost.adaboost:25 - model is <base_models.decision_stump.DecisionStump object at 0x00000288CD4E4160>
2025-05-27 01:18:36 [INFO] adaboost.adaboost:25 - model is <base_models.decision_stump.DecisionStump object at 0x00000288CD4E44C0>
2025-05-27 01:18:37 [INFO] adaboost.adaboost:25 - model is <base_models.decision_stump.DecisionStump object at 0x00000288CD4E4520>
2025-05-27 01:18:38 [INFO] adaboost.adaboost:25 - model is <base_models.decision_stump.DecisionStump object at 0x00000288CC22DA90>
2025-05-27 01:18:39 [INFO] adaboost.adaboost:25 - model is <base_models.decision_stump.DecisionStump object at 0x00000288CC20C850>
2025-05-27 01:18:40 [INFO] adaboost.adaboost:25 - model is <base_models.decision_stump.DecisionStump object at 0x00000288CC1E22E0>
2025-05-27 01:18:41 [INFO] adaboost.adaboost:25 - model is <base_models.decision_stump.DecisionStump object at 0x00000288CC1CFF40>
2025-05-27 01:18:41 [INFO] adaboost.adaboost:25 - model is <base_models.decision_stump.DecisionStump object at 0x00000288CC1CFCD0>
2025-05-27 01:18:42 [INFO] adaboost.adaboost:25 - model is <base_models.decision_stump.DecisionStump object at 0x00000288CD51BF70>
2025-05-27 01:18:43 [INFO] adaboost.adaboost:25 - model is <base_models.decision_stump.DecisionStump object at 0x00000288CD51BFD0>
2025-05-27 01:18:43 [INFO] adaboost.adaboost:25 - model is <base_models.decision_stump.DecisionStump object at 0x00000288CC23E490>
2025-05-27 01:18:44 [INFO] adaboost.adaboost:25 - model is <base_models.decision_stump.DecisionStump object at 0x00000288CD51BEB0>
2025-05-27 01:18:44 [INFO] adaboost.adaboost:25 - model is <base_models.decision_stump.DecisionStump object at 0x00000288CC222040>
2025-05-27 01:18:45 [INFO] adaboost.adaboost:25 - model is <base_models.decision_stump.DecisionStump object at 0x00000288CC2220D0>
2025-05-27 01:18:46 [INFO] adaboost.adaboost:25 - model is <base_models.decision_stump.DecisionStump object at 0x00000288CC222160>
2025-05-27 01:18:46 [INFO] adaboost.adaboost:25 - model is <base_models.decision_stump.DecisionStump object at 0x00000288CC2221C0>
2025-05-27 01:18:47 [INFO] adaboost.adaboost:25 - model is <base_models.decision_stump.DecisionStump object at 0x00000288CC222190>
2025-05-27 01:18:48 [INFO] adaboost.adaboost:25 - model is <base_models.decision_stump.DecisionStump object at 0x00000288CC25F820>
2025-05-27 01:18:49 [INFO] adaboost.adaboost:25 - model is <base_models.decision_stump.DecisionStump object at 0x00000288CC25F880>
2025-05-27 01:18:50 [INFO] adaboost.adaboost:25 - model is <base_models.decision_stump.DecisionStump object at 0x00000288CC25F8E0>
2025-05-27 01:18:50 [INFO] adaboost.adaboost:25 - model is <base_models.decision_stump.DecisionStump object at 0x00000288CC25F940>
2025-05-27 01:18:51 [INFO] adaboost.adaboost:25 - model is <base_models.decision_stump.DecisionStump object at 0x00000288CC25F9A0>
2025-05-27 01:18:52 [INFO] adaboost.adaboost:25 - model is <base_models.decision_stump.DecisionStump object at 0x00000288CC25FA00>
2025-05-27 01:18:52 [INFO] adaboost.adaboost:25 - model is <base_models.decision_stump.DecisionStump object at 0x00000288CC25FA60>
2025-05-27 01:18:53 [INFO] adaboost.adaboost:25 - model is <base_models.decision_stump.DecisionStump object at 0x00000288CC25FAC0>
2025-05-27 01:18:54 [INFO] adaboost.adaboost:25 - model is <base_models.decision_stump.DecisionStump object at 0x00000288CC25FB20>
2025-05-27 01:18:55 [INFO] adaboost.adaboost:25 - model is <base_models.decision_stump.DecisionStump object at 0x00000288CC25FB80>
2025-05-27 01:18:56 [INFO] adaboost.adaboost:25 - model is <base_models.decision_stump.DecisionStump object at 0x00000288CC25FBE0>
2025-05-27 01:18:57 [INFO] adaboost.adaboost:25 - model is <base_models.decision_stump.DecisionStump object at 0x00000288CC25FC40>
2025-05-27 01:18:58 [INFO] adaboost.adaboost:25 - model is <base_models.decision_stump.DecisionStump object at 0x00000288CC25FCA0>
2025-05-27 01:18:59 [INFO] adaboost.adaboost:25 - model is <base_models.decision_stump.DecisionStump object at 0x00000288CC25FD00>
2025-05-27 01:19:00 [INFO] adaboost.adaboost:25 - model is <base_models.decision_stump.DecisionStump object at 0x00000288CC25FD60>
2025-05-27 01:19:00 [INFO] adaboost.adaboost:25 - model is <base_models.decision_stump.DecisionStump object at 0x00000288CC25FDC0>
2025-05-27 01:19:01 [INFO] adaboost.adaboost:25 - model is <base_models.decision_stump.DecisionStump object at 0x00000288CC25FE20>
2025-05-27 01:19:02 [INFO] adaboost.adaboost:25 - model is <base_models.decision_stump.DecisionStump object at 0x00000288CC25FE80>
2025-05-27 01:19:03 [INFO] adaboost.adaboost:25 - model is <base_models.decision_stump.DecisionStump object at 0x00000288CC25FEE0>
2025-05-27 01:19:04 [INFO] adaboost.adaboost:25 - model is <base_models.decision_stump.DecisionStump object at 0x00000288CC25FF40>
2025-05-27 01:19:04 [INFO] adaboost.adaboost:25 - model is <base_models.decision_stump.DecisionStump object at 0x00000288CC25FFA0>
2025-05-27 01:19:05 [INFO] adaboost.adaboost:25 - model is <base_models.decision_stump.DecisionStump object at 0x00000288CC25F190>
2025-05-27 01:19:06 [INFO] adaboost.adaboost:25 - model is <base_models.decision_stump.DecisionStump object at 0x00000288CC25F1F0>
2025-05-27 01:19:07 [INFO] adaboost.adaboost:25 - model is <base_models.decision_stump.DecisionStump object at 0x00000288CC25F340>
2025-05-27 01:19:07 [INFO] adaboost.adaboost:25 - model is <base_models.decision_stump.DecisionStump object at 0x00000288CC25F490>
2025-05-27 01:19:08 [INFO] adaboost.adaboost:25 - model is <base_models.decision_stump.DecisionStump object at 0x00000288CC25F2E0>
2025-05-27 01:19:09 [INFO] adaboost.adaboost:25 - model is <base_models.decision_stump.DecisionStump object at 0x00000288CC25F5E0>
2025-05-27 01:19:09 [INFO] adaboost.adaboost:25 - model is <base_models.decision_stump.DecisionStump object at 0x00000288CC25F250>
2025-05-27 01:19:10 [INFO] adaboost.adaboost:25 - model is <base_models.decision_stump.DecisionStump object at 0x00000288CC25F2B0>
2025-05-27 01:19:11 [INFO] adaboost.adaboost:25 - model is <base_models.decision_stump.DecisionStump object at 0x00000288CC25F310>
2025-05-27 01:19:11 [INFO] adaboost.adaboost:25 - model is <base_models.decision_stump.DecisionStump object at 0x00000288CC25F430>
2025-05-27 01:19:12 [INFO] adaboost.adaboost:25 - model is <base_models.decision_stump.DecisionStump object at 0x00000288CC25F460>
2025-05-27 01:19:12 [INFO] adaboost.adaboost:25 - model is <base_models.decision_stump.DecisionStump object at 0x00000288CC25F3D0>
2025-05-27 01:19:13 [INFO] adaboost.adaboost:25 - model is <base_models.decision_stump.DecisionStump object at 0x00000288CC25F6A0>
2025-05-27 01:19:13 [INFO] adaboost.adaboost:25 - model is <base_models.decision_stump.DecisionStump object at 0x00000288CC25F6D0>
2025-05-27 01:19:14 [INFO] adaboost.adaboost:25 - model is <base_models.decision_stump.DecisionStump object at 0x00000288CC25F760>
2025-05-27 01:19:15 [INFO] adaboost.adaboost:25 - model is <base_models.decision_stump.DecisionStump object at 0x00000288CC25F790>
2025-05-27 01:19:15 [INFO] adaboost.adaboost:25 - model is <base_models.decision_stump.DecisionStump object at 0x00000288CC25F7C0>
2025-05-27 01:19:16 [INFO] adaboost.adaboost:25 - model is <base_models.decision_stump.DecisionStump object at 0x00000288CD3D0610>
2025-05-27 01:19:17 [INFO] adaboost.adaboost:25 - model is <base_models.decision_stump.DecisionStump object at 0x00000288CD3D0670>
2025-05-27 01:19:17 [INFO] adaboost.adaboost:25 - model is <base_models.decision_stump.DecisionStump object at 0x00000288CD3D06D0>
2025-05-27 01:19:18 [INFO] adaboost.adaboost:25 - model is <base_models.decision_stump.DecisionStump object at 0x00000288CD3D0730>
2025-05-27 01:19:19 [INFO] adaboost.adaboost:25 - model is <base_models.decision_stump.DecisionStump object at 0x00000288CD3D0850>
2025-05-27 01:19:19 [INFO] adaboost.adaboost:25 - model is <base_models.decision_stump.DecisionStump object at 0x00000288CD3D08B0>
2025-05-27 01:19:20 [INFO] adaboost.adaboost:25 - model is <base_models.decision_stump.DecisionStump object at 0x00000288CD3D0910>
2025-05-27 01:19:21 [INFO] adaboost.adaboost:25 - model is <base_models.decision_stump.DecisionStump object at 0x00000288CD3D0970>
2025-05-27 01:19:21 [INFO] adaboost.adaboost:25 - model is <base_models.decision_stump.DecisionStump object at 0x00000288CD3D09D0>
2025-05-27 01:19:22 [INFO] adaboost.adaboost:25 - model is <base_models.decision_stump.DecisionStump object at 0x00000288CD3D0A30>
2025-05-27 01:19:23 [INFO] adaboost.adaboost:25 - model is <base_models.decision_stump.DecisionStump object at 0x00000288CD3D0A90>
2025-05-27 01:19:23 [INFO] adaboost.adaboost:25 - model is <base_models.decision_stump.DecisionStump object at 0x00000288CD3D0AF0>
2025-05-27 01:19:24 [INFO] adaboost.adaboost:25 - model is <base_models.decision_stump.DecisionStump object at 0x00000288CD3D0B50>
2025-05-27 01:19:25 [INFO] adaboost.adaboost:25 - model is <base_models.decision_stump.DecisionStump object at 0x00000288CD3D0BE0>
2025-05-27 01:19:25 [INFO] adaboost.adaboost:25 - model is <base_models.decision_stump.DecisionStump object at 0x00000288CD3D0C40>
2025-05-27 01:19:26 [INFO] adaboost.adaboost:25 - model is <base_models.decision_stump.DecisionStump object at 0x00000288CD3D0CA0>
2025-05-27 01:19:27 [INFO] adaboost.adaboost:25 - model is <base_models.decision_stump.DecisionStump object at 0x00000288CD3D0D00>
2025-05-27 01:19:27 [INFO] adaboost.adaboost:25 - model is <base_models.decision_stump.DecisionStump object at 0x00000288CD3D0D60>
2025-05-27 01:19:28 [INFO] adaboost.adaboost:25 - model is <base_models.decision_stump.DecisionStump object at 0x00000288CD3D0DC0>
2025-05-27 01:19:29 [INFO] adaboost.adaboost:25 - model is <base_models.decision_stump.DecisionStump object at 0x00000288CD3D0E20>
2025-05-27 01:19:30 [INFO] adaboost.adaboost:25 - model is <base_models.decision_stump.DecisionStump object at 0x00000288CD3D0E80>
2025-05-27 01:19:31 [INFO] adaboost.adaboost:25 - model is <base_models.decision_stump.DecisionStump object at 0x00000288CD3D0EE0>
2025-05-27 01:19:31 [INFO] adaboost.adaboost:25 - model is <base_models.decision_stump.DecisionStump object at 0x00000288CD3D0F40>
2025-05-27 01:19:32 [INFO] adaboost.adaboost:25 - model is <base_models.decision_stump.DecisionStump object at 0x00000288CD3D0FA0>
2025-05-27 01:19:33 [INFO] adaboost.adaboost:25 - model is <base_models.decision_stump.DecisionStump object at 0x00000288CD3D0130>
2025-05-27 01:19:34 [INFO] adaboost.adaboost:25 - model is <base_models.decision_stump.DecisionStump object at 0x00000288CD3D0280>
2025-05-27 01:19:35 [INFO] adaboost.adaboost:25 - model is <base_models.decision_stump.DecisionStump object at 0x00000288CD3D02B0>
2025-05-27 01:19:36 [INFO] adaboost.adaboost:25 - model is <base_models.decision_stump.DecisionStump object at 0x00000288CD3D03D0>
2025-05-27 01:19:36 [INFO] adaboost.adaboost:25 - model is <base_models.decision_stump.DecisionStump object at 0x00000288CD3D02E0>
2025-05-27 01:19:37 [INFO] adaboost.adaboost:25 - model is <base_models.decision_stump.DecisionStump object at 0x00000288CD3D0070>
2025-05-27 01:19:38 [INFO] adaboost.adaboost:25 - model is <base_models.decision_stump.DecisionStump object at 0x00000288CD3D0160>
2025-05-27 01:19:39 [INFO] adaboost.adaboost:25 - model is <base_models.decision_stump.DecisionStump object at 0x00000288CD3D01F0>
2025-05-27 01:19:40 [INFO] adaboost.adaboost:25 - model is <base_models.decision_stump.DecisionStump object at 0x00000288CD3D0370>
2025-05-27 01:19:41 [INFO] adaboost.adaboost:25 - model is <base_models.decision_stump.DecisionStump object at 0x00000288CD3D0190>
2025-05-27 01:19:42 [INFO] adaboost.adaboost:25 - model is <base_models.decision_stump.DecisionStump object at 0x00000288CD3D0400>
2025-05-27 01:19:43 [INFO] adaboost.adaboost:25 - model is <base_models.decision_stump.DecisionStump object at 0x00000288CD3D0490>
2025-05-27 01:19:43 [INFO] adaboost.adaboost:25 - model is <base_models.decision_stump.DecisionStump object at 0x00000288CD3D04C0>
2025-05-27 01:19:45 [INFO] adaboost.adaboost:25 - model is <base_models.decision_stump.DecisionStump object at 0x00000288CD3D0790>
2025-05-27 01:19:46 [INFO] adaboost.adaboost:25 - model is <base_models.decision_stump.DecisionStump object at 0x00000288CD3D0580>
2025-05-27 01:19:46 [INFO] adaboost.adaboost:25 - model is <base_models.decision_stump.DecisionStump object at 0x00000288CC28C1C0>
2025-05-27 01:19:47 [INFO] adaboost.adaboost:25 - model is <base_models.decision_stump.DecisionStump object at 0x00000288CC28C070>
2025-05-27 01:19:48 [INFO] adaboost.adaboost:25 - model is <base_models.decision_stump.DecisionStump object at 0x00000288CC28C1F0>
2025-05-27 01:19:49 [INFO] adaboost.adaboost:25 - model is <base_models.decision_stump.DecisionStump object at 0x00000288CC28C0A0>
2025-05-27 01:19:50 [INFO] adaboost.adaboost:25 - model is <base_models.decision_stump.DecisionStump object at 0x00000288CC28C190>
2025-05-27 01:19:51 [INFO] adaboost.adaboost:25 - model is <base_models.decision_stump.DecisionStump object at 0x00000288CC28C0D0>
2025-05-27 01:19:52 [INFO] adaboost.adaboost:25 - model is <base_models.decision_stump.DecisionStump object at 0x00000288CD4E4130>
2025-05-27 01:19:53 [INFO] adaboost.adaboost:25 - model is <base_models.decision_stump.DecisionStump object at 0x00000288CD4E4490>
2025-05-27 01:19:54 [INFO] adaboost.adaboost:25 - model is <base_models.decision_stump.DecisionStump object at 0x00000288CD4E44F0>
2025-05-27 01:19:55 [INFO] __main__:109 - 完成基分类器数目=100 的10折输出
2025-05-27 01:19:55 [INFO] __main__:110 - 所有折次训练完成，10折交叉验证结果已输出到 experiments/ 文件夹
