2025-05-27 01:23:50 [INFO] __main__:38 - 基分类器编号: 0
2025-05-27 01:23:50 [INFO] __main__:79 - 使用基分类器: LogisticRegression 进行10折交叉验证，并输出到 experiments/ 文件夹
2025-05-27 01:23:50 [INFO] utils.data_loader:10 - load_data: 读取 data.csv 和 targets.csv, 样本数=3680, 特征数=57
2025-05-27 01:23:50 [INFO] __main__:84 - Applying feature scaling for Logistic Regression.
2025-05-27 01:23:50 [INFO] utils.cross_validation:26 - k_fold_split: 已拆分为 10 折, each fold size~368 (最后一折=368)
2025-05-27 01:23:50 [INFO] adaboost.adaboost:25 - model is <base_models.logistic_regression.LogisticRegressionModel object at 0x0000024A22492F70>
2025-05-27 01:23:50 [INFO] base_models.logistic_regression:57 - LogisticRegression final iteration 0, max_iter=850, learning_rate = 0.00707
2025-05-27 01:23:51 [INFO] base_models.logistic_regression:57 - LogisticRegression final iteration 849, max_iter=850, learning_rate = 0.00707
2025-05-27 01:23:51 [INFO] adaboost.adaboost:25 - model is <base_models.logistic_regression.LogisticRegressionModel object at 0x0000024A7F554640>
2025-05-27 01:23:51 [INFO] base_models.logistic_regression:57 - LogisticRegression final iteration 0, max_iter=850, learning_rate = 0.00707
2025-05-27 01:23:53 [INFO] base_models.logistic_regression:57 - LogisticRegression final iteration 849, max_iter=850, learning_rate = 0.00707
2025-05-27 01:23:53 [INFO] adaboost.adaboost:25 - model is <base_models.logistic_regression.LogisticRegressionModel object at 0x0000024A7F5122E0>
2025-05-27 01:23:53 [INFO] base_models.logistic_regression:57 - LogisticRegression final iteration 0, max_iter=850, learning_rate = 0.00707
2025-05-27 01:23:54 [INFO] base_models.logistic_regression:57 - LogisticRegression final iteration 849, max_iter=850, learning_rate = 0.00707
2025-05-27 01:23:54 [INFO] adaboost.adaboost:25 - model is <base_models.logistic_regression.LogisticRegressionModel object at 0x0000024A7F5122E0>
2025-05-27 01:23:54 [INFO] base_models.logistic_regression:57 - LogisticRegression final iteration 0, max_iter=850, learning_rate = 0.00707
2025-05-27 01:23:55 [INFO] base_models.logistic_regression:57 - LogisticRegression final iteration 849, max_iter=850, learning_rate = 0.00707
2025-05-27 01:23:55 [INFO] adaboost.adaboost:25 - model is <base_models.logistic_regression.LogisticRegressionModel object at 0x0000024A7F5122E0>
2025-05-27 01:23:55 [INFO] base_models.logistic_regression:57 - LogisticRegression final iteration 0, max_iter=850, learning_rate = 0.00707
2025-05-27 01:23:57 [INFO] base_models.logistic_regression:57 - LogisticRegression final iteration 849, max_iter=850, learning_rate = 0.00707
2025-05-27 01:23:57 [INFO] adaboost.adaboost:25 - model is <base_models.logistic_regression.LogisticRegressionModel object at 0x0000024A7F5122E0>
2025-05-27 01:23:57 [INFO] base_models.logistic_regression:57 - LogisticRegression final iteration 0, max_iter=850, learning_rate = 0.00707
2025-05-27 01:23:58 [INFO] base_models.logistic_regression:57 - LogisticRegression final iteration 849, max_iter=850, learning_rate = 0.00707
2025-05-27 01:23:58 [INFO] adaboost.adaboost:25 - model is <base_models.logistic_regression.LogisticRegressionModel object at 0x0000024A7F5122E0>
2025-05-27 01:23:58 [INFO] base_models.logistic_regression:57 - LogisticRegression final iteration 0, max_iter=850, learning_rate = 0.00707
2025-05-27 01:23:59 [INFO] base_models.logistic_regression:57 - LogisticRegression final iteration 849, max_iter=850, learning_rate = 0.00707
2025-05-27 01:23:59 [INFO] adaboost.adaboost:25 - model is <base_models.logistic_regression.LogisticRegressionModel object at 0x0000024A7F5122E0>
2025-05-27 01:23:59 [INFO] base_models.logistic_regression:57 - LogisticRegression final iteration 0, max_iter=850, learning_rate = 0.00707
2025-05-27 01:24:00 [INFO] base_models.logistic_regression:57 - LogisticRegression final iteration 849, max_iter=850, learning_rate = 0.00707
2025-05-27 01:24:00 [INFO] adaboost.adaboost:25 - model is <base_models.logistic_regression.LogisticRegressionModel object at 0x0000024A7F5122E0>
2025-05-27 01:24:00 [INFO] base_models.logistic_regression:57 - LogisticRegression final iteration 0, max_iter=850, learning_rate = 0.00707
2025-05-27 01:24:01 [INFO] base_models.logistic_regression:57 - LogisticRegression final iteration 849, max_iter=850, learning_rate = 0.00707
2025-05-27 01:24:01 [INFO] adaboost.adaboost:25 - model is <base_models.logistic_regression.LogisticRegressionModel object at 0x0000024A7F4FFCD0>
2025-05-27 01:24:01 [INFO] base_models.logistic_regression:57 - LogisticRegression final iteration 0, max_iter=850, learning_rate = 0.00707
2025-05-27 01:24:03 [INFO] base_models.logistic_regression:57 - LogisticRegression final iteration 849, max_iter=850, learning_rate = 0.00707
2025-05-27 01:24:03 [INFO] __main__:109 - 完成基分类器数目=1 的10折输出
2025-05-27 01:24:03 [INFO] adaboost.adaboost:25 - model is <base_models.logistic_regression.LogisticRegressionModel object at 0x0000024A7F554640>
2025-05-27 01:24:03 [INFO] base_models.logistic_regression:57 - LogisticRegression final iteration 0, max_iter=850, learning_rate = 0.00707
2025-05-27 01:24:04 [INFO] base_models.logistic_regression:57 - LogisticRegression final iteration 849, max_iter=850, learning_rate = 0.00707
2025-05-27 01:24:04 [INFO] adaboost.adaboost:25 - model is <base_models.logistic_regression.LogisticRegressionModel object at 0x0000024A7F4FFCD0>
2025-05-27 01:24:04 [INFO] base_models.logistic_regression:57 - LogisticRegression final iteration 0, max_iter=850, learning_rate = 0.00707
2025-05-27 01:24:06 [INFO] base_models.logistic_regression:57 - LogisticRegression final iteration 849, max_iter=850, learning_rate = 0.00707
2025-05-27 01:24:06 [INFO] adaboost.adaboost:25 - model is <base_models.logistic_regression.LogisticRegressionModel object at 0x0000024A7F5BF100>
2025-05-27 01:24:06 [INFO] base_models.logistic_regression:57 - LogisticRegression final iteration 0, max_iter=850, learning_rate = 0.00707
2025-05-27 01:24:07 [INFO] base_models.logistic_regression:57 - LogisticRegression final iteration 849, max_iter=850, learning_rate = 0.00707
2025-05-27 01:24:07 [INFO] adaboost.adaboost:25 - model is <base_models.logistic_regression.LogisticRegressionModel object at 0x0000024A7F5BF160>
2025-05-27 01:24:07 [INFO] base_models.logistic_regression:57 - LogisticRegression final iteration 0, max_iter=850, learning_rate = 0.00707
2025-05-27 01:24:08 [INFO] base_models.logistic_regression:57 - LogisticRegression final iteration 849, max_iter=850, learning_rate = 0.00707
2025-05-27 01:24:08 [INFO] adaboost.adaboost:25 - model is <base_models.logistic_regression.LogisticRegressionModel object at 0x0000024A7F5BF1C0>
2025-05-27 01:24:08 [INFO] base_models.logistic_regression:57 - LogisticRegression final iteration 0, max_iter=850, learning_rate = 0.00707
2025-05-27 01:24:10 [INFO] base_models.logistic_regression:57 - LogisticRegression final iteration 849, max_iter=850, learning_rate = 0.00707
2025-05-27 01:24:10 [INFO] adaboost.adaboost:25 - model is <base_models.logistic_regression.LogisticRegressionModel object at 0x0000024A7F554640>
2025-05-27 01:24:10 [INFO] base_models.logistic_regression:57 - LogisticRegression final iteration 0, max_iter=850, learning_rate = 0.00707
2025-05-27 01:24:11 [INFO] base_models.logistic_regression:57 - LogisticRegression final iteration 849, max_iter=850, learning_rate = 0.00707
2025-05-27 01:24:11 [INFO] adaboost.adaboost:25 - model is <base_models.logistic_regression.LogisticRegressionModel object at 0x0000024A7F4FFCD0>
2025-05-27 01:24:11 [INFO] base_models.logistic_regression:57 - LogisticRegression final iteration 0, max_iter=850, learning_rate = 0.00707
2025-05-27 01:24:12 [INFO] base_models.logistic_regression:57 - LogisticRegression final iteration 849, max_iter=850, learning_rate = 0.00707
2025-05-27 01:24:12 [INFO] adaboost.adaboost:25 - model is <base_models.logistic_regression.LogisticRegressionModel object at 0x0000024A7F5596D0>
2025-05-27 01:24:12 [INFO] base_models.logistic_regression:57 - LogisticRegression final iteration 0, max_iter=850, learning_rate = 0.00707
2025-05-27 01:24:13 [INFO] base_models.logistic_regression:57 - LogisticRegression final iteration 849, max_iter=850, learning_rate = 0.00707
2025-05-27 01:24:13 [INFO] adaboost.adaboost:25 - model is <base_models.logistic_regression.LogisticRegressionModel object at 0x0000024A7F559730>
2025-05-27 01:24:13 [INFO] base_models.logistic_regression:57 - LogisticRegression final iteration 0, max_iter=850, learning_rate = 0.00707
2025-05-27 01:24:14 [INFO] base_models.logistic_regression:57 - LogisticRegression final iteration 849, max_iter=850, learning_rate = 0.00707
2025-05-27 01:24:14 [INFO] adaboost.adaboost:25 - model is <base_models.logistic_regression.LogisticRegressionModel object at 0x0000024A7F559760>
2025-05-27 01:24:14 [INFO] base_models.logistic_regression:57 - LogisticRegression final iteration 0, max_iter=850, learning_rate = 0.00707
2025-05-27 01:24:15 [INFO] base_models.logistic_regression:57 - LogisticRegression final iteration 849, max_iter=850, learning_rate = 0.00707
2025-05-27 01:24:15 [INFO] adaboost.adaboost:25 - model is <base_models.logistic_regression.LogisticRegressionModel object at 0x0000024A7F554640>
2025-05-27 01:24:15 [INFO] base_models.logistic_regression:57 - LogisticRegression final iteration 0, max_iter=850, learning_rate = 0.00707
2025-05-27 01:24:16 [INFO] base_models.logistic_regression:57 - LogisticRegression final iteration 849, max_iter=850, learning_rate = 0.00707
2025-05-27 01:24:16 [INFO] adaboost.adaboost:25 - model is <base_models.logistic_regression.LogisticRegressionModel object at 0x0000024A7F4FFCD0>
2025-05-27 01:24:16 [INFO] base_models.logistic_regression:57 - LogisticRegression final iteration 0, max_iter=850, learning_rate = 0.00707
2025-05-27 01:24:17 [INFO] base_models.logistic_regression:57 - LogisticRegression final iteration 849, max_iter=850, learning_rate = 0.00707
2025-05-27 01:24:17 [INFO] adaboost.adaboost:25 - model is <base_models.logistic_regression.LogisticRegressionModel object at 0x0000024A7F5913A0>
2025-05-27 01:24:17 [INFO] base_models.logistic_regression:57 - LogisticRegression final iteration 0, max_iter=850, learning_rate = 0.00707
2025-05-27 01:24:18 [INFO] base_models.logistic_regression:57 - LogisticRegression final iteration 849, max_iter=850, learning_rate = 0.00707
2025-05-27 01:24:18 [INFO] adaboost.adaboost:25 - model is <base_models.logistic_regression.LogisticRegressionModel object at 0x0000024A7F591400>
2025-05-27 01:24:18 [INFO] base_models.logistic_regression:57 - LogisticRegression final iteration 0, max_iter=850, learning_rate = 0.00707
2025-05-27 01:24:20 [INFO] base_models.logistic_regression:57 - LogisticRegression final iteration 849, max_iter=850, learning_rate = 0.00707
2025-05-27 01:24:20 [INFO] adaboost.adaboost:25 - model is <base_models.logistic_regression.LogisticRegressionModel object at 0x0000024A7F591460>
2025-05-27 01:24:20 [INFO] base_models.logistic_regression:57 - LogisticRegression final iteration 0, max_iter=850, learning_rate = 0.00707
2025-05-27 01:24:21 [INFO] base_models.logistic_regression:57 - LogisticRegression final iteration 849, max_iter=850, learning_rate = 0.00707
2025-05-27 01:24:21 [INFO] adaboost.adaboost:25 - model is <base_models.logistic_regression.LogisticRegressionModel object at 0x0000024A7F554640>
2025-05-27 01:24:21 [INFO] base_models.logistic_regression:57 - LogisticRegression final iteration 0, max_iter=850, learning_rate = 0.00707
2025-05-27 01:24:22 [INFO] base_models.logistic_regression:57 - LogisticRegression final iteration 849, max_iter=850, learning_rate = 0.00707
2025-05-27 01:24:22 [INFO] adaboost.adaboost:25 - model is <base_models.logistic_regression.LogisticRegressionModel object at 0x0000024A7F4FFCD0>
2025-05-27 01:24:22 [INFO] base_models.logistic_regression:57 - LogisticRegression final iteration 0, max_iter=850, learning_rate = 0.00707
2025-05-27 01:24:23 [INFO] base_models.logistic_regression:57 - LogisticRegression final iteration 849, max_iter=850, learning_rate = 0.00707
2025-05-27 01:24:23 [INFO] adaboost.adaboost:25 - model is <base_models.logistic_regression.LogisticRegressionModel object at 0x0000024A22F17100>
2025-05-27 01:24:23 [INFO] base_models.logistic_regression:57 - LogisticRegression final iteration 0, max_iter=850, learning_rate = 0.00707
2025-05-27 01:24:24 [INFO] base_models.logistic_regression:57 - LogisticRegression final iteration 849, max_iter=850, learning_rate = 0.00707
2025-05-27 01:24:24 [INFO] adaboost.adaboost:25 - model is <base_models.logistic_regression.LogisticRegressionModel object at 0x0000024A22F17160>
2025-05-27 01:24:24 [INFO] base_models.logistic_regression:57 - LogisticRegression final iteration 0, max_iter=850, learning_rate = 0.00707
2025-05-27 01:24:25 [INFO] base_models.logistic_regression:57 - LogisticRegression final iteration 849, max_iter=850, learning_rate = 0.00707
2025-05-27 01:24:25 [INFO] adaboost.adaboost:25 - model is <base_models.logistic_regression.LogisticRegressionModel object at 0x0000024A22F171C0>
2025-05-27 01:24:25 [INFO] base_models.logistic_regression:57 - LogisticRegression final iteration 0, max_iter=850, learning_rate = 0.00707
2025-05-27 01:24:26 [INFO] base_models.logistic_regression:57 - LogisticRegression final iteration 849, max_iter=850, learning_rate = 0.00707
2025-05-27 01:24:26 [INFO] adaboost.adaboost:25 - model is <base_models.logistic_regression.LogisticRegressionModel object at 0x0000024A7F554640>
2025-05-27 01:24:26 [INFO] base_models.logistic_regression:57 - LogisticRegression final iteration 0, max_iter=850, learning_rate = 0.00707
2025-05-27 01:24:28 [INFO] base_models.logistic_regression:57 - LogisticRegression final iteration 849, max_iter=850, learning_rate = 0.00707
2025-05-27 01:24:28 [INFO] adaboost.adaboost:25 - model is <base_models.logistic_regression.LogisticRegressionModel object at 0x0000024A7F4FFCD0>
2025-05-27 01:24:28 [INFO] base_models.logistic_regression:57 - LogisticRegression final iteration 0, max_iter=850, learning_rate = 0.00707
2025-05-27 01:24:29 [INFO] base_models.logistic_regression:57 - LogisticRegression final iteration 849, max_iter=850, learning_rate = 0.00707
2025-05-27 01:24:29 [INFO] adaboost.adaboost:25 - model is <base_models.logistic_regression.LogisticRegressionModel object at 0x0000024A22492FA0>
2025-05-27 01:24:29 [INFO] base_models.logistic_regression:57 - LogisticRegression final iteration 0, max_iter=850, learning_rate = 0.00707
2025-05-27 01:24:30 [INFO] base_models.logistic_regression:57 - LogisticRegression final iteration 849, max_iter=850, learning_rate = 0.00707
2025-05-27 01:24:30 [INFO] adaboost.adaboost:25 - model is <base_models.logistic_regression.LogisticRegressionModel object at 0x0000024A22492FD0>
2025-05-27 01:24:30 [INFO] base_models.logistic_regression:57 - LogisticRegression final iteration 0, max_iter=850, learning_rate = 0.00707
2025-05-27 01:24:32 [INFO] base_models.logistic_regression:57 - LogisticRegression final iteration 849, max_iter=850, learning_rate = 0.00707
2025-05-27 01:24:32 [INFO] adaboost.adaboost:25 - model is <base_models.logistic_regression.LogisticRegressionModel object at 0x0000024A7F555580>
2025-05-27 01:24:32 [INFO] base_models.logistic_regression:57 - LogisticRegression final iteration 0, max_iter=850, learning_rate = 0.00707
2025-05-27 01:24:33 [INFO] base_models.logistic_regression:57 - LogisticRegression final iteration 849, max_iter=850, learning_rate = 0.00707
2025-05-27 01:24:33 [INFO] adaboost.adaboost:25 - model is <base_models.logistic_regression.LogisticRegressionModel object at 0x0000024A7F554640>
2025-05-27 01:24:33 [INFO] base_models.logistic_regression:57 - LogisticRegression final iteration 0, max_iter=850, learning_rate = 0.00707
2025-05-27 01:24:34 [INFO] base_models.logistic_regression:57 - LogisticRegression final iteration 849, max_iter=850, learning_rate = 0.00707
2025-05-27 01:24:34 [INFO] adaboost.adaboost:25 - model is <base_models.logistic_regression.LogisticRegressionModel object at 0x0000024A7F4FFCD0>
2025-05-27 01:24:34 [INFO] base_models.logistic_regression:57 - LogisticRegression final iteration 0, max_iter=850, learning_rate = 0.00707
2025-05-27 01:24:35 [INFO] base_models.logistic_regression:57 - LogisticRegression final iteration 849, max_iter=850, learning_rate = 0.00707
2025-05-27 01:24:35 [INFO] adaboost.adaboost:25 - model is <base_models.logistic_regression.LogisticRegressionModel object at 0x0000024A22492F40>
2025-05-27 01:24:35 [INFO] base_models.logistic_regression:57 - LogisticRegression final iteration 0, max_iter=850, learning_rate = 0.00707
2025-05-27 01:24:36 [INFO] base_models.logistic_regression:57 - LogisticRegression final iteration 849, max_iter=850, learning_rate = 0.00707
2025-05-27 01:24:36 [INFO] adaboost.adaboost:25 - model is <base_models.logistic_regression.LogisticRegressionModel object at 0x0000024A22492FA0>
2025-05-27 01:24:36 [INFO] base_models.logistic_regression:57 - LogisticRegression final iteration 0, max_iter=850, learning_rate = 0.00707
2025-05-27 01:24:37 [INFO] base_models.logistic_regression:57 - LogisticRegression final iteration 849, max_iter=850, learning_rate = 0.00707
2025-05-27 01:24:37 [INFO] adaboost.adaboost:25 - model is <base_models.logistic_regression.LogisticRegressionModel object at 0x0000024A22492FD0>
2025-05-27 01:24:37 [INFO] base_models.logistic_regression:57 - LogisticRegression final iteration 0, max_iter=850, learning_rate = 0.00707
2025-05-27 01:24:38 [INFO] base_models.logistic_regression:57 - LogisticRegression final iteration 849, max_iter=850, learning_rate = 0.00707
2025-05-27 01:24:38 [INFO] adaboost.adaboost:25 - model is <base_models.logistic_regression.LogisticRegressionModel object at 0x0000024A7F554640>
2025-05-27 01:24:38 [INFO] base_models.logistic_regression:57 - LogisticRegression final iteration 0, max_iter=850, learning_rate = 0.00707
2025-05-27 01:24:39 [INFO] base_models.logistic_regression:57 - LogisticRegression final iteration 849, max_iter=850, learning_rate = 0.00707
2025-05-27 01:24:39 [INFO] adaboost.adaboost:25 - model is <base_models.logistic_regression.LogisticRegressionModel object at 0x0000024A7F4FFCD0>
2025-05-27 01:24:39 [INFO] base_models.logistic_regression:57 - LogisticRegression final iteration 0, max_iter=850, learning_rate = 0.00707
2025-05-27 01:24:40 [INFO] base_models.logistic_regression:57 - LogisticRegression final iteration 849, max_iter=850, learning_rate = 0.00707
2025-05-27 01:24:40 [INFO] adaboost.adaboost:25 - model is <base_models.logistic_regression.LogisticRegressionModel object at 0x0000024A22492F40>
2025-05-27 01:24:40 [INFO] base_models.logistic_regression:57 - LogisticRegression final iteration 0, max_iter=850, learning_rate = 0.00707
2025-05-27 01:24:41 [INFO] base_models.logistic_regression:57 - LogisticRegression final iteration 849, max_iter=850, learning_rate = 0.00707
2025-05-27 01:24:41 [INFO] adaboost.adaboost:25 - model is <base_models.logistic_regression.LogisticRegressionModel object at 0x0000024A22492FA0>
2025-05-27 01:24:41 [INFO] base_models.logistic_regression:57 - LogisticRegression final iteration 0, max_iter=850, learning_rate = 0.00707
2025-05-27 01:24:42 [INFO] base_models.logistic_regression:57 - LogisticRegression final iteration 849, max_iter=850, learning_rate = 0.00707
2025-05-27 01:24:42 [INFO] adaboost.adaboost:25 - model is <base_models.logistic_regression.LogisticRegressionModel object at 0x0000024A22492FD0>
2025-05-27 01:24:42 [INFO] base_models.logistic_regression:57 - LogisticRegression final iteration 0, max_iter=850, learning_rate = 0.00707
2025-05-27 01:24:43 [INFO] base_models.logistic_regression:57 - LogisticRegression final iteration 849, max_iter=850, learning_rate = 0.00707
2025-05-27 01:24:43 [INFO] adaboost.adaboost:25 - model is <base_models.logistic_regression.LogisticRegressionModel object at 0x0000024A7F554640>
2025-05-27 01:24:43 [INFO] base_models.logistic_regression:57 - LogisticRegression final iteration 0, max_iter=850, learning_rate = 0.00707
2025-05-27 01:24:45 [INFO] base_models.logistic_regression:57 - LogisticRegression final iteration 849, max_iter=850, learning_rate = 0.00707
2025-05-27 01:24:45 [INFO] adaboost.adaboost:25 - model is <base_models.logistic_regression.LogisticRegressionModel object at 0x0000024A7F4FFCD0>
2025-05-27 01:24:45 [INFO] base_models.logistic_regression:57 - LogisticRegression final iteration 0, max_iter=850, learning_rate = 0.00707
2025-05-27 01:24:46 [INFO] base_models.logistic_regression:57 - LogisticRegression final iteration 849, max_iter=850, learning_rate = 0.00707
2025-05-27 01:24:46 [INFO] adaboost.adaboost:25 - model is <base_models.logistic_regression.LogisticRegressionModel object at 0x0000024A22492F40>
2025-05-27 01:24:46 [INFO] base_models.logistic_regression:57 - LogisticRegression final iteration 0, max_iter=850, learning_rate = 0.00707
2025-05-27 01:24:47 [INFO] base_models.logistic_regression:57 - LogisticRegression final iteration 849, max_iter=850, learning_rate = 0.00707
2025-05-27 01:24:47 [INFO] adaboost.adaboost:25 - model is <base_models.logistic_regression.LogisticRegressionModel object at 0x0000024A22492FA0>
2025-05-27 01:24:47 [INFO] base_models.logistic_regression:57 - LogisticRegression final iteration 0, max_iter=850, learning_rate = 0.00707
2025-05-27 01:24:48 [INFO] base_models.logistic_regression:57 - LogisticRegression final iteration 849, max_iter=850, learning_rate = 0.00707
2025-05-27 01:24:48 [INFO] adaboost.adaboost:25 - model is <base_models.logistic_regression.LogisticRegressionModel object at 0x0000024A22492FD0>
2025-05-27 01:24:48 [INFO] base_models.logistic_regression:57 - LogisticRegression final iteration 0, max_iter=850, learning_rate = 0.00707
2025-05-27 01:24:49 [INFO] base_models.logistic_regression:57 - LogisticRegression final iteration 849, max_iter=850, learning_rate = 0.00707
2025-05-27 01:24:49 [INFO] adaboost.adaboost:25 - model is <base_models.logistic_regression.LogisticRegressionModel object at 0x0000024A7F554640>
2025-05-27 01:24:49 [INFO] base_models.logistic_regression:57 - LogisticRegression final iteration 0, max_iter=850, learning_rate = 0.00707
2025-05-27 01:24:50 [INFO] base_models.logistic_regression:57 - LogisticRegression final iteration 849, max_iter=850, learning_rate = 0.00707
2025-05-27 01:24:50 [INFO] adaboost.adaboost:25 - model is <base_models.logistic_regression.LogisticRegressionModel object at 0x0000024A7F4FFCD0>
2025-05-27 01:24:50 [INFO] base_models.logistic_regression:57 - LogisticRegression final iteration 0, max_iter=850, learning_rate = 0.00707
2025-05-27 01:24:51 [INFO] base_models.logistic_regression:57 - LogisticRegression final iteration 849, max_iter=850, learning_rate = 0.00707
2025-05-27 01:24:51 [INFO] adaboost.adaboost:25 - model is <base_models.logistic_regression.LogisticRegressionModel object at 0x0000024A22492F40>
2025-05-27 01:24:51 [INFO] base_models.logistic_regression:57 - LogisticRegression final iteration 0, max_iter=850, learning_rate = 0.00707
2025-05-27 01:24:52 [INFO] base_models.logistic_regression:57 - LogisticRegression final iteration 849, max_iter=850, learning_rate = 0.00707
2025-05-27 01:24:52 [INFO] adaboost.adaboost:25 - model is <base_models.logistic_regression.LogisticRegressionModel object at 0x0000024A22492FA0>
2025-05-27 01:24:52 [INFO] base_models.logistic_regression:57 - LogisticRegression final iteration 0, max_iter=850, learning_rate = 0.00707
2025-05-27 01:24:53 [INFO] base_models.logistic_regression:57 - LogisticRegression final iteration 849, max_iter=850, learning_rate = 0.00707
2025-05-27 01:24:53 [INFO] adaboost.adaboost:25 - model is <base_models.logistic_regression.LogisticRegressionModel object at 0x0000024A22492FD0>
2025-05-27 01:24:53 [INFO] base_models.logistic_regression:57 - LogisticRegression final iteration 0, max_iter=850, learning_rate = 0.00707
2025-05-27 01:24:54 [INFO] base_models.logistic_regression:57 - LogisticRegression final iteration 849, max_iter=850, learning_rate = 0.00707
2025-05-27 01:24:54 [INFO] adaboost.adaboost:25 - model is <base_models.logistic_regression.LogisticRegressionModel object at 0x0000024A7F554640>
2025-05-27 01:24:54 [INFO] base_models.logistic_regression:57 - LogisticRegression final iteration 0, max_iter=850, learning_rate = 0.00707
2025-05-27 01:24:55 [INFO] base_models.logistic_regression:57 - LogisticRegression final iteration 849, max_iter=850, learning_rate = 0.00707
2025-05-27 01:24:55 [INFO] adaboost.adaboost:25 - model is <base_models.logistic_regression.LogisticRegressionModel object at 0x0000024A7F4FFCD0>
2025-05-27 01:24:55 [INFO] base_models.logistic_regression:57 - LogisticRegression final iteration 0, max_iter=850, learning_rate = 0.00707
2025-05-27 01:24:56 [INFO] base_models.logistic_regression:57 - LogisticRegression final iteration 849, max_iter=850, learning_rate = 0.00707
2025-05-27 01:24:56 [INFO] adaboost.adaboost:25 - model is <base_models.logistic_regression.LogisticRegressionModel object at 0x0000024A22492F40>
2025-05-27 01:24:56 [INFO] base_models.logistic_regression:57 - LogisticRegression final iteration 0, max_iter=850, learning_rate = 0.00707
2025-05-27 01:24:57 [INFO] base_models.logistic_regression:57 - LogisticRegression final iteration 849, max_iter=850, learning_rate = 0.00707
2025-05-27 01:24:57 [INFO] adaboost.adaboost:25 - model is <base_models.logistic_regression.LogisticRegressionModel object at 0x0000024A22492FA0>
2025-05-27 01:24:57 [INFO] base_models.logistic_regression:57 - LogisticRegression final iteration 0, max_iter=850, learning_rate = 0.00707
2025-05-27 01:24:59 [INFO] base_models.logistic_regression:57 - LogisticRegression final iteration 849, max_iter=850, learning_rate = 0.00707
2025-05-27 01:24:59 [INFO] adaboost.adaboost:25 - model is <base_models.logistic_regression.LogisticRegressionModel object at 0x0000024A22492FD0>
2025-05-27 01:24:59 [INFO] base_models.logistic_regression:57 - LogisticRegression final iteration 0, max_iter=850, learning_rate = 0.00707
2025-05-27 01:24:59 [INFO] base_models.logistic_regression:57 - LogisticRegression final iteration 849, max_iter=850, learning_rate = 0.00707
2025-05-27 01:24:59 [INFO] __main__:109 - 完成基分类器数目=5 的10折输出
2025-05-27 01:24:59 [INFO] adaboost.adaboost:25 - model is <base_models.logistic_regression.LogisticRegressionModel object at 0x0000024A7F5211F0>
2025-05-27 01:24:59 [INFO] base_models.logistic_regression:57 - LogisticRegression final iteration 0, max_iter=850, learning_rate = 0.00707
2025-05-27 01:25:01 [INFO] base_models.logistic_regression:57 - LogisticRegression final iteration 849, max_iter=850, learning_rate = 0.00707
2025-05-27 01:25:01 [INFO] adaboost.adaboost:25 - model is <base_models.logistic_regression.LogisticRegressionModel object at 0x0000024A78DC5C70>
2025-05-27 01:25:01 [INFO] base_models.logistic_regression:57 - LogisticRegression final iteration 0, max_iter=850, learning_rate = 0.00707
2025-05-27 01:25:02 [INFO] base_models.logistic_regression:57 - LogisticRegression final iteration 849, max_iter=850, learning_rate = 0.00707
2025-05-27 01:25:02 [INFO] adaboost.adaboost:25 - model is <base_models.logistic_regression.LogisticRegressionModel object at 0x0000024A7F4FFC40>
2025-05-27 01:25:02 [INFO] base_models.logistic_regression:57 - LogisticRegression final iteration 0, max_iter=850, learning_rate = 0.00707
2025-05-27 01:25:03 [INFO] base_models.logistic_regression:57 - LogisticRegression final iteration 849, max_iter=850, learning_rate = 0.00707
2025-05-27 01:25:03 [INFO] adaboost.adaboost:25 - model is <base_models.logistic_regression.LogisticRegressionModel object at 0x0000024A22492F10>
2025-05-27 01:25:03 [INFO] base_models.logistic_regression:57 - LogisticRegression final iteration 0, max_iter=850, learning_rate = 0.00707
2025-05-27 01:25:04 [INFO] base_models.logistic_regression:57 - LogisticRegression final iteration 849, max_iter=850, learning_rate = 0.00707
2025-05-27 01:25:04 [INFO] adaboost.adaboost:25 - model is <base_models.logistic_regression.LogisticRegressionModel object at 0x0000024A22492F70>
2025-05-27 01:25:04 [INFO] base_models.logistic_regression:57 - LogisticRegression final iteration 0, max_iter=850, learning_rate = 0.00707
2025-05-27 01:25:05 [INFO] base_models.logistic_regression:57 - LogisticRegression final iteration 849, max_iter=850, learning_rate = 0.00707
2025-05-27 01:25:05 [INFO] adaboost.adaboost:25 - model is <base_models.logistic_regression.LogisticRegressionModel object at 0x0000024A7F5122E0>
2025-05-27 01:25:05 [INFO] base_models.logistic_regression:57 - LogisticRegression final iteration 0, max_iter=850, learning_rate = 0.00707
2025-05-27 01:25:06 [INFO] base_models.logistic_regression:57 - LogisticRegression final iteration 849, max_iter=850, learning_rate = 0.00707
2025-05-27 01:25:06 [INFO] adaboost.adaboost:25 - model is <base_models.logistic_regression.LogisticRegressionModel object at 0x0000024A7F559700>
2025-05-27 01:25:06 [INFO] base_models.logistic_regression:57 - LogisticRegression final iteration 0, max_iter=850, learning_rate = 0.00707
2025-05-27 01:25:07 [INFO] base_models.logistic_regression:57 - LogisticRegression final iteration 849, max_iter=850, learning_rate = 0.00707
2025-05-27 01:25:07 [INFO] adaboost.adaboost:25 - model is <base_models.logistic_regression.LogisticRegressionModel object at 0x0000024A7F5597C0>
2025-05-27 01:25:07 [INFO] base_models.logistic_regression:57 - LogisticRegression final iteration 0, max_iter=850, learning_rate = 0.00707
2025-05-27 01:25:08 [INFO] base_models.logistic_regression:57 - LogisticRegression final iteration 849, max_iter=850, learning_rate = 0.00707
2025-05-27 01:25:08 [INFO] adaboost.adaboost:25 - model is <base_models.logistic_regression.LogisticRegressionModel object at 0x0000024A7F559790>
2025-05-27 01:25:08 [INFO] base_models.logistic_regression:57 - LogisticRegression final iteration 0, max_iter=850, learning_rate = 0.00707
2025-05-27 01:25:10 [INFO] base_models.logistic_regression:57 - LogisticRegression final iteration 849, max_iter=850, learning_rate = 0.00707
2025-05-27 01:25:10 [INFO] adaboost.adaboost:25 - model is <base_models.logistic_regression.LogisticRegressionModel object at 0x0000024A7F5596A0>
2025-05-27 01:25:10 [INFO] base_models.logistic_regression:57 - LogisticRegression final iteration 0, max_iter=850, learning_rate = 0.00707
2025-05-27 01:25:11 [INFO] base_models.logistic_regression:57 - LogisticRegression final iteration 849, max_iter=850, learning_rate = 0.00707
2025-05-27 01:25:11 [INFO] adaboost.adaboost:25 - model is <base_models.logistic_regression.LogisticRegressionModel object at 0x0000024A7F555670>
2025-05-27 01:25:11 [INFO] base_models.logistic_regression:57 - LogisticRegression final iteration 0, max_iter=850, learning_rate = 0.00707
2025-05-27 01:25:12 [INFO] base_models.logistic_regression:57 - LogisticRegression final iteration 849, max_iter=850, learning_rate = 0.00707
2025-05-27 01:25:12 [INFO] adaboost.adaboost:25 - model is <base_models.logistic_regression.LogisticRegressionModel object at 0x0000024A7F5211F0>
2025-05-27 01:25:12 [INFO] base_models.logistic_regression:57 - LogisticRegression final iteration 0, max_iter=850, learning_rate = 0.00707
2025-05-27 01:25:14 [INFO] base_models.logistic_regression:57 - LogisticRegression final iteration 849, max_iter=850, learning_rate = 0.00707
2025-05-27 01:25:14 [INFO] adaboost.adaboost:25 - model is <base_models.logistic_regression.LogisticRegressionModel object at 0x0000024A78DC5C70>
2025-05-27 01:25:14 [INFO] base_models.logistic_regression:57 - LogisticRegression final iteration 0, max_iter=850, learning_rate = 0.00707
2025-05-27 01:25:15 [INFO] base_models.logistic_regression:57 - LogisticRegression final iteration 849, max_iter=850, learning_rate = 0.00707
2025-05-27 01:25:15 [INFO] adaboost.adaboost:25 - model is <base_models.logistic_regression.LogisticRegressionModel object at 0x0000024A7F4FFC40>
2025-05-27 01:25:15 [INFO] base_models.logistic_regression:57 - LogisticRegression final iteration 0, max_iter=850, learning_rate = 0.00707
2025-05-27 01:25:16 [INFO] base_models.logistic_regression:57 - LogisticRegression final iteration 849, max_iter=850, learning_rate = 0.00707
2025-05-27 01:25:16 [INFO] adaboost.adaboost:25 - model is <base_models.logistic_regression.LogisticRegressionModel object at 0x0000024A22492F10>
2025-05-27 01:25:16 [INFO] base_models.logistic_regression:57 - LogisticRegression final iteration 0, max_iter=850, learning_rate = 0.00707
2025-05-27 01:25:17 [INFO] base_models.logistic_regression:57 - LogisticRegression final iteration 849, max_iter=850, learning_rate = 0.00707
2025-05-27 01:25:17 [INFO] adaboost.adaboost:25 - model is <base_models.logistic_regression.LogisticRegressionModel object at 0x0000024A22492F70>
2025-05-27 01:25:17 [INFO] base_models.logistic_regression:57 - LogisticRegression final iteration 0, max_iter=850, learning_rate = 0.00707
2025-05-27 01:25:19 [INFO] base_models.logistic_regression:57 - LogisticRegression final iteration 849, max_iter=850, learning_rate = 0.00707
2025-05-27 01:25:19 [INFO] adaboost.adaboost:25 - model is <base_models.logistic_regression.LogisticRegressionModel object at 0x0000024A7F5122E0>
2025-05-27 01:25:19 [INFO] base_models.logistic_regression:57 - LogisticRegression final iteration 0, max_iter=850, learning_rate = 0.00707
2025-05-27 01:25:20 [INFO] base_models.logistic_regression:57 - LogisticRegression final iteration 849, max_iter=850, learning_rate = 0.00707
2025-05-27 01:25:20 [INFO] adaboost.adaboost:25 - model is <base_models.logistic_regression.LogisticRegressionModel object at 0x0000024A7F591430>
2025-05-27 01:25:20 [INFO] base_models.logistic_regression:57 - LogisticRegression final iteration 0, max_iter=850, learning_rate = 0.00707
2025-05-27 01:25:22 [INFO] base_models.logistic_regression:57 - LogisticRegression final iteration 849, max_iter=850, learning_rate = 0.00707
2025-05-27 01:25:22 [INFO] adaboost.adaboost:25 - model is <base_models.logistic_regression.LogisticRegressionModel object at 0x0000024A7F591490>
2025-05-27 01:25:22 [INFO] base_models.logistic_regression:57 - LogisticRegression final iteration 0, max_iter=850, learning_rate = 0.00707
2025-05-27 01:25:23 [INFO] base_models.logistic_regression:57 - LogisticRegression final iteration 849, max_iter=850, learning_rate = 0.00707
2025-05-27 01:25:23 [INFO] adaboost.adaboost:25 - model is <base_models.logistic_regression.LogisticRegressionModel object at 0x0000024A7F591550>
2025-05-27 01:25:23 [INFO] base_models.logistic_regression:57 - LogisticRegression final iteration 0, max_iter=850, learning_rate = 0.00707
2025-05-27 01:25:24 [INFO] base_models.logistic_regression:57 - LogisticRegression final iteration 849, max_iter=850, learning_rate = 0.00707
2025-05-27 01:25:24 [INFO] adaboost.adaboost:25 - model is <base_models.logistic_regression.LogisticRegressionModel object at 0x0000024A7F555670>
2025-05-27 01:25:24 [INFO] base_models.logistic_regression:57 - LogisticRegression final iteration 0, max_iter=850, learning_rate = 0.00707
2025-05-27 01:25:25 [INFO] base_models.logistic_regression:57 - LogisticRegression final iteration 849, max_iter=850, learning_rate = 0.00707
2025-05-27 01:25:25 [INFO] adaboost.adaboost:25 - model is <base_models.logistic_regression.LogisticRegressionModel object at 0x0000024A7F5211F0>
2025-05-27 01:25:25 [INFO] base_models.logistic_regression:57 - LogisticRegression final iteration 0, max_iter=850, learning_rate = 0.00707
2025-05-27 01:25:27 [INFO] base_models.logistic_regression:57 - LogisticRegression final iteration 849, max_iter=850, learning_rate = 0.00707
2025-05-27 01:25:27 [INFO] adaboost.adaboost:25 - model is <base_models.logistic_regression.LogisticRegressionModel object at 0x0000024A78DC5C70>
2025-05-27 01:25:27 [INFO] base_models.logistic_regression:57 - LogisticRegression final iteration 0, max_iter=850, learning_rate = 0.00707
2025-05-27 01:25:28 [INFO] base_models.logistic_regression:57 - LogisticRegression final iteration 849, max_iter=850, learning_rate = 0.00707
2025-05-27 01:25:28 [INFO] adaboost.adaboost:25 - model is <base_models.logistic_regression.LogisticRegressionModel object at 0x0000024A7F4FFC40>
2025-05-27 01:25:28 [INFO] base_models.logistic_regression:57 - LogisticRegression final iteration 0, max_iter=850, learning_rate = 0.00707
2025-05-27 01:25:29 [INFO] base_models.logistic_regression:57 - LogisticRegression final iteration 849, max_iter=850, learning_rate = 0.00707
2025-05-27 01:25:29 [INFO] adaboost.adaboost:25 - model is <base_models.logistic_regression.LogisticRegressionModel object at 0x0000024A22492F10>
2025-05-27 01:25:29 [INFO] base_models.logistic_regression:57 - LogisticRegression final iteration 0, max_iter=850, learning_rate = 0.00707
2025-05-27 01:25:31 [INFO] base_models.logistic_regression:57 - LogisticRegression final iteration 849, max_iter=850, learning_rate = 0.00707
2025-05-27 01:25:31 [INFO] adaboost.adaboost:25 - model is <base_models.logistic_regression.LogisticRegressionModel object at 0x0000024A22492F70>
2025-05-27 01:25:31 [INFO] base_models.logistic_regression:57 - LogisticRegression final iteration 0, max_iter=850, learning_rate = 0.00707
2025-05-27 01:25:32 [INFO] base_models.logistic_regression:57 - LogisticRegression final iteration 849, max_iter=850, learning_rate = 0.00707
2025-05-27 01:25:32 [INFO] adaboost.adaboost:25 - model is <base_models.logistic_regression.LogisticRegressionModel object at 0x0000024A7F5122E0>
2025-05-27 01:25:32 [INFO] base_models.logistic_regression:57 - LogisticRegression final iteration 0, max_iter=850, learning_rate = 0.00707
2025-05-27 01:25:33 [INFO] base_models.logistic_regression:57 - LogisticRegression final iteration 849, max_iter=850, learning_rate = 0.00707
2025-05-27 01:25:33 [INFO] adaboost.adaboost:25 - model is <base_models.logistic_regression.LogisticRegressionModel object at 0x0000024A22F17190>
2025-05-27 01:25:33 [INFO] base_models.logistic_regression:57 - LogisticRegression final iteration 0, max_iter=850, learning_rate = 0.00707
2025-05-27 01:25:34 [INFO] base_models.logistic_regression:57 - LogisticRegression final iteration 849, max_iter=850, learning_rate = 0.00707
2025-05-27 01:25:34 [INFO] adaboost.adaboost:25 - model is <base_models.logistic_regression.LogisticRegressionModel object at 0x0000024A22F171F0>
2025-05-27 01:25:34 [INFO] base_models.logistic_regression:57 - LogisticRegression final iteration 0, max_iter=850, learning_rate = 0.00707
2025-05-27 01:25:35 [INFO] base_models.logistic_regression:57 - LogisticRegression final iteration 849, max_iter=850, learning_rate = 0.00707
2025-05-27 01:25:35 [INFO] adaboost.adaboost:25 - model is <base_models.logistic_regression.LogisticRegressionModel object at 0x0000024A22F172B0>
2025-05-27 01:25:35 [INFO] base_models.logistic_regression:57 - LogisticRegression final iteration 0, max_iter=850, learning_rate = 0.00707
2025-05-27 01:25:36 [INFO] base_models.logistic_regression:57 - LogisticRegression final iteration 849, max_iter=850, learning_rate = 0.00707
2025-05-27 01:25:36 [INFO] adaboost.adaboost:25 - model is <base_models.logistic_regression.LogisticRegressionModel object at 0x0000024A7F555670>
2025-05-27 01:25:36 [INFO] base_models.logistic_regression:57 - LogisticRegression final iteration 0, max_iter=850, learning_rate = 0.00707
2025-05-27 01:25:37 [INFO] base_models.logistic_regression:57 - LogisticRegression final iteration 849, max_iter=850, learning_rate = 0.00707
2025-05-27 01:25:37 [INFO] adaboost.adaboost:25 - model is <base_models.logistic_regression.LogisticRegressionModel object at 0x0000024A7F5211F0>
2025-05-27 01:25:37 [INFO] base_models.logistic_regression:57 - LogisticRegression final iteration 0, max_iter=850, learning_rate = 0.00707
2025-05-27 01:25:38 [INFO] base_models.logistic_regression:57 - LogisticRegression final iteration 849, max_iter=850, learning_rate = 0.00707
2025-05-27 01:25:38 [INFO] adaboost.adaboost:25 - model is <base_models.logistic_regression.LogisticRegressionModel object at 0x0000024A78DC5C70>
2025-05-27 01:25:38 [INFO] base_models.logistic_regression:57 - LogisticRegression final iteration 0, max_iter=850, learning_rate = 0.00707
2025-05-27 01:25:39 [INFO] base_models.logistic_regression:57 - LogisticRegression final iteration 849, max_iter=850, learning_rate = 0.00707
2025-05-27 01:25:39 [INFO] adaboost.adaboost:25 - model is <base_models.logistic_regression.LogisticRegressionModel object at 0x0000024A7F4FFC40>
2025-05-27 01:25:39 [INFO] base_models.logistic_regression:57 - LogisticRegression final iteration 0, max_iter=850, learning_rate = 0.00707
2025-05-27 01:25:40 [INFO] base_models.logistic_regression:57 - LogisticRegression final iteration 849, max_iter=850, learning_rate = 0.00707
2025-05-27 01:25:40 [INFO] adaboost.adaboost:25 - model is <base_models.logistic_regression.LogisticRegressionModel object at 0x0000024A22492F10>
2025-05-27 01:25:40 [INFO] base_models.logistic_regression:57 - LogisticRegression final iteration 0, max_iter=850, learning_rate = 0.00707
2025-05-27 01:25:41 [INFO] base_models.logistic_regression:57 - LogisticRegression final iteration 849, max_iter=850, learning_rate = 0.00707
2025-05-27 01:25:41 [INFO] adaboost.adaboost:25 - model is <base_models.logistic_regression.LogisticRegressionModel object at 0x0000024A22492F70>
2025-05-27 01:25:41 [INFO] base_models.logistic_regression:57 - LogisticRegression final iteration 0, max_iter=850, learning_rate = 0.00707
2025-05-27 01:25:42 [INFO] base_models.logistic_regression:57 - LogisticRegression final iteration 849, max_iter=850, learning_rate = 0.00707
2025-05-27 01:25:42 [INFO] adaboost.adaboost:25 - model is <base_models.logistic_regression.LogisticRegressionModel object at 0x0000024A7F5122E0>
2025-05-27 01:25:42 [INFO] base_models.logistic_regression:57 - LogisticRegression final iteration 0, max_iter=850, learning_rate = 0.00707
2025-05-27 01:25:43 [INFO] base_models.logistic_regression:57 - LogisticRegression final iteration 849, max_iter=850, learning_rate = 0.00707
2025-05-27 01:25:43 [INFO] adaboost.adaboost:25 - model is <base_models.logistic_regression.LogisticRegressionModel object at 0x0000024A7F5BF1C0>
2025-05-27 01:25:43 [INFO] base_models.logistic_regression:57 - LogisticRegression final iteration 0, max_iter=850, learning_rate = 0.00707
2025-05-27 01:25:44 [INFO] base_models.logistic_regression:57 - LogisticRegression final iteration 849, max_iter=850, learning_rate = 0.00707
2025-05-27 01:25:44 [INFO] adaboost.adaboost:25 - model is <base_models.logistic_regression.LogisticRegressionModel object at 0x0000024A7F5BF280>
2025-05-27 01:25:44 [INFO] base_models.logistic_regression:57 - LogisticRegression final iteration 0, max_iter=850, learning_rate = 0.00707
2025-05-27 01:25:45 [INFO] base_models.logistic_regression:57 - LogisticRegression final iteration 849, max_iter=850, learning_rate = 0.00707
2025-05-27 01:25:45 [INFO] adaboost.adaboost:25 - model is <base_models.logistic_regression.LogisticRegressionModel object at 0x0000024A7F5BF070>
2025-05-27 01:25:45 [INFO] base_models.logistic_regression:57 - LogisticRegression final iteration 0, max_iter=850, learning_rate = 0.00707
2025-05-27 01:25:46 [INFO] base_models.logistic_regression:57 - LogisticRegression final iteration 849, max_iter=850, learning_rate = 0.00707
2025-05-27 01:25:46 [INFO] adaboost.adaboost:25 - model is <base_models.logistic_regression.LogisticRegressionModel object at 0x0000024A7F555670>
2025-05-27 01:25:46 [INFO] base_models.logistic_regression:57 - LogisticRegression final iteration 0, max_iter=850, learning_rate = 0.00707
2025-05-27 01:25:47 [INFO] base_models.logistic_regression:57 - LogisticRegression final iteration 849, max_iter=850, learning_rate = 0.00707
2025-05-27 01:25:47 [INFO] adaboost.adaboost:25 - model is <base_models.logistic_regression.LogisticRegressionModel object at 0x0000024A7F5211F0>
2025-05-27 01:25:47 [INFO] base_models.logistic_regression:57 - LogisticRegression final iteration 0, max_iter=850, learning_rate = 0.00707
2025-05-27 01:25:48 [INFO] base_models.logistic_regression:57 - LogisticRegression final iteration 849, max_iter=850, learning_rate = 0.00707
2025-05-27 01:25:48 [INFO] adaboost.adaboost:25 - model is <base_models.logistic_regression.LogisticRegressionModel object at 0x0000024A78DC5C70>
2025-05-27 01:25:48 [INFO] base_models.logistic_regression:57 - LogisticRegression final iteration 0, max_iter=850, learning_rate = 0.00707
2025-05-27 01:25:49 [INFO] base_models.logistic_regression:57 - LogisticRegression final iteration 849, max_iter=850, learning_rate = 0.00707
2025-05-27 01:25:49 [INFO] adaboost.adaboost:25 - model is <base_models.logistic_regression.LogisticRegressionModel object at 0x0000024A7F4FFC40>
2025-05-27 01:25:49 [INFO] base_models.logistic_regression:57 - LogisticRegression final iteration 0, max_iter=850, learning_rate = 0.00707
2025-05-27 01:25:50 [INFO] base_models.logistic_regression:57 - LogisticRegression final iteration 849, max_iter=850, learning_rate = 0.00707
2025-05-27 01:25:50 [INFO] adaboost.adaboost:25 - model is <base_models.logistic_regression.LogisticRegressionModel object at 0x0000024A22492F10>
2025-05-27 01:25:50 [INFO] base_models.logistic_regression:57 - LogisticRegression final iteration 0, max_iter=850, learning_rate = 0.00707
2025-05-27 01:25:51 [INFO] base_models.logistic_regression:57 - LogisticRegression final iteration 849, max_iter=850, learning_rate = 0.00707
2025-05-27 01:25:51 [INFO] adaboost.adaboost:25 - model is <base_models.logistic_regression.LogisticRegressionModel object at 0x0000024A22492F70>
2025-05-27 01:25:51 [INFO] base_models.logistic_regression:57 - LogisticRegression final iteration 0, max_iter=850, learning_rate = 0.00707
2025-05-27 01:25:52 [INFO] base_models.logistic_regression:57 - LogisticRegression final iteration 849, max_iter=850, learning_rate = 0.00707
2025-05-27 01:25:52 [INFO] adaboost.adaboost:25 - model is <base_models.logistic_regression.LogisticRegressionModel object at 0x0000024A7F5122E0>
2025-05-27 01:25:52 [INFO] base_models.logistic_regression:57 - LogisticRegression final iteration 0, max_iter=850, learning_rate = 0.00707
2025-05-27 01:25:53 [INFO] base_models.logistic_regression:57 - LogisticRegression final iteration 849, max_iter=850, learning_rate = 0.00707
2025-05-27 01:25:53 [INFO] adaboost.adaboost:25 - model is <base_models.logistic_regression.LogisticRegressionModel object at 0x0000024A7F5597C0>
2025-05-27 01:25:53 [INFO] base_models.logistic_regression:57 - LogisticRegression final iteration 0, max_iter=850, learning_rate = 0.00707
2025-05-27 01:25:54 [INFO] base_models.logistic_regression:57 - LogisticRegression final iteration 849, max_iter=850, learning_rate = 0.00707
2025-05-27 01:25:54 [INFO] adaboost.adaboost:25 - model is <base_models.logistic_regression.LogisticRegressionModel object at 0x0000024A7F559790>
2025-05-27 01:25:54 [INFO] base_models.logistic_regression:57 - LogisticRegression final iteration 0, max_iter=850, learning_rate = 0.00707
2025-05-27 01:25:55 [INFO] base_models.logistic_regression:57 - LogisticRegression final iteration 849, max_iter=850, learning_rate = 0.00707
2025-05-27 01:25:55 [INFO] adaboost.adaboost:25 - model is <base_models.logistic_regression.LogisticRegressionModel object at 0x0000024A7F5596A0>
2025-05-27 01:25:55 [INFO] base_models.logistic_regression:57 - LogisticRegression final iteration 0, max_iter=850, learning_rate = 0.00707
2025-05-27 01:25:56 [INFO] base_models.logistic_regression:57 - LogisticRegression final iteration 849, max_iter=850, learning_rate = 0.00707
2025-05-27 01:25:56 [INFO] adaboost.adaboost:25 - model is <base_models.logistic_regression.LogisticRegressionModel object at 0x0000024A7F555670>
2025-05-27 01:25:56 [INFO] base_models.logistic_regression:57 - LogisticRegression final iteration 0, max_iter=850, learning_rate = 0.00707
2025-05-27 01:25:57 [INFO] base_models.logistic_regression:57 - LogisticRegression final iteration 849, max_iter=850, learning_rate = 0.00707
2025-05-27 01:25:57 [INFO] adaboost.adaboost:25 - model is <base_models.logistic_regression.LogisticRegressionModel object at 0x0000024A7F5211F0>
2025-05-27 01:25:57 [INFO] base_models.logistic_regression:57 - LogisticRegression final iteration 0, max_iter=850, learning_rate = 0.00707
2025-05-27 01:25:58 [INFO] base_models.logistic_regression:57 - LogisticRegression final iteration 849, max_iter=850, learning_rate = 0.00707
2025-05-27 01:25:58 [INFO] adaboost.adaboost:25 - model is <base_models.logistic_regression.LogisticRegressionModel object at 0x0000024A78DC5C70>
2025-05-27 01:25:58 [INFO] base_models.logistic_regression:57 - LogisticRegression final iteration 0, max_iter=850, learning_rate = 0.00707
2025-05-27 01:25:59 [INFO] base_models.logistic_regression:57 - LogisticRegression final iteration 849, max_iter=850, learning_rate = 0.00707
2025-05-27 01:25:59 [INFO] adaboost.adaboost:25 - model is <base_models.logistic_regression.LogisticRegressionModel object at 0x0000024A7F4FFC40>
2025-05-27 01:25:59 [INFO] base_models.logistic_regression:57 - LogisticRegression final iteration 0, max_iter=850, learning_rate = 0.00707
2025-05-27 01:26:00 [INFO] base_models.logistic_regression:57 - LogisticRegression final iteration 849, max_iter=850, learning_rate = 0.00707
2025-05-27 01:26:00 [INFO] adaboost.adaboost:25 - model is <base_models.logistic_regression.LogisticRegressionModel object at 0x0000024A22492F10>
2025-05-27 01:26:00 [INFO] base_models.logistic_regression:57 - LogisticRegression final iteration 0, max_iter=850, learning_rate = 0.00707
2025-05-27 01:26:01 [INFO] base_models.logistic_regression:57 - LogisticRegression final iteration 849, max_iter=850, learning_rate = 0.00707
2025-05-27 01:26:01 [INFO] adaboost.adaboost:25 - model is <base_models.logistic_regression.LogisticRegressionModel object at 0x0000024A22492F70>
2025-05-27 01:26:01 [INFO] base_models.logistic_regression:57 - LogisticRegression final iteration 0, max_iter=850, learning_rate = 0.00707
2025-05-27 01:26:02 [INFO] base_models.logistic_regression:57 - LogisticRegression final iteration 849, max_iter=850, learning_rate = 0.00707
2025-05-27 01:26:02 [INFO] adaboost.adaboost:25 - model is <base_models.logistic_regression.LogisticRegressionModel object at 0x0000024A7F5122E0>
2025-05-27 01:26:02 [INFO] base_models.logistic_regression:57 - LogisticRegression final iteration 0, max_iter=850, learning_rate = 0.00707
2025-05-27 01:26:03 [INFO] base_models.logistic_regression:57 - LogisticRegression final iteration 849, max_iter=850, learning_rate = 0.00707
2025-05-27 01:26:03 [INFO] adaboost.adaboost:25 - model is <base_models.logistic_regression.LogisticRegressionModel object at 0x0000024A7F591430>
2025-05-27 01:26:03 [INFO] base_models.logistic_regression:57 - LogisticRegression final iteration 0, max_iter=850, learning_rate = 0.00707
2025-05-27 01:26:04 [INFO] base_models.logistic_regression:57 - LogisticRegression final iteration 849, max_iter=850, learning_rate = 0.00707
2025-05-27 01:26:04 [INFO] adaboost.adaboost:25 - model is <base_models.logistic_regression.LogisticRegressionModel object at 0x0000024A7F591490>
2025-05-27 01:26:04 [INFO] base_models.logistic_regression:57 - LogisticRegression final iteration 0, max_iter=850, learning_rate = 0.00707
2025-05-27 01:26:05 [INFO] base_models.logistic_regression:57 - LogisticRegression final iteration 849, max_iter=850, learning_rate = 0.00707
2025-05-27 01:26:05 [INFO] adaboost.adaboost:25 - model is <base_models.logistic_regression.LogisticRegressionModel object at 0x0000024A7F591550>
2025-05-27 01:26:05 [INFO] base_models.logistic_regression:57 - LogisticRegression final iteration 0, max_iter=850, learning_rate = 0.00707
2025-05-27 01:26:06 [INFO] base_models.logistic_regression:57 - LogisticRegression final iteration 849, max_iter=850, learning_rate = 0.00707
2025-05-27 01:26:06 [INFO] adaboost.adaboost:25 - model is <base_models.logistic_regression.LogisticRegressionModel object at 0x0000024A7F555670>
2025-05-27 01:26:06 [INFO] base_models.logistic_regression:57 - LogisticRegression final iteration 0, max_iter=850, learning_rate = 0.00707
2025-05-27 01:26:07 [INFO] base_models.logistic_regression:57 - LogisticRegression final iteration 849, max_iter=850, learning_rate = 0.00707
2025-05-27 01:26:07 [INFO] adaboost.adaboost:25 - model is <base_models.logistic_regression.LogisticRegressionModel object at 0x0000024A7F5211F0>
2025-05-27 01:26:07 [INFO] base_models.logistic_regression:57 - LogisticRegression final iteration 0, max_iter=850, learning_rate = 0.00707
2025-05-27 01:26:08 [INFO] base_models.logistic_regression:57 - LogisticRegression final iteration 849, max_iter=850, learning_rate = 0.00707
2025-05-27 01:26:08 [INFO] adaboost.adaboost:25 - model is <base_models.logistic_regression.LogisticRegressionModel object at 0x0000024A78DC5C70>
2025-05-27 01:26:08 [INFO] base_models.logistic_regression:57 - LogisticRegression final iteration 0, max_iter=850, learning_rate = 0.00707
2025-05-27 01:26:09 [INFO] base_models.logistic_regression:57 - LogisticRegression final iteration 849, max_iter=850, learning_rate = 0.00707
2025-05-27 01:26:09 [INFO] adaboost.adaboost:25 - model is <base_models.logistic_regression.LogisticRegressionModel object at 0x0000024A7F4FFC40>
2025-05-27 01:26:09 [INFO] base_models.logistic_regression:57 - LogisticRegression final iteration 0, max_iter=850, learning_rate = 0.00707
2025-05-27 01:26:10 [INFO] base_models.logistic_regression:57 - LogisticRegression final iteration 849, max_iter=850, learning_rate = 0.00707
2025-05-27 01:26:10 [INFO] adaboost.adaboost:25 - model is <base_models.logistic_regression.LogisticRegressionModel object at 0x0000024A22492F10>
2025-05-27 01:26:10 [INFO] base_models.logistic_regression:57 - LogisticRegression final iteration 0, max_iter=850, learning_rate = 0.00707
2025-05-27 01:26:11 [INFO] base_models.logistic_regression:57 - LogisticRegression final iteration 849, max_iter=850, learning_rate = 0.00707
2025-05-27 01:26:11 [INFO] adaboost.adaboost:25 - model is <base_models.logistic_regression.LogisticRegressionModel object at 0x0000024A22492F70>
2025-05-27 01:26:11 [INFO] base_models.logistic_regression:57 - LogisticRegression final iteration 0, max_iter=850, learning_rate = 0.00707
2025-05-27 01:26:12 [INFO] base_models.logistic_regression:57 - LogisticRegression final iteration 849, max_iter=850, learning_rate = 0.00707
2025-05-27 01:26:12 [INFO] adaboost.adaboost:25 - model is <base_models.logistic_regression.LogisticRegressionModel object at 0x0000024A7F5122E0>
2025-05-27 01:26:12 [INFO] base_models.logistic_regression:57 - LogisticRegression final iteration 0, max_iter=850, learning_rate = 0.00707
2025-05-27 01:26:13 [INFO] base_models.logistic_regression:57 - LogisticRegression final iteration 849, max_iter=850, learning_rate = 0.00707
2025-05-27 01:26:13 [INFO] adaboost.adaboost:25 - model is <base_models.logistic_regression.LogisticRegressionModel object at 0x0000024A22F17190>
2025-05-27 01:26:13 [INFO] base_models.logistic_regression:57 - LogisticRegression final iteration 0, max_iter=850, learning_rate = 0.00707
2025-05-27 01:26:15 [INFO] base_models.logistic_regression:57 - LogisticRegression final iteration 849, max_iter=850, learning_rate = 0.00707
2025-05-27 01:26:15 [INFO] adaboost.adaboost:25 - model is <base_models.logistic_regression.LogisticRegressionModel object at 0x0000024A22F171F0>
2025-05-27 01:26:15 [INFO] base_models.logistic_regression:57 - LogisticRegression final iteration 0, max_iter=850, learning_rate = 0.00707
2025-05-27 01:26:16 [INFO] base_models.logistic_regression:57 - LogisticRegression final iteration 849, max_iter=850, learning_rate = 0.00707
2025-05-27 01:26:16 [INFO] adaboost.adaboost:25 - model is <base_models.logistic_regression.LogisticRegressionModel object at 0x0000024A22F172B0>
2025-05-27 01:26:16 [INFO] base_models.logistic_regression:57 - LogisticRegression final iteration 0, max_iter=850, learning_rate = 0.00707
2025-05-27 01:26:17 [INFO] base_models.logistic_regression:57 - LogisticRegression final iteration 849, max_iter=850, learning_rate = 0.00707
2025-05-27 01:26:17 [INFO] adaboost.adaboost:25 - model is <base_models.logistic_regression.LogisticRegressionModel object at 0x0000024A7F555670>
2025-05-27 01:26:17 [INFO] base_models.logistic_regression:57 - LogisticRegression final iteration 0, max_iter=850, learning_rate = 0.00707
2025-05-27 01:26:18 [INFO] base_models.logistic_regression:57 - LogisticRegression final iteration 849, max_iter=850, learning_rate = 0.00707
2025-05-27 01:26:18 [INFO] adaboost.adaboost:25 - model is <base_models.logistic_regression.LogisticRegressionModel object at 0x0000024A7F5211F0>
2025-05-27 01:26:18 [INFO] base_models.logistic_regression:57 - LogisticRegression final iteration 0, max_iter=850, learning_rate = 0.00707
2025-05-27 01:26:19 [INFO] base_models.logistic_regression:57 - LogisticRegression final iteration 849, max_iter=850, learning_rate = 0.00707
2025-05-27 01:26:19 [INFO] adaboost.adaboost:25 - model is <base_models.logistic_regression.LogisticRegressionModel object at 0x0000024A78DC5C70>
2025-05-27 01:26:19 [INFO] base_models.logistic_regression:57 - LogisticRegression final iteration 0, max_iter=850, learning_rate = 0.00707
2025-05-27 01:26:20 [INFO] base_models.logistic_regression:57 - LogisticRegression final iteration 849, max_iter=850, learning_rate = 0.00707
2025-05-27 01:26:20 [INFO] adaboost.adaboost:25 - model is <base_models.logistic_regression.LogisticRegressionModel object at 0x0000024A7F4FFC40>
2025-05-27 01:26:20 [INFO] base_models.logistic_regression:57 - LogisticRegression final iteration 0, max_iter=850, learning_rate = 0.00707
2025-05-27 01:26:21 [INFO] base_models.logistic_regression:57 - LogisticRegression final iteration 849, max_iter=850, learning_rate = 0.00707
2025-05-27 01:26:21 [INFO] adaboost.adaboost:25 - model is <base_models.logistic_regression.LogisticRegressionModel object at 0x0000024A22492F10>
2025-05-27 01:26:21 [INFO] base_models.logistic_regression:57 - LogisticRegression final iteration 0, max_iter=850, learning_rate = 0.00707
2025-05-27 01:26:21 [INFO] base_models.logistic_regression:57 - LogisticRegression final iteration 849, max_iter=850, learning_rate = 0.00707
2025-05-27 01:26:21 [INFO] adaboost.adaboost:25 - model is <base_models.logistic_regression.LogisticRegressionModel object at 0x0000024A22492F70>
2025-05-27 01:26:21 [INFO] base_models.logistic_regression:57 - LogisticRegression final iteration 0, max_iter=850, learning_rate = 0.00707
2025-05-27 01:26:22 [INFO] base_models.logistic_regression:57 - LogisticRegression final iteration 849, max_iter=850, learning_rate = 0.00707
2025-05-27 01:26:22 [INFO] adaboost.adaboost:25 - model is <base_models.logistic_regression.LogisticRegressionModel object at 0x0000024A7F5122E0>
2025-05-27 01:26:22 [INFO] base_models.logistic_regression:57 - LogisticRegression final iteration 0, max_iter=850, learning_rate = 0.00707
2025-05-27 01:26:23 [INFO] base_models.logistic_regression:57 - LogisticRegression final iteration 849, max_iter=850, learning_rate = 0.00707
2025-05-27 01:26:23 [INFO] adaboost.adaboost:25 - model is <base_models.logistic_regression.LogisticRegressionModel object at 0x0000024A7F5BF1C0>
2025-05-27 01:26:23 [INFO] base_models.logistic_regression:57 - LogisticRegression final iteration 0, max_iter=850, learning_rate = 0.00707
2025-05-27 01:26:25 [INFO] base_models.logistic_regression:57 - LogisticRegression final iteration 849, max_iter=850, learning_rate = 0.00707
2025-05-27 01:26:25 [INFO] adaboost.adaboost:25 - model is <base_models.logistic_regression.LogisticRegressionModel object at 0x0000024A7F5BF280>
2025-05-27 01:26:25 [INFO] base_models.logistic_regression:57 - LogisticRegression final iteration 0, max_iter=850, learning_rate = 0.00707
2025-05-27 01:26:26 [INFO] base_models.logistic_regression:57 - LogisticRegression final iteration 849, max_iter=850, learning_rate = 0.00707
2025-05-27 01:26:26 [INFO] adaboost.adaboost:25 - model is <base_models.logistic_regression.LogisticRegressionModel object at 0x0000024A7F5BF070>
2025-05-27 01:26:26 [INFO] base_models.logistic_regression:57 - LogisticRegression final iteration 0, max_iter=850, learning_rate = 0.00707
2025-05-27 01:26:27 [INFO] base_models.logistic_regression:57 - LogisticRegression final iteration 849, max_iter=850, learning_rate = 0.00707
2025-05-27 01:26:27 [INFO] adaboost.adaboost:25 - model is <base_models.logistic_regression.LogisticRegressionModel object at 0x0000024A7F555670>
2025-05-27 01:26:27 [INFO] base_models.logistic_regression:57 - LogisticRegression final iteration 0, max_iter=850, learning_rate = 0.00707
2025-05-27 01:26:28 [INFO] base_models.logistic_regression:57 - LogisticRegression final iteration 849, max_iter=850, learning_rate = 0.00707
2025-05-27 01:26:28 [INFO] adaboost.adaboost:25 - model is <base_models.logistic_regression.LogisticRegressionModel object at 0x0000024A7F5211F0>
2025-05-27 01:26:28 [INFO] base_models.logistic_regression:57 - LogisticRegression final iteration 0, max_iter=850, learning_rate = 0.00707
2025-05-27 01:26:29 [INFO] base_models.logistic_regression:57 - LogisticRegression final iteration 849, max_iter=850, learning_rate = 0.00707
2025-05-27 01:26:29 [INFO] adaboost.adaboost:25 - model is <base_models.logistic_regression.LogisticRegressionModel object at 0x0000024A78DC5C70>
2025-05-27 01:26:29 [INFO] base_models.logistic_regression:57 - LogisticRegression final iteration 0, max_iter=850, learning_rate = 0.00707
2025-05-27 01:26:30 [INFO] base_models.logistic_regression:57 - LogisticRegression final iteration 849, max_iter=850, learning_rate = 0.00707
2025-05-27 01:26:30 [INFO] adaboost.adaboost:25 - model is <base_models.logistic_regression.LogisticRegressionModel object at 0x0000024A7F4FFC40>
2025-05-27 01:26:30 [INFO] base_models.logistic_regression:57 - LogisticRegression final iteration 0, max_iter=850, learning_rate = 0.00707
2025-05-27 01:26:31 [INFO] base_models.logistic_regression:57 - LogisticRegression final iteration 849, max_iter=850, learning_rate = 0.00707
2025-05-27 01:26:31 [INFO] adaboost.adaboost:25 - model is <base_models.logistic_regression.LogisticRegressionModel object at 0x0000024A22492F10>
2025-05-27 01:26:31 [INFO] base_models.logistic_regression:57 - LogisticRegression final iteration 0, max_iter=850, learning_rate = 0.00707
2025-05-27 01:26:32 [INFO] base_models.logistic_regression:57 - LogisticRegression final iteration 849, max_iter=850, learning_rate = 0.00707
2025-05-27 01:26:32 [INFO] adaboost.adaboost:25 - model is <base_models.logistic_regression.LogisticRegressionModel object at 0x0000024A22492F70>
2025-05-27 01:26:32 [INFO] base_models.logistic_regression:57 - LogisticRegression final iteration 0, max_iter=850, learning_rate = 0.00707
2025-05-27 01:26:33 [INFO] base_models.logistic_regression:57 - LogisticRegression final iteration 849, max_iter=850, learning_rate = 0.00707
2025-05-27 01:26:33 [INFO] adaboost.adaboost:25 - model is <base_models.logistic_regression.LogisticRegressionModel object at 0x0000024A7F5122E0>
2025-05-27 01:26:33 [INFO] base_models.logistic_regression:57 - LogisticRegression final iteration 0, max_iter=850, learning_rate = 0.00707
2025-05-27 01:26:35 [INFO] base_models.logistic_regression:57 - LogisticRegression final iteration 849, max_iter=850, learning_rate = 0.00707
2025-05-27 01:26:35 [INFO] adaboost.adaboost:25 - model is <base_models.logistic_regression.LogisticRegressionModel object at 0x0000024A7F5597C0>
2025-05-27 01:26:35 [INFO] base_models.logistic_regression:57 - LogisticRegression final iteration 0, max_iter=850, learning_rate = 0.00707
2025-05-27 01:26:35 [INFO] base_models.logistic_regression:57 - LogisticRegression final iteration 849, max_iter=850, learning_rate = 0.00707
2025-05-27 01:26:35 [INFO] adaboost.adaboost:25 - model is <base_models.logistic_regression.LogisticRegressionModel object at 0x0000024A7F559790>
2025-05-27 01:26:35 [INFO] base_models.logistic_regression:57 - LogisticRegression final iteration 0, max_iter=850, learning_rate = 0.00707
2025-05-27 01:26:37 [INFO] base_models.logistic_regression:57 - LogisticRegression final iteration 849, max_iter=850, learning_rate = 0.00707
2025-05-27 01:26:37 [INFO] adaboost.adaboost:25 - model is <base_models.logistic_regression.LogisticRegressionModel object at 0x0000024A7F5596A0>
2025-05-27 01:26:37 [INFO] base_models.logistic_regression:57 - LogisticRegression final iteration 0, max_iter=850, learning_rate = 0.00707
2025-05-27 01:26:37 [INFO] base_models.logistic_regression:57 - LogisticRegression final iteration 849, max_iter=850, learning_rate = 0.00707
2025-05-27 01:26:37 [INFO] adaboost.adaboost:25 - model is <base_models.logistic_regression.LogisticRegressionModel object at 0x0000024A7F555670>
2025-05-27 01:26:37 [INFO] base_models.logistic_regression:57 - LogisticRegression final iteration 0, max_iter=850, learning_rate = 0.00707
2025-05-27 01:26:38 [INFO] base_models.logistic_regression:57 - LogisticRegression final iteration 849, max_iter=850, learning_rate = 0.00707
2025-05-27 01:26:38 [INFO] adaboost.adaboost:25 - model is <base_models.logistic_regression.LogisticRegressionModel object at 0x0000024A7F5211F0>
2025-05-27 01:26:38 [INFO] base_models.logistic_regression:57 - LogisticRegression final iteration 0, max_iter=850, learning_rate = 0.00707
2025-05-27 01:26:39 [INFO] base_models.logistic_regression:57 - LogisticRegression final iteration 849, max_iter=850, learning_rate = 0.00707
2025-05-27 01:26:39 [INFO] adaboost.adaboost:25 - model is <base_models.logistic_regression.LogisticRegressionModel object at 0x0000024A78DC5C70>
2025-05-27 01:26:39 [INFO] base_models.logistic_regression:57 - LogisticRegression final iteration 0, max_iter=850, learning_rate = 0.00707
2025-05-27 01:26:40 [INFO] base_models.logistic_regression:57 - LogisticRegression final iteration 849, max_iter=850, learning_rate = 0.00707
2025-05-27 01:26:40 [INFO] adaboost.adaboost:25 - model is <base_models.logistic_regression.LogisticRegressionModel object at 0x0000024A7F4FFC40>
2025-05-27 01:26:40 [INFO] base_models.logistic_regression:57 - LogisticRegression final iteration 0, max_iter=850, learning_rate = 0.00707
2025-05-27 01:26:41 [INFO] base_models.logistic_regression:57 - LogisticRegression final iteration 849, max_iter=850, learning_rate = 0.00707
2025-05-27 01:26:41 [INFO] adaboost.adaboost:25 - model is <base_models.logistic_regression.LogisticRegressionModel object at 0x0000024A22492F10>
2025-05-27 01:26:41 [INFO] base_models.logistic_regression:57 - LogisticRegression final iteration 0, max_iter=850, learning_rate = 0.00707
2025-05-27 01:26:42 [INFO] base_models.logistic_regression:57 - LogisticRegression final iteration 849, max_iter=850, learning_rate = 0.00707
2025-05-27 01:26:42 [INFO] adaboost.adaboost:25 - model is <base_models.logistic_regression.LogisticRegressionModel object at 0x0000024A22492F70>
2025-05-27 01:26:42 [INFO] base_models.logistic_regression:57 - LogisticRegression final iteration 0, max_iter=850, learning_rate = 0.00707
2025-05-27 01:26:43 [INFO] base_models.logistic_regression:57 - LogisticRegression final iteration 849, max_iter=850, learning_rate = 0.00707
2025-05-27 01:26:43 [INFO] adaboost.adaboost:25 - model is <base_models.logistic_regression.LogisticRegressionModel object at 0x0000024A7F5122E0>
2025-05-27 01:26:43 [INFO] base_models.logistic_regression:57 - LogisticRegression final iteration 0, max_iter=850, learning_rate = 0.00707
2025-05-27 01:26:44 [INFO] base_models.logistic_regression:57 - LogisticRegression final iteration 849, max_iter=850, learning_rate = 0.00707
2025-05-27 01:26:44 [INFO] adaboost.adaboost:25 - model is <base_models.logistic_regression.LogisticRegressionModel object at 0x0000024A7F591430>
2025-05-27 01:26:44 [INFO] base_models.logistic_regression:57 - LogisticRegression final iteration 0, max_iter=850, learning_rate = 0.00707
2025-05-27 01:26:45 [INFO] base_models.logistic_regression:57 - LogisticRegression final iteration 849, max_iter=850, learning_rate = 0.00707
2025-05-27 01:26:45 [INFO] adaboost.adaboost:25 - model is <base_models.logistic_regression.LogisticRegressionModel object at 0x0000024A7F591490>
2025-05-27 01:26:45 [INFO] base_models.logistic_regression:57 - LogisticRegression final iteration 0, max_iter=850, learning_rate = 0.00707
2025-05-27 01:26:46 [INFO] base_models.logistic_regression:57 - LogisticRegression final iteration 849, max_iter=850, learning_rate = 0.00707
2025-05-27 01:26:46 [INFO] adaboost.adaboost:25 - model is <base_models.logistic_regression.LogisticRegressionModel object at 0x0000024A7F591550>
2025-05-27 01:26:46 [INFO] base_models.logistic_regression:57 - LogisticRegression final iteration 0, max_iter=850, learning_rate = 0.00707
2025-05-27 01:26:47 [INFO] base_models.logistic_regression:57 - LogisticRegression final iteration 849, max_iter=850, learning_rate = 0.00707
2025-05-27 01:26:47 [INFO] __main__:109 - 完成基分类器数目=10 的10折输出
2025-05-27 01:26:47 [INFO] adaboost.adaboost:25 - model is <base_models.logistic_regression.LogisticRegressionModel object at 0x0000024A7F555670>
2025-05-27 01:26:47 [INFO] base_models.logistic_regression:57 - LogisticRegression final iteration 0, max_iter=850, learning_rate = 0.00707
2025-05-27 01:26:48 [INFO] base_models.logistic_regression:57 - LogisticRegression final iteration 849, max_iter=850, learning_rate = 0.00707
2025-05-27 01:26:48 [INFO] adaboost.adaboost:25 - model is <base_models.logistic_regression.LogisticRegressionModel object at 0x0000024A7F5211F0>
2025-05-27 01:26:48 [INFO] base_models.logistic_regression:57 - LogisticRegression final iteration 0, max_iter=850, learning_rate = 0.00707
2025-05-27 01:26:49 [INFO] base_models.logistic_regression:57 - LogisticRegression final iteration 849, max_iter=850, learning_rate = 0.00707
2025-05-27 01:26:49 [INFO] adaboost.adaboost:25 - model is <base_models.logistic_regression.LogisticRegressionModel object at 0x0000024A78DC5C70>
2025-05-27 01:26:49 [INFO] base_models.logistic_regression:57 - LogisticRegression final iteration 0, max_iter=850, learning_rate = 0.00707
2025-05-27 01:26:50 [INFO] base_models.logistic_regression:57 - LogisticRegression final iteration 849, max_iter=850, learning_rate = 0.00707
2025-05-27 01:26:50 [INFO] adaboost.adaboost:25 - model is <base_models.logistic_regression.LogisticRegressionModel object at 0x0000024A7F4FFC40>
2025-05-27 01:26:50 [INFO] base_models.logistic_regression:57 - LogisticRegression final iteration 0, max_iter=850, learning_rate = 0.00707
2025-05-27 01:26:51 [INFO] base_models.logistic_regression:57 - LogisticRegression final iteration 849, max_iter=850, learning_rate = 0.00707
2025-05-27 01:26:51 [INFO] adaboost.adaboost:25 - model is <base_models.logistic_regression.LogisticRegressionModel object at 0x0000024A22492F10>
2025-05-27 01:26:51 [INFO] base_models.logistic_regression:57 - LogisticRegression final iteration 0, max_iter=850, learning_rate = 0.00707
2025-05-27 01:26:52 [INFO] base_models.logistic_regression:57 - LogisticRegression final iteration 849, max_iter=850, learning_rate = 0.00707
2025-05-27 01:26:52 [INFO] adaboost.adaboost:25 - model is <base_models.logistic_regression.LogisticRegressionModel object at 0x0000024A22492F70>
2025-05-27 01:26:52 [INFO] base_models.logistic_regression:57 - LogisticRegression final iteration 0, max_iter=850, learning_rate = 0.00707
2025-05-27 01:26:53 [INFO] base_models.logistic_regression:57 - LogisticRegression final iteration 849, max_iter=850, learning_rate = 0.00707
2025-05-27 01:26:53 [INFO] adaboost.adaboost:25 - model is <base_models.logistic_regression.LogisticRegressionModel object at 0x0000024A7F5122E0>
2025-05-27 01:26:53 [INFO] base_models.logistic_regression:57 - LogisticRegression final iteration 0, max_iter=850, learning_rate = 0.00707
2025-05-27 01:26:54 [INFO] base_models.logistic_regression:57 - LogisticRegression final iteration 849, max_iter=850, learning_rate = 0.00707
2025-05-27 01:26:54 [INFO] adaboost.adaboost:25 - model is <base_models.logistic_regression.LogisticRegressionModel object at 0x0000024A22F17190>
2025-05-27 01:26:54 [INFO] base_models.logistic_regression:57 - LogisticRegression final iteration 0, max_iter=850, learning_rate = 0.00707
2025-05-27 01:26:55 [INFO] base_models.logistic_regression:57 - LogisticRegression final iteration 849, max_iter=850, learning_rate = 0.00707
2025-05-27 01:26:55 [INFO] adaboost.adaboost:25 - model is <base_models.logistic_regression.LogisticRegressionModel object at 0x0000024A22F171F0>
2025-05-27 01:26:55 [INFO] base_models.logistic_regression:57 - LogisticRegression final iteration 0, max_iter=850, learning_rate = 0.00707
2025-05-27 01:26:56 [INFO] base_models.logistic_regression:57 - LogisticRegression final iteration 849, max_iter=850, learning_rate = 0.00707
2025-05-27 01:26:56 [INFO] adaboost.adaboost:25 - model is <base_models.logistic_regression.LogisticRegressionModel object at 0x0000024A22F172B0>
2025-05-27 01:26:56 [INFO] base_models.logistic_regression:57 - LogisticRegression final iteration 0, max_iter=850, learning_rate = 0.00707
2025-05-27 01:26:57 [INFO] base_models.logistic_regression:57 - LogisticRegression final iteration 849, max_iter=850, learning_rate = 0.00707
2025-05-27 01:26:57 [INFO] adaboost.adaboost:25 - model is <base_models.logistic_regression.LogisticRegressionModel object at 0x0000024A22F173D0>
2025-05-27 01:26:57 [INFO] base_models.logistic_regression:57 - LogisticRegression final iteration 0, max_iter=850, learning_rate = 0.00707
2025-05-27 01:26:58 [INFO] base_models.logistic_regression:57 - LogisticRegression final iteration 849, max_iter=850, learning_rate = 0.00707
2025-05-27 01:26:58 [INFO] adaboost.adaboost:25 - model is <base_models.logistic_regression.LogisticRegressionModel object at 0x0000024A22F17430>
2025-05-27 01:26:58 [INFO] base_models.logistic_regression:57 - LogisticRegression final iteration 0, max_iter=850, learning_rate = 0.00707
2025-05-27 01:26:59 [INFO] base_models.logistic_regression:57 - LogisticRegression final iteration 849, max_iter=850, learning_rate = 0.00707
2025-05-27 01:26:59 [INFO] adaboost.adaboost:25 - model is <base_models.logistic_regression.LogisticRegressionModel object at 0x0000024A22F17490>
2025-05-27 01:26:59 [INFO] base_models.logistic_regression:57 - LogisticRegression final iteration 0, max_iter=850, learning_rate = 0.00707
2025-05-27 01:27:01 [INFO] base_models.logistic_regression:57 - LogisticRegression final iteration 849, max_iter=850, learning_rate = 0.00707
2025-05-27 01:27:01 [INFO] adaboost.adaboost:25 - model is <base_models.logistic_regression.LogisticRegressionModel object at 0x0000024A22F174F0>
2025-05-27 01:27:01 [INFO] base_models.logistic_regression:57 - LogisticRegression final iteration 0, max_iter=850, learning_rate = 0.00707
2025-05-27 01:27:02 [INFO] base_models.logistic_regression:57 - LogisticRegression final iteration 849, max_iter=850, learning_rate = 0.00707
2025-05-27 01:27:02 [INFO] adaboost.adaboost:25 - model is <base_models.logistic_regression.LogisticRegressionModel object at 0x0000024A22F17550>
2025-05-27 01:27:02 [INFO] base_models.logistic_regression:57 - LogisticRegression final iteration 0, max_iter=850, learning_rate = 0.00707
2025-05-27 01:27:03 [INFO] base_models.logistic_regression:57 - LogisticRegression final iteration 849, max_iter=850, learning_rate = 0.00707
2025-05-27 01:27:03 [INFO] adaboost.adaboost:25 - model is <base_models.logistic_regression.LogisticRegressionModel object at 0x0000024A22F175B0>
2025-05-27 01:27:03 [INFO] base_models.logistic_regression:57 - LogisticRegression final iteration 0, max_iter=850, learning_rate = 0.00707
2025-05-27 01:27:04 [INFO] base_models.logistic_regression:57 - LogisticRegression final iteration 849, max_iter=850, learning_rate = 0.00707
2025-05-27 01:27:04 [INFO] adaboost.adaboost:25 - model is <base_models.logistic_regression.LogisticRegressionModel object at 0x0000024A22F17610>
2025-05-27 01:27:04 [INFO] base_models.logistic_regression:57 - LogisticRegression final iteration 0, max_iter=850, learning_rate = 0.00707
2025-05-27 01:27:05 [INFO] base_models.logistic_regression:57 - LogisticRegression final iteration 849, max_iter=850, learning_rate = 0.00707
2025-05-27 01:27:05 [INFO] adaboost.adaboost:25 - model is <base_models.logistic_regression.LogisticRegressionModel object at 0x0000024A22F17670>
2025-05-27 01:27:05 [INFO] base_models.logistic_regression:57 - LogisticRegression final iteration 0, max_iter=850, learning_rate = 0.00707
2025-05-27 01:27:06 [INFO] base_models.logistic_regression:57 - LogisticRegression final iteration 849, max_iter=850, learning_rate = 0.00707
2025-05-27 01:27:06 [INFO] adaboost.adaboost:25 - model is <base_models.logistic_regression.LogisticRegressionModel object at 0x0000024A22F176D0>
2025-05-27 01:27:06 [INFO] base_models.logistic_regression:57 - LogisticRegression final iteration 0, max_iter=850, learning_rate = 0.00707
2025-05-27 01:27:08 [INFO] base_models.logistic_regression:57 - LogisticRegression final iteration 849, max_iter=850, learning_rate = 0.00707
2025-05-27 01:27:08 [INFO] adaboost.adaboost:25 - model is <base_models.logistic_regression.LogisticRegressionModel object at 0x0000024A22F17730>
2025-05-27 01:27:08 [INFO] base_models.logistic_regression:57 - LogisticRegression final iteration 0, max_iter=850, learning_rate = 0.00707
2025-05-27 01:27:09 [INFO] base_models.logistic_regression:57 - LogisticRegression final iteration 849, max_iter=850, learning_rate = 0.00707
2025-05-27 01:27:09 [INFO] adaboost.adaboost:25 - model is <base_models.logistic_regression.LogisticRegressionModel object at 0x0000024A22F17790>
2025-05-27 01:27:09 [INFO] base_models.logistic_regression:57 - LogisticRegression final iteration 0, max_iter=850, learning_rate = 0.00707
2025-05-27 01:27:10 [INFO] base_models.logistic_regression:57 - LogisticRegression final iteration 849, max_iter=850, learning_rate = 0.00707
2025-05-27 01:27:10 [INFO] adaboost.adaboost:25 - model is <base_models.logistic_regression.LogisticRegressionModel object at 0x0000024A22F177F0>
2025-05-27 01:27:10 [INFO] base_models.logistic_regression:57 - LogisticRegression final iteration 0, max_iter=850, learning_rate = 0.00707
2025-05-27 01:27:12 [INFO] base_models.logistic_regression:57 - LogisticRegression final iteration 849, max_iter=850, learning_rate = 0.00707
2025-05-27 01:27:12 [INFO] adaboost.adaboost:25 - model is <base_models.logistic_regression.LogisticRegressionModel object at 0x0000024A22F17850>
2025-05-27 01:27:12 [INFO] base_models.logistic_regression:57 - LogisticRegression final iteration 0, max_iter=850, learning_rate = 0.00707
2025-05-27 01:27:13 [INFO] base_models.logistic_regression:57 - LogisticRegression final iteration 849, max_iter=850, learning_rate = 0.00707
2025-05-27 01:27:13 [INFO] adaboost.adaboost:25 - model is <base_models.logistic_regression.LogisticRegressionModel object at 0x0000024A22F178B0>
2025-05-27 01:27:13 [INFO] base_models.logistic_regression:57 - LogisticRegression final iteration 0, max_iter=850, learning_rate = 0.00707
2025-05-27 01:27:14 [INFO] base_models.logistic_regression:57 - LogisticRegression final iteration 849, max_iter=850, learning_rate = 0.00707
2025-05-27 01:27:14 [INFO] adaboost.adaboost:25 - model is <base_models.logistic_regression.LogisticRegressionModel object at 0x0000024A22F17910>
2025-05-27 01:27:14 [INFO] base_models.logistic_regression:57 - LogisticRegression final iteration 0, max_iter=850, learning_rate = 0.00707
2025-05-27 01:27:15 [INFO] base_models.logistic_regression:57 - LogisticRegression final iteration 849, max_iter=850, learning_rate = 0.00707
2025-05-27 01:27:15 [INFO] adaboost.adaboost:25 - model is <base_models.logistic_regression.LogisticRegressionModel object at 0x0000024A22F17970>
2025-05-27 01:27:15 [INFO] base_models.logistic_regression:57 - LogisticRegression final iteration 0, max_iter=850, learning_rate = 0.00707
2025-05-27 01:27:16 [INFO] base_models.logistic_regression:57 - LogisticRegression final iteration 849, max_iter=850, learning_rate = 0.00707
2025-05-27 01:27:16 [INFO] adaboost.adaboost:25 - model is <base_models.logistic_regression.LogisticRegressionModel object at 0x0000024A22F179D0>
2025-05-27 01:27:16 [INFO] base_models.logistic_regression:57 - LogisticRegression final iteration 0, max_iter=850, learning_rate = 0.00707
2025-05-27 01:27:17 [INFO] base_models.logistic_regression:57 - LogisticRegression final iteration 849, max_iter=850, learning_rate = 0.00707
2025-05-27 01:27:17 [INFO] adaboost.adaboost:25 - model is <base_models.logistic_regression.LogisticRegressionModel object at 0x0000024A22F17A30>
2025-05-27 01:27:17 [INFO] base_models.logistic_regression:57 - LogisticRegression final iteration 0, max_iter=850, learning_rate = 0.00707
2025-05-27 01:27:18 [INFO] base_models.logistic_regression:57 - LogisticRegression final iteration 849, max_iter=850, learning_rate = 0.00707
2025-05-27 01:27:18 [INFO] adaboost.adaboost:25 - model is <base_models.logistic_regression.LogisticRegressionModel object at 0x0000024A22F17A90>
2025-05-27 01:27:18 [INFO] base_models.logistic_regression:57 - LogisticRegression final iteration 0, max_iter=850, learning_rate = 0.00707
2025-05-27 01:27:19 [INFO] base_models.logistic_regression:57 - LogisticRegression final iteration 849, max_iter=850, learning_rate = 0.00707
2025-05-27 01:27:19 [INFO] adaboost.adaboost:25 - model is <base_models.logistic_regression.LogisticRegressionModel object at 0x0000024A22F17AF0>
2025-05-27 01:27:19 [INFO] base_models.logistic_regression:57 - LogisticRegression final iteration 0, max_iter=850, learning_rate = 0.00707
2025-05-27 01:27:20 [INFO] base_models.logistic_regression:57 - LogisticRegression final iteration 849, max_iter=850, learning_rate = 0.00707
2025-05-27 01:27:20 [INFO] adaboost.adaboost:25 - model is <base_models.logistic_regression.LogisticRegressionModel object at 0x0000024A22F17B50>
2025-05-27 01:27:20 [INFO] base_models.logistic_regression:57 - LogisticRegression final iteration 0, max_iter=850, learning_rate = 0.00707
2025-05-27 01:27:21 [INFO] base_models.logistic_regression:57 - LogisticRegression final iteration 849, max_iter=850, learning_rate = 0.00707
2025-05-27 01:27:21 [INFO] adaboost.adaboost:25 - model is <base_models.logistic_regression.LogisticRegressionModel object at 0x0000024A22F17BB0>
2025-05-27 01:27:21 [INFO] base_models.logistic_regression:57 - LogisticRegression final iteration 0, max_iter=850, learning_rate = 0.00707
2025-05-27 01:27:22 [INFO] base_models.logistic_regression:57 - LogisticRegression final iteration 849, max_iter=850, learning_rate = 0.00707
2025-05-27 01:27:22 [INFO] adaboost.adaboost:25 - model is <base_models.logistic_regression.LogisticRegressionModel object at 0x0000024A22F17C40>
2025-05-27 01:27:22 [INFO] base_models.logistic_regression:57 - LogisticRegression final iteration 0, max_iter=850, learning_rate = 0.00707
2025-05-27 01:27:23 [INFO] base_models.logistic_regression:57 - LogisticRegression final iteration 849, max_iter=850, learning_rate = 0.00707
2025-05-27 01:27:23 [INFO] adaboost.adaboost:25 - model is <base_models.logistic_regression.LogisticRegressionModel object at 0x0000024A22F17CA0>
2025-05-27 01:27:23 [INFO] base_models.logistic_regression:57 - LogisticRegression final iteration 0, max_iter=850, learning_rate = 0.00707
2025-05-27 01:27:24 [INFO] base_models.logistic_regression:57 - LogisticRegression final iteration 849, max_iter=850, learning_rate = 0.00707
2025-05-27 01:27:24 [INFO] adaboost.adaboost:25 - model is <base_models.logistic_regression.LogisticRegressionModel object at 0x0000024A22F17D00>
2025-05-27 01:27:24 [INFO] base_models.logistic_regression:57 - LogisticRegression final iteration 0, max_iter=850, learning_rate = 0.00707
2025-05-27 01:27:25 [INFO] base_models.logistic_regression:57 - LogisticRegression final iteration 849, max_iter=850, learning_rate = 0.00707
2025-05-27 01:27:25 [INFO] adaboost.adaboost:25 - model is <base_models.logistic_regression.LogisticRegressionModel object at 0x0000024A22F17D60>
2025-05-27 01:27:25 [INFO] base_models.logistic_regression:57 - LogisticRegression final iteration 0, max_iter=850, learning_rate = 0.00707
2025-05-27 01:27:26 [INFO] base_models.logistic_regression:57 - LogisticRegression final iteration 849, max_iter=850, learning_rate = 0.00707
2025-05-27 01:27:26 [INFO] adaboost.adaboost:25 - model is <base_models.logistic_regression.LogisticRegressionModel object at 0x0000024A22F17DC0>
2025-05-27 01:27:26 [INFO] base_models.logistic_regression:57 - LogisticRegression final iteration 0, max_iter=850, learning_rate = 0.00707
2025-05-27 01:27:27 [INFO] base_models.logistic_regression:57 - LogisticRegression final iteration 849, max_iter=850, learning_rate = 0.00707
2025-05-27 01:27:27 [INFO] adaboost.adaboost:25 - model is <base_models.logistic_regression.LogisticRegressionModel object at 0x0000024A22F17E20>
2025-05-27 01:27:27 [INFO] base_models.logistic_regression:57 - LogisticRegression final iteration 0, max_iter=850, learning_rate = 0.00707
2025-05-27 01:27:28 [INFO] base_models.logistic_regression:57 - LogisticRegression final iteration 849, max_iter=850, learning_rate = 0.00707
2025-05-27 01:27:28 [INFO] adaboost.adaboost:25 - model is <base_models.logistic_regression.LogisticRegressionModel object at 0x0000024A22F17E80>
2025-05-27 01:27:28 [INFO] base_models.logistic_regression:57 - LogisticRegression final iteration 0, max_iter=850, learning_rate = 0.00707
2025-05-27 01:27:29 [INFO] base_models.logistic_regression:57 - LogisticRegression final iteration 849, max_iter=850, learning_rate = 0.00707
2025-05-27 01:27:29 [INFO] adaboost.adaboost:25 - model is <base_models.logistic_regression.LogisticRegressionModel object at 0x0000024A22F17EE0>
2025-05-27 01:27:29 [INFO] base_models.logistic_regression:57 - LogisticRegression final iteration 0, max_iter=850, learning_rate = 0.00707
2025-05-27 01:27:30 [INFO] base_models.logistic_regression:57 - LogisticRegression final iteration 849, max_iter=850, learning_rate = 0.00707
2025-05-27 01:27:30 [INFO] adaboost.adaboost:25 - model is <base_models.logistic_regression.LogisticRegressionModel object at 0x0000024A22F17F40>
2025-05-27 01:27:30 [INFO] base_models.logistic_regression:57 - LogisticRegression final iteration 0, max_iter=850, learning_rate = 0.00707
2025-05-27 01:27:31 [INFO] base_models.logistic_regression:57 - LogisticRegression final iteration 849, max_iter=850, learning_rate = 0.00707
2025-05-27 01:27:31 [INFO] adaboost.adaboost:25 - model is <base_models.logistic_regression.LogisticRegressionModel object at 0x0000024A22F17FA0>
2025-05-27 01:27:31 [INFO] base_models.logistic_regression:57 - LogisticRegression final iteration 0, max_iter=850, learning_rate = 0.00707
2025-05-27 01:27:33 [INFO] base_models.logistic_regression:57 - LogisticRegression final iteration 849, max_iter=850, learning_rate = 0.00707
2025-05-27 01:27:33 [INFO] adaboost.adaboost:25 - model is <base_models.logistic_regression.LogisticRegressionModel object at 0x0000024A22F170A0>
2025-05-27 01:27:33 [INFO] base_models.logistic_regression:57 - LogisticRegression final iteration 0, max_iter=850, learning_rate = 0.00707
2025-05-27 01:27:34 [INFO] base_models.logistic_regression:57 - LogisticRegression final iteration 849, max_iter=850, learning_rate = 0.00707
2025-05-27 01:27:34 [INFO] adaboost.adaboost:25 - model is <base_models.logistic_regression.LogisticRegressionModel object at 0x0000024A22F17220>
2025-05-27 01:27:34 [INFO] base_models.logistic_regression:57 - LogisticRegression final iteration 0, max_iter=850, learning_rate = 0.00707
2025-05-27 01:27:35 [INFO] base_models.logistic_regression:57 - LogisticRegression final iteration 849, max_iter=850, learning_rate = 0.00707
2025-05-27 01:27:35 [INFO] adaboost.adaboost:25 - model is <base_models.logistic_regression.LogisticRegressionModel object at 0x0000024A22F17130>
2025-05-27 01:27:35 [INFO] base_models.logistic_regression:57 - LogisticRegression final iteration 0, max_iter=850, learning_rate = 0.00707
2025-05-27 01:27:37 [INFO] base_models.logistic_regression:57 - LogisticRegression final iteration 849, max_iter=850, learning_rate = 0.00707
2025-05-27 01:27:37 [INFO] adaboost.adaboost:25 - model is <base_models.logistic_regression.LogisticRegressionModel object at 0x0000024A22F17310>
2025-05-27 01:27:37 [INFO] base_models.logistic_regression:57 - LogisticRegression final iteration 0, max_iter=850, learning_rate = 0.00707
2025-05-27 01:27:38 [INFO] base_models.logistic_regression:57 - LogisticRegression final iteration 849, max_iter=850, learning_rate = 0.00707
2025-05-27 01:27:38 [INFO] adaboost.adaboost:25 - model is <base_models.logistic_regression.LogisticRegressionModel object at 0x0000024A22F17370>
2025-05-27 01:27:38 [INFO] base_models.logistic_regression:57 - LogisticRegression final iteration 0, max_iter=850, learning_rate = 0.00707
2025-05-27 01:27:39 [INFO] base_models.logistic_regression:57 - LogisticRegression final iteration 849, max_iter=850, learning_rate = 0.00707
2025-05-27 01:27:39 [INFO] adaboost.adaboost:25 - model is <base_models.logistic_regression.LogisticRegressionModel object at 0x0000024A7F5BF0D0>
2025-05-27 01:27:39 [INFO] base_models.logistic_regression:57 - LogisticRegression final iteration 0, max_iter=850, learning_rate = 0.00707
2025-05-27 01:27:40 [INFO] base_models.logistic_regression:57 - LogisticRegression final iteration 849, max_iter=850, learning_rate = 0.00707
2025-05-27 01:27:40 [INFO] adaboost.adaboost:25 - model is <base_models.logistic_regression.LogisticRegressionModel object at 0x0000024A7F5BF190>
2025-05-27 01:27:40 [INFO] base_models.logistic_regression:57 - LogisticRegression final iteration 0, max_iter=850, learning_rate = 0.00707
2025-05-27 01:27:41 [INFO] base_models.logistic_regression:57 - LogisticRegression final iteration 849, max_iter=850, learning_rate = 0.00707
2025-05-27 01:27:41 [INFO] adaboost.adaboost:25 - model is <base_models.logistic_regression.LogisticRegressionModel object at 0x0000024A7F5BF1F0>
2025-05-27 01:27:41 [INFO] base_models.logistic_regression:57 - LogisticRegression final iteration 0, max_iter=850, learning_rate = 0.00707
2025-05-27 01:27:42 [INFO] base_models.logistic_regression:57 - LogisticRegression final iteration 849, max_iter=850, learning_rate = 0.00707
2025-05-27 01:27:42 [INFO] adaboost.adaboost:25 - model is <base_models.logistic_regression.LogisticRegressionModel object at 0x0000024A7F5BF040>
2025-05-27 01:27:42 [INFO] base_models.logistic_regression:57 - LogisticRegression final iteration 0, max_iter=850, learning_rate = 0.00707
2025-05-27 01:27:43 [INFO] base_models.logistic_regression:57 - LogisticRegression final iteration 849, max_iter=850, learning_rate = 0.00707
2025-05-27 01:27:43 [INFO] adaboost.adaboost:25 - model is <base_models.logistic_regression.LogisticRegressionModel object at 0x0000024A7F5BF220>
2025-05-27 01:27:43 [INFO] base_models.logistic_regression:57 - LogisticRegression final iteration 0, max_iter=850, learning_rate = 0.00707
2025-05-27 01:27:44 [INFO] base_models.logistic_regression:57 - LogisticRegression final iteration 849, max_iter=850, learning_rate = 0.00707
2025-05-27 01:27:44 [INFO] adaboost.adaboost:25 - model is <base_models.logistic_regression.LogisticRegressionModel object at 0x0000024A7F5BF0A0>
2025-05-27 01:27:44 [INFO] base_models.logistic_regression:57 - LogisticRegression final iteration 0, max_iter=850, learning_rate = 0.00707
2025-05-27 01:27:44 [INFO] base_models.logistic_regression:57 - LogisticRegression final iteration 849, max_iter=850, learning_rate = 0.00707
2025-05-27 01:27:44 [INFO] adaboost.adaboost:25 - model is <base_models.logistic_regression.LogisticRegressionModel object at 0x0000024A7F5BF160>
2025-05-27 01:27:44 [INFO] base_models.logistic_regression:57 - LogisticRegression final iteration 0, max_iter=850, learning_rate = 0.00707
2025-05-27 01:27:45 [INFO] base_models.logistic_regression:57 - LogisticRegression final iteration 849, max_iter=850, learning_rate = 0.00707
2025-05-27 01:27:45 [INFO] adaboost.adaboost:25 - model is <base_models.logistic_regression.LogisticRegressionModel object at 0x0000024A7F559700>
2025-05-27 01:27:46 [INFO] base_models.logistic_regression:57 - LogisticRegression final iteration 0, max_iter=850, learning_rate = 0.00707
2025-05-27 01:27:46 [INFO] base_models.logistic_regression:57 - LogisticRegression final iteration 849, max_iter=850, learning_rate = 0.00707
2025-05-27 01:27:46 [INFO] adaboost.adaboost:25 - model is <base_models.logistic_regression.LogisticRegressionModel object at 0x0000024A7F5597C0>
2025-05-27 01:27:46 [INFO] base_models.logistic_regression:57 - LogisticRegression final iteration 0, max_iter=850, learning_rate = 0.00707
2025-05-27 01:27:47 [INFO] base_models.logistic_regression:57 - LogisticRegression final iteration 849, max_iter=850, learning_rate = 0.00707
2025-05-27 01:27:47 [INFO] adaboost.adaboost:25 - model is <base_models.logistic_regression.LogisticRegressionModel object at 0x0000024A7F559790>
2025-05-27 01:27:47 [INFO] base_models.logistic_regression:57 - LogisticRegression final iteration 0, max_iter=850, learning_rate = 0.00707
2025-05-27 01:27:48 [INFO] base_models.logistic_regression:57 - LogisticRegression final iteration 849, max_iter=850, learning_rate = 0.00707
2025-05-27 01:27:48 [INFO] adaboost.adaboost:25 - model is <base_models.logistic_regression.LogisticRegressionModel object at 0x0000024A7F5596A0>
2025-05-27 01:27:48 [INFO] base_models.logistic_regression:57 - LogisticRegression final iteration 0, max_iter=850, learning_rate = 0.00707
2025-05-27 01:27:49 [INFO] base_models.logistic_regression:57 - LogisticRegression final iteration 849, max_iter=850, learning_rate = 0.00707
2025-05-27 01:27:49 [INFO] adaboost.adaboost:25 - model is <base_models.logistic_regression.LogisticRegressionModel object at 0x0000024A7F559550>
2025-05-27 01:27:49 [INFO] base_models.logistic_regression:57 - LogisticRegression final iteration 0, max_iter=850, learning_rate = 0.00707
2025-05-27 01:27:50 [INFO] base_models.logistic_regression:57 - LogisticRegression final iteration 849, max_iter=850, learning_rate = 0.00707
2025-05-27 01:27:50 [INFO] adaboost.adaboost:25 - model is <base_models.logistic_regression.LogisticRegressionModel object at 0x0000024A7F559730>
2025-05-27 01:27:50 [INFO] base_models.logistic_regression:57 - LogisticRegression final iteration 0, max_iter=850, learning_rate = 0.00707
2025-05-27 01:27:51 [INFO] base_models.logistic_regression:57 - LogisticRegression final iteration 849, max_iter=850, learning_rate = 0.00707
2025-05-27 01:27:51 [INFO] adaboost.adaboost:25 - model is <base_models.logistic_regression.LogisticRegressionModel object at 0x0000024A7F591310>
2025-05-27 01:27:51 [INFO] base_models.logistic_regression:57 - LogisticRegression final iteration 0, max_iter=850, learning_rate = 0.00707
2025-05-27 01:27:52 [INFO] base_models.logistic_regression:57 - LogisticRegression final iteration 849, max_iter=850, learning_rate = 0.00707
2025-05-27 01:27:52 [INFO] adaboost.adaboost:25 - model is <base_models.logistic_regression.LogisticRegressionModel object at 0x0000024A7F591430>
2025-05-27 01:27:52 [INFO] base_models.logistic_regression:57 - LogisticRegression final iteration 0, max_iter=850, learning_rate = 0.00707
2025-05-27 01:27:53 [INFO] base_models.logistic_regression:57 - LogisticRegression final iteration 849, max_iter=850, learning_rate = 0.00707
2025-05-27 01:27:53 [INFO] adaboost.adaboost:25 - model is <base_models.logistic_regression.LogisticRegressionModel object at 0x0000024A7F591490>
2025-05-27 01:27:53 [INFO] base_models.logistic_regression:57 - LogisticRegression final iteration 0, max_iter=850, learning_rate = 0.00707
2025-05-27 01:27:54 [INFO] base_models.logistic_regression:57 - LogisticRegression final iteration 849, max_iter=850, learning_rate = 0.00707
2025-05-27 01:27:54 [INFO] adaboost.adaboost:25 - model is <base_models.logistic_regression.LogisticRegressionModel object at 0x0000024A7F591550>
2025-05-27 01:27:54 [INFO] base_models.logistic_regression:57 - LogisticRegression final iteration 0, max_iter=850, learning_rate = 0.00707
2025-05-27 01:27:55 [INFO] base_models.logistic_regression:57 - LogisticRegression final iteration 849, max_iter=850, learning_rate = 0.00707
2025-05-27 01:27:55 [INFO] adaboost.adaboost:25 - model is <base_models.logistic_regression.LogisticRegressionModel object at 0x0000024A7F5916D0>
2025-05-27 01:27:55 [INFO] base_models.logistic_regression:57 - LogisticRegression final iteration 0, max_iter=850, learning_rate = 0.00707
2025-05-27 01:27:56 [INFO] base_models.logistic_regression:57 - LogisticRegression final iteration 849, max_iter=850, learning_rate = 0.00707
2025-05-27 01:27:56 [INFO] adaboost.adaboost:25 - model is <base_models.logistic_regression.LogisticRegressionModel object at 0x0000024A7F591730>
2025-05-27 01:27:56 [INFO] base_models.logistic_regression:57 - LogisticRegression final iteration 0, max_iter=850, learning_rate = 0.00707
2025-05-27 01:27:57 [INFO] base_models.logistic_regression:57 - LogisticRegression final iteration 849, max_iter=850, learning_rate = 0.00707
2025-05-27 01:27:57 [INFO] adaboost.adaboost:25 - model is <base_models.logistic_regression.LogisticRegressionModel object at 0x0000024A7F591790>
2025-05-27 01:27:57 [INFO] base_models.logistic_regression:57 - LogisticRegression final iteration 0, max_iter=850, learning_rate = 0.00707
2025-05-27 01:27:58 [INFO] base_models.logistic_regression:57 - LogisticRegression final iteration 849, max_iter=850, learning_rate = 0.00707
2025-05-27 01:27:58 [INFO] adaboost.adaboost:25 - model is <base_models.logistic_regression.LogisticRegressionModel object at 0x0000024A7F5917F0>
2025-05-27 01:27:58 [INFO] base_models.logistic_regression:57 - LogisticRegression final iteration 0, max_iter=850, learning_rate = 0.00707
2025-05-27 01:27:59 [INFO] base_models.logistic_regression:57 - LogisticRegression final iteration 849, max_iter=850, learning_rate = 0.00707
2025-05-27 01:27:59 [INFO] adaboost.adaboost:25 - model is <base_models.logistic_regression.LogisticRegressionModel object at 0x0000024A7F591850>
2025-05-27 01:27:59 [INFO] base_models.logistic_regression:57 - LogisticRegression final iteration 0, max_iter=850, learning_rate = 0.00707
2025-05-27 01:28:00 [INFO] base_models.logistic_regression:57 - LogisticRegression final iteration 849, max_iter=850, learning_rate = 0.00707
2025-05-27 01:28:00 [INFO] adaboost.adaboost:25 - model is <base_models.logistic_regression.LogisticRegressionModel object at 0x0000024A7F5918B0>
2025-05-27 01:28:00 [INFO] base_models.logistic_regression:57 - LogisticRegression final iteration 0, max_iter=850, learning_rate = 0.00707
2025-05-27 01:28:01 [INFO] base_models.logistic_regression:57 - LogisticRegression final iteration 849, max_iter=850, learning_rate = 0.00707
2025-05-27 01:28:01 [INFO] adaboost.adaboost:25 - model is <base_models.logistic_regression.LogisticRegressionModel object at 0x0000024A7F591910>
2025-05-27 01:28:01 [INFO] base_models.logistic_regression:57 - LogisticRegression final iteration 0, max_iter=850, learning_rate = 0.00707
2025-05-27 01:28:02 [INFO] base_models.logistic_regression:57 - LogisticRegression final iteration 849, max_iter=850, learning_rate = 0.00707
2025-05-27 01:28:02 [INFO] adaboost.adaboost:25 - model is <base_models.logistic_regression.LogisticRegressionModel object at 0x0000024A7F591970>
2025-05-27 01:28:02 [INFO] base_models.logistic_regression:57 - LogisticRegression final iteration 0, max_iter=850, learning_rate = 0.00707
2025-05-27 01:28:03 [INFO] base_models.logistic_regression:57 - LogisticRegression final iteration 849, max_iter=850, learning_rate = 0.00707
2025-05-27 01:28:03 [INFO] adaboost.adaboost:25 - model is <base_models.logistic_regression.LogisticRegressionModel object at 0x0000024A7F5919D0>
2025-05-27 01:28:03 [INFO] base_models.logistic_regression:57 - LogisticRegression final iteration 0, max_iter=850, learning_rate = 0.00707
2025-05-27 01:28:04 [INFO] base_models.logistic_regression:57 - LogisticRegression final iteration 849, max_iter=850, learning_rate = 0.00707
2025-05-27 01:28:04 [INFO] adaboost.adaboost:25 - model is <base_models.logistic_regression.LogisticRegressionModel object at 0x0000024A7F591A30>
2025-05-27 01:28:04 [INFO] base_models.logistic_regression:57 - LogisticRegression final iteration 0, max_iter=850, learning_rate = 0.00707
2025-05-27 01:28:05 [INFO] base_models.logistic_regression:57 - LogisticRegression final iteration 849, max_iter=850, learning_rate = 0.00707
2025-05-27 01:28:05 [INFO] adaboost.adaboost:25 - model is <base_models.logistic_regression.LogisticRegressionModel object at 0x0000024A7F591A90>
2025-05-27 01:28:05 [INFO] base_models.logistic_regression:57 - LogisticRegression final iteration 0, max_iter=850, learning_rate = 0.00707
2025-05-27 01:28:06 [INFO] base_models.logistic_regression:57 - LogisticRegression final iteration 849, max_iter=850, learning_rate = 0.00707
2025-05-27 01:28:06 [INFO] adaboost.adaboost:25 - model is <base_models.logistic_regression.LogisticRegressionModel object at 0x0000024A7F591AF0>
2025-05-27 01:28:06 [INFO] base_models.logistic_regression:57 - LogisticRegression final iteration 0, max_iter=850, learning_rate = 0.00707
2025-05-27 01:28:07 [INFO] base_models.logistic_regression:57 - LogisticRegression final iteration 849, max_iter=850, learning_rate = 0.00707
2025-05-27 01:28:07 [INFO] adaboost.adaboost:25 - model is <base_models.logistic_regression.LogisticRegressionModel object at 0x0000024A7F591B50>
2025-05-27 01:28:07 [INFO] base_models.logistic_regression:57 - LogisticRegression final iteration 0, max_iter=850, learning_rate = 0.00707
2025-05-27 01:28:08 [INFO] base_models.logistic_regression:57 - LogisticRegression final iteration 849, max_iter=850, learning_rate = 0.00707
2025-05-27 01:28:08 [INFO] adaboost.adaboost:25 - model is <base_models.logistic_regression.LogisticRegressionModel object at 0x0000024A7F591BB0>
2025-05-27 01:28:08 [INFO] base_models.logistic_regression:57 - LogisticRegression final iteration 0, max_iter=850, learning_rate = 0.00707
2025-05-27 01:28:09 [INFO] base_models.logistic_regression:57 - LogisticRegression final iteration 849, max_iter=850, learning_rate = 0.00707
2025-05-27 01:28:09 [INFO] adaboost.adaboost:25 - model is <base_models.logistic_regression.LogisticRegressionModel object at 0x0000024A7F591C10>
2025-05-27 01:28:09 [INFO] base_models.logistic_regression:57 - LogisticRegression final iteration 0, max_iter=850, learning_rate = 0.00707
2025-05-27 01:28:10 [INFO] base_models.logistic_regression:57 - LogisticRegression final iteration 849, max_iter=850, learning_rate = 0.00707
2025-05-27 01:28:10 [INFO] adaboost.adaboost:25 - model is <base_models.logistic_regression.LogisticRegressionModel object at 0x0000024A7F591C70>
2025-05-27 01:28:10 [INFO] base_models.logistic_regression:57 - LogisticRegression final iteration 0, max_iter=850, learning_rate = 0.00707
2025-05-27 01:28:11 [INFO] base_models.logistic_regression:57 - LogisticRegression final iteration 849, max_iter=850, learning_rate = 0.00707
2025-05-27 01:28:11 [INFO] adaboost.adaboost:25 - model is <base_models.logistic_regression.LogisticRegressionModel object at 0x0000024A7F591CD0>
2025-05-27 01:28:11 [INFO] base_models.logistic_regression:57 - LogisticRegression final iteration 0, max_iter=850, learning_rate = 0.00707
2025-05-27 01:28:12 [INFO] base_models.logistic_regression:57 - LogisticRegression final iteration 849, max_iter=850, learning_rate = 0.00707
2025-05-27 01:28:12 [INFO] adaboost.adaboost:25 - model is <base_models.logistic_regression.LogisticRegressionModel object at 0x0000024A7F591D30>
2025-05-27 01:28:12 [INFO] base_models.logistic_regression:57 - LogisticRegression final iteration 0, max_iter=850, learning_rate = 0.00707
2025-05-27 01:28:13 [INFO] base_models.logistic_regression:57 - LogisticRegression final iteration 849, max_iter=850, learning_rate = 0.00707
2025-05-27 01:28:13 [INFO] adaboost.adaboost:25 - model is <base_models.logistic_regression.LogisticRegressionModel object at 0x0000024A7F591D90>
2025-05-27 01:28:13 [INFO] base_models.logistic_regression:57 - LogisticRegression final iteration 0, max_iter=850, learning_rate = 0.00707
2025-05-27 01:28:14 [INFO] base_models.logistic_regression:57 - LogisticRegression final iteration 849, max_iter=850, learning_rate = 0.00707
2025-05-27 01:28:14 [INFO] adaboost.adaboost:25 - model is <base_models.logistic_regression.LogisticRegressionModel object at 0x0000024A7F591DF0>
2025-05-27 01:28:14 [INFO] base_models.logistic_regression:57 - LogisticRegression final iteration 0, max_iter=850, learning_rate = 0.00707
2025-05-27 01:28:15 [INFO] base_models.logistic_regression:57 - LogisticRegression final iteration 849, max_iter=850, learning_rate = 0.00707
2025-05-27 01:28:15 [INFO] adaboost.adaboost:25 - model is <base_models.logistic_regression.LogisticRegressionModel object at 0x0000024A7F591E50>
2025-05-27 01:28:15 [INFO] base_models.logistic_regression:57 - LogisticRegression final iteration 0, max_iter=850, learning_rate = 0.00707
2025-05-27 01:28:16 [INFO] base_models.logistic_regression:57 - LogisticRegression final iteration 849, max_iter=850, learning_rate = 0.00707
2025-05-27 01:28:16 [INFO] adaboost.adaboost:25 - model is <base_models.logistic_regression.LogisticRegressionModel object at 0x0000024A7F591EB0>
2025-05-27 01:28:16 [INFO] base_models.logistic_regression:57 - LogisticRegression final iteration 0, max_iter=850, learning_rate = 0.00707
2025-05-27 01:28:17 [INFO] base_models.logistic_regression:57 - LogisticRegression final iteration 849, max_iter=850, learning_rate = 0.00707
2025-05-27 01:28:17 [INFO] adaboost.adaboost:25 - model is <base_models.logistic_regression.LogisticRegressionModel object at 0x0000024A7F591F10>
2025-05-27 01:28:17 [INFO] base_models.logistic_regression:57 - LogisticRegression final iteration 0, max_iter=850, learning_rate = 0.00707
2025-05-27 01:28:18 [INFO] base_models.logistic_regression:57 - LogisticRegression final iteration 849, max_iter=850, learning_rate = 0.00707
2025-05-27 01:28:18 [INFO] adaboost.adaboost:25 - model is <base_models.logistic_regression.LogisticRegressionModel object at 0x0000024A7F591F70>
2025-05-27 01:28:18 [INFO] base_models.logistic_regression:57 - LogisticRegression final iteration 0, max_iter=850, learning_rate = 0.00707
2025-05-27 01:28:19 [INFO] base_models.logistic_regression:57 - LogisticRegression final iteration 849, max_iter=850, learning_rate = 0.00707
2025-05-27 01:28:19 [INFO] adaboost.adaboost:25 - model is <base_models.logistic_regression.LogisticRegressionModel object at 0x0000024A7F591FD0>
2025-05-27 01:28:19 [INFO] base_models.logistic_regression:57 - LogisticRegression final iteration 0, max_iter=850, learning_rate = 0.00707
2025-05-27 01:28:20 [INFO] base_models.logistic_regression:57 - LogisticRegression final iteration 849, max_iter=850, learning_rate = 0.00707
2025-05-27 01:28:20 [INFO] adaboost.adaboost:25 - model is <base_models.logistic_regression.LogisticRegressionModel object at 0x0000024A7F591220>
2025-05-27 01:28:20 [INFO] base_models.logistic_regression:57 - LogisticRegression final iteration 0, max_iter=850, learning_rate = 0.00707
2025-05-27 01:28:21 [INFO] base_models.logistic_regression:57 - LogisticRegression final iteration 849, max_iter=850, learning_rate = 0.00707
2025-05-27 01:28:21 [INFO] adaboost.adaboost:25 - model is <base_models.logistic_regression.LogisticRegressionModel object at 0x0000024A7F591340>
2025-05-27 01:28:21 [INFO] base_models.logistic_regression:57 - LogisticRegression final iteration 0, max_iter=850, learning_rate = 0.00707
2025-05-27 01:28:22 [INFO] base_models.logistic_regression:57 - LogisticRegression final iteration 849, max_iter=850, learning_rate = 0.00707
2025-05-27 01:28:22 [INFO] adaboost.adaboost:25 - model is <base_models.logistic_regression.LogisticRegressionModel object at 0x0000024A7F5914C0>
2025-05-27 01:28:22 [INFO] base_models.logistic_regression:57 - LogisticRegression final iteration 0, max_iter=850, learning_rate = 0.00707
2025-05-27 01:28:23 [INFO] base_models.logistic_regression:57 - LogisticRegression final iteration 849, max_iter=850, learning_rate = 0.00707
2025-05-27 01:28:23 [INFO] adaboost.adaboost:25 - model is <base_models.logistic_regression.LogisticRegressionModel object at 0x0000024A7F5913D0>
2025-05-27 01:28:23 [INFO] base_models.logistic_regression:57 - LogisticRegression final iteration 0, max_iter=850, learning_rate = 0.00707
2025-05-27 01:28:24 [INFO] base_models.logistic_regression:57 - LogisticRegression final iteration 849, max_iter=850, learning_rate = 0.00707
2025-05-27 01:28:24 [INFO] adaboost.adaboost:25 - model is <base_models.logistic_regression.LogisticRegressionModel object at 0x0000024A7F5915B0>
2025-05-27 01:28:24 [INFO] base_models.logistic_regression:57 - LogisticRegression final iteration 0, max_iter=850, learning_rate = 0.00707
2025-05-27 01:28:25 [INFO] base_models.logistic_regression:57 - LogisticRegression final iteration 849, max_iter=850, learning_rate = 0.00707
2025-05-27 01:28:25 [INFO] adaboost.adaboost:25 - model is <base_models.logistic_regression.LogisticRegressionModel object at 0x0000024A7F591610>
2025-05-27 01:28:25 [INFO] base_models.logistic_regression:57 - LogisticRegression final iteration 0, max_iter=850, learning_rate = 0.00707
2025-05-27 01:28:26 [INFO] base_models.logistic_regression:57 - LogisticRegression final iteration 849, max_iter=850, learning_rate = 0.00707
2025-05-27 01:28:26 [INFO] adaboost.adaboost:25 - model is <base_models.logistic_regression.LogisticRegressionModel object at 0x0000024A7F591670>
2025-05-27 01:28:26 [INFO] base_models.logistic_regression:57 - LogisticRegression final iteration 0, max_iter=850, learning_rate = 0.00707
2025-05-27 01:28:27 [INFO] base_models.logistic_regression:57 - LogisticRegression final iteration 849, max_iter=850, learning_rate = 0.00707
2025-05-27 01:28:27 [INFO] adaboost.adaboost:25 - model is <base_models.logistic_regression.LogisticRegressionModel object at 0x0000024A2249A040>
2025-05-27 01:28:27 [INFO] base_models.logistic_regression:57 - LogisticRegression final iteration 0, max_iter=850, learning_rate = 0.00707
2025-05-27 01:28:28 [INFO] base_models.logistic_regression:57 - LogisticRegression final iteration 849, max_iter=850, learning_rate = 0.00707
2025-05-27 01:28:28 [INFO] adaboost.adaboost:25 - model is <base_models.logistic_regression.LogisticRegressionModel object at 0x0000024A2249A0A0>
2025-05-27 01:28:28 [INFO] base_models.logistic_regression:57 - LogisticRegression final iteration 0, max_iter=850, learning_rate = 0.00707
2025-05-27 01:28:29 [INFO] base_models.logistic_regression:57 - LogisticRegression final iteration 849, max_iter=850, learning_rate = 0.00707
2025-05-27 01:28:29 [INFO] adaboost.adaboost:25 - model is <base_models.logistic_regression.LogisticRegressionModel object at 0x0000024A2249A100>
2025-05-27 01:28:29 [INFO] base_models.logistic_regression:57 - LogisticRegression final iteration 0, max_iter=850, learning_rate = 0.00707
2025-05-27 01:28:30 [INFO] base_models.logistic_regression:57 - LogisticRegression final iteration 849, max_iter=850, learning_rate = 0.00707
2025-05-27 01:28:30 [INFO] adaboost.adaboost:25 - model is <base_models.logistic_regression.LogisticRegressionModel object at 0x0000024A2249A160>
2025-05-27 01:28:30 [INFO] base_models.logistic_regression:57 - LogisticRegression final iteration 0, max_iter=850, learning_rate = 0.00707
2025-05-27 01:28:31 [INFO] base_models.logistic_regression:57 - LogisticRegression final iteration 849, max_iter=850, learning_rate = 0.00707
2025-05-27 01:28:31 [INFO] adaboost.adaboost:25 - model is <base_models.logistic_regression.LogisticRegressionModel object at 0x0000024A7F555670>
2025-05-27 01:28:31 [INFO] base_models.logistic_regression:57 - LogisticRegression final iteration 0, max_iter=850, learning_rate = 0.00707
2025-05-27 01:28:32 [INFO] base_models.logistic_regression:57 - LogisticRegression final iteration 849, max_iter=850, learning_rate = 0.00707
2025-05-27 01:28:32 [INFO] adaboost.adaboost:25 - model is <base_models.logistic_regression.LogisticRegressionModel object at 0x0000024A7F5211F0>
2025-05-27 01:28:32 [INFO] base_models.logistic_regression:57 - LogisticRegression final iteration 0, max_iter=850, learning_rate = 0.00707
2025-05-27 01:28:33 [INFO] base_models.logistic_regression:57 - LogisticRegression final iteration 849, max_iter=850, learning_rate = 0.00707
2025-05-27 01:28:33 [INFO] adaboost.adaboost:25 - model is <base_models.logistic_regression.LogisticRegressionModel object at 0x0000024A78DC5C70>
2025-05-27 01:28:33 [INFO] base_models.logistic_regression:57 - LogisticRegression final iteration 0, max_iter=850, learning_rate = 0.00707
2025-05-27 01:28:35 [INFO] base_models.logistic_regression:57 - LogisticRegression final iteration 849, max_iter=850, learning_rate = 0.00707
2025-05-27 01:28:35 [INFO] adaboost.adaboost:25 - model is <base_models.logistic_regression.LogisticRegressionModel object at 0x0000024A7F4FFC40>
2025-05-27 01:28:35 [INFO] base_models.logistic_regression:57 - LogisticRegression final iteration 0, max_iter=850, learning_rate = 0.00707
2025-05-27 01:28:36 [INFO] base_models.logistic_regression:57 - LogisticRegression final iteration 849, max_iter=850, learning_rate = 0.00707
2025-05-27 01:28:36 [INFO] adaboost.adaboost:25 - model is <base_models.logistic_regression.LogisticRegressionModel object at 0x0000024A22492F10>
2025-05-27 01:28:36 [INFO] base_models.logistic_regression:57 - LogisticRegression final iteration 0, max_iter=850, learning_rate = 0.00707
2025-05-27 01:28:36 [INFO] base_models.logistic_regression:57 - LogisticRegression final iteration 849, max_iter=850, learning_rate = 0.00707
2025-05-27 01:28:36 [INFO] adaboost.adaboost:25 - model is <base_models.logistic_regression.LogisticRegressionModel object at 0x0000024A22492F70>
2025-05-27 01:28:36 [INFO] base_models.logistic_regression:57 - LogisticRegression final iteration 0, max_iter=850, learning_rate = 0.00707
2025-05-27 01:28:37 [INFO] base_models.logistic_regression:57 - LogisticRegression final iteration 849, max_iter=850, learning_rate = 0.00707
2025-05-27 01:28:37 [INFO] adaboost.adaboost:25 - model is <base_models.logistic_regression.LogisticRegressionModel object at 0x0000024A7F5122E0>
2025-05-27 01:28:37 [INFO] base_models.logistic_regression:57 - LogisticRegression final iteration 0, max_iter=850, learning_rate = 0.00707
2025-05-27 01:28:38 [INFO] base_models.logistic_regression:57 - LogisticRegression final iteration 849, max_iter=850, learning_rate = 0.00707
2025-05-27 01:28:38 [INFO] adaboost.adaboost:25 - model is <base_models.logistic_regression.LogisticRegressionModel object at 0x0000024A22F17070>
2025-05-27 01:28:38 [INFO] base_models.logistic_regression:57 - LogisticRegression final iteration 0, max_iter=850, learning_rate = 0.00707
2025-05-27 01:28:39 [INFO] base_models.logistic_regression:57 - LogisticRegression final iteration 849, max_iter=850, learning_rate = 0.00707
2025-05-27 01:28:39 [INFO] adaboost.adaboost:25 - model is <base_models.logistic_regression.LogisticRegressionModel object at 0x0000024A22F17190>
2025-05-27 01:28:39 [INFO] base_models.logistic_regression:57 - LogisticRegression final iteration 0, max_iter=850, learning_rate = 0.00707
2025-05-27 01:28:40 [INFO] base_models.logistic_regression:57 - LogisticRegression final iteration 849, max_iter=850, learning_rate = 0.00707
2025-05-27 01:28:40 [INFO] adaboost.adaboost:25 - model is <base_models.logistic_regression.LogisticRegressionModel object at 0x0000024A22F171F0>
2025-05-27 01:28:40 [INFO] base_models.logistic_regression:57 - LogisticRegression final iteration 0, max_iter=850, learning_rate = 0.00707
2025-05-27 01:28:41 [INFO] base_models.logistic_regression:57 - LogisticRegression final iteration 849, max_iter=850, learning_rate = 0.00707
2025-05-27 01:28:41 [INFO] adaboost.adaboost:25 - model is <base_models.logistic_regression.LogisticRegressionModel object at 0x0000024A22F172B0>
2025-05-27 01:28:41 [INFO] base_models.logistic_regression:57 - LogisticRegression final iteration 0, max_iter=850, learning_rate = 0.00707
2025-05-27 01:28:42 [INFO] base_models.logistic_regression:57 - LogisticRegression final iteration 849, max_iter=850, learning_rate = 0.00707
2025-05-27 01:28:42 [INFO] adaboost.adaboost:25 - model is <base_models.logistic_regression.LogisticRegressionModel object at 0x0000024A22F173D0>
2025-05-27 01:28:42 [INFO] base_models.logistic_regression:57 - LogisticRegression final iteration 0, max_iter=850, learning_rate = 0.00707
2025-05-27 01:28:43 [INFO] base_models.logistic_regression:57 - LogisticRegression final iteration 849, max_iter=850, learning_rate = 0.00707
2025-05-27 01:28:43 [INFO] adaboost.adaboost:25 - model is <base_models.logistic_regression.LogisticRegressionModel object at 0x0000024A22F17430>
2025-05-27 01:28:43 [INFO] base_models.logistic_regression:57 - LogisticRegression final iteration 0, max_iter=850, learning_rate = 0.00707
2025-05-27 01:28:44 [INFO] base_models.logistic_regression:57 - LogisticRegression final iteration 849, max_iter=850, learning_rate = 0.00707
2025-05-27 01:28:44 [INFO] adaboost.adaboost:25 - model is <base_models.logistic_regression.LogisticRegressionModel object at 0x0000024A22F17490>
2025-05-27 01:28:44 [INFO] base_models.logistic_regression:57 - LogisticRegression final iteration 0, max_iter=850, learning_rate = 0.00707
2025-05-27 01:28:45 [INFO] base_models.logistic_regression:57 - LogisticRegression final iteration 849, max_iter=850, learning_rate = 0.00707
2025-05-27 01:28:45 [INFO] adaboost.adaboost:25 - model is <base_models.logistic_regression.LogisticRegressionModel object at 0x0000024A22F174F0>
2025-05-27 01:28:45 [INFO] base_models.logistic_regression:57 - LogisticRegression final iteration 0, max_iter=850, learning_rate = 0.00707
2025-05-27 01:28:46 [INFO] base_models.logistic_regression:57 - LogisticRegression final iteration 849, max_iter=850, learning_rate = 0.00707
2025-05-27 01:28:46 [INFO] adaboost.adaboost:25 - model is <base_models.logistic_regression.LogisticRegressionModel object at 0x0000024A22F17550>
2025-05-27 01:28:46 [INFO] base_models.logistic_regression:57 - LogisticRegression final iteration 0, max_iter=850, learning_rate = 0.00707
2025-05-27 01:28:47 [INFO] base_models.logistic_regression:57 - LogisticRegression final iteration 849, max_iter=850, learning_rate = 0.00707
2025-05-27 01:28:47 [INFO] adaboost.adaboost:25 - model is <base_models.logistic_regression.LogisticRegressionModel object at 0x0000024A22F175B0>
2025-05-27 01:28:47 [INFO] base_models.logistic_regression:57 - LogisticRegression final iteration 0, max_iter=850, learning_rate = 0.00707
2025-05-27 01:28:48 [INFO] base_models.logistic_regression:57 - LogisticRegression final iteration 849, max_iter=850, learning_rate = 0.00707
2025-05-27 01:28:48 [INFO] adaboost.adaboost:25 - model is <base_models.logistic_regression.LogisticRegressionModel object at 0x0000024A22F17610>
2025-05-27 01:28:48 [INFO] base_models.logistic_regression:57 - LogisticRegression final iteration 0, max_iter=850, learning_rate = 0.00707
2025-05-27 01:28:49 [INFO] base_models.logistic_regression:57 - LogisticRegression final iteration 849, max_iter=850, learning_rate = 0.00707
2025-05-27 01:28:49 [INFO] adaboost.adaboost:25 - model is <base_models.logistic_regression.LogisticRegressionModel object at 0x0000024A22F17670>
2025-05-27 01:28:49 [INFO] base_models.logistic_regression:57 - LogisticRegression final iteration 0, max_iter=850, learning_rate = 0.00707
2025-05-27 01:28:50 [INFO] base_models.logistic_regression:57 - LogisticRegression final iteration 849, max_iter=850, learning_rate = 0.00707
2025-05-27 01:28:50 [INFO] adaboost.adaboost:25 - model is <base_models.logistic_regression.LogisticRegressionModel object at 0x0000024A22F176D0>
2025-05-27 01:28:50 [INFO] base_models.logistic_regression:57 - LogisticRegression final iteration 0, max_iter=850, learning_rate = 0.00707
2025-05-27 01:28:51 [INFO] base_models.logistic_regression:57 - LogisticRegression final iteration 849, max_iter=850, learning_rate = 0.00707
2025-05-27 01:28:51 [INFO] adaboost.adaboost:25 - model is <base_models.logistic_regression.LogisticRegressionModel object at 0x0000024A22F17730>
2025-05-27 01:28:51 [INFO] base_models.logistic_regression:57 - LogisticRegression final iteration 0, max_iter=850, learning_rate = 0.00707
2025-05-27 01:28:52 [INFO] base_models.logistic_regression:57 - LogisticRegression final iteration 849, max_iter=850, learning_rate = 0.00707
2025-05-27 01:28:52 [INFO] adaboost.adaboost:25 - model is <base_models.logistic_regression.LogisticRegressionModel object at 0x0000024A22F17790>
2025-05-27 01:28:52 [INFO] base_models.logistic_regression:57 - LogisticRegression final iteration 0, max_iter=850, learning_rate = 0.00707
2025-05-27 01:28:53 [INFO] base_models.logistic_regression:57 - LogisticRegression final iteration 849, max_iter=850, learning_rate = 0.00707
2025-05-27 01:28:53 [INFO] adaboost.adaboost:25 - model is <base_models.logistic_regression.LogisticRegressionModel object at 0x0000024A22F177F0>
2025-05-27 01:28:53 [INFO] base_models.logistic_regression:57 - LogisticRegression final iteration 0, max_iter=850, learning_rate = 0.00707
2025-05-27 01:28:53 [INFO] base_models.logistic_regression:57 - LogisticRegression final iteration 849, max_iter=850, learning_rate = 0.00707
2025-05-27 01:28:53 [INFO] adaboost.adaboost:25 - model is <base_models.logistic_regression.LogisticRegressionModel object at 0x0000024A22F17850>
2025-05-27 01:28:53 [INFO] base_models.logistic_regression:57 - LogisticRegression final iteration 0, max_iter=850, learning_rate = 0.00707
2025-05-27 01:28:54 [INFO] base_models.logistic_regression:57 - LogisticRegression final iteration 849, max_iter=850, learning_rate = 0.00707
2025-05-27 01:28:54 [INFO] adaboost.adaboost:25 - model is <base_models.logistic_regression.LogisticRegressionModel object at 0x0000024A22F178B0>
2025-05-27 01:28:54 [INFO] base_models.logistic_regression:57 - LogisticRegression final iteration 0, max_iter=850, learning_rate = 0.00707
2025-05-27 01:28:55 [INFO] base_models.logistic_regression:57 - LogisticRegression final iteration 849, max_iter=850, learning_rate = 0.00707
2025-05-27 01:28:55 [INFO] adaboost.adaboost:25 - model is <base_models.logistic_regression.LogisticRegressionModel object at 0x0000024A22F17910>
2025-05-27 01:28:55 [INFO] base_models.logistic_regression:57 - LogisticRegression final iteration 0, max_iter=850, learning_rate = 0.00707
2025-05-27 01:28:56 [INFO] base_models.logistic_regression:57 - LogisticRegression final iteration 849, max_iter=850, learning_rate = 0.00707
2025-05-27 01:28:56 [INFO] adaboost.adaboost:25 - model is <base_models.logistic_regression.LogisticRegressionModel object at 0x0000024A22F17970>
2025-05-27 01:28:56 [INFO] base_models.logistic_regression:57 - LogisticRegression final iteration 0, max_iter=850, learning_rate = 0.00707
2025-05-27 01:28:57 [INFO] base_models.logistic_regression:57 - LogisticRegression final iteration 849, max_iter=850, learning_rate = 0.00707
2025-05-27 01:28:57 [INFO] adaboost.adaboost:25 - model is <base_models.logistic_regression.LogisticRegressionModel object at 0x0000024A22F179D0>
2025-05-27 01:28:57 [INFO] base_models.logistic_regression:57 - LogisticRegression final iteration 0, max_iter=850, learning_rate = 0.00707
2025-05-27 01:28:58 [INFO] base_models.logistic_regression:57 - LogisticRegression final iteration 849, max_iter=850, learning_rate = 0.00707
2025-05-27 01:28:58 [INFO] adaboost.adaboost:25 - model is <base_models.logistic_regression.LogisticRegressionModel object at 0x0000024A22F17A30>
2025-05-27 01:28:58 [INFO] base_models.logistic_regression:57 - LogisticRegression final iteration 0, max_iter=850, learning_rate = 0.00707
2025-05-27 01:28:59 [INFO] base_models.logistic_regression:57 - LogisticRegression final iteration 849, max_iter=850, learning_rate = 0.00707
2025-05-27 01:28:59 [INFO] adaboost.adaboost:25 - model is <base_models.logistic_regression.LogisticRegressionModel object at 0x0000024A22F17A90>
2025-05-27 01:28:59 [INFO] base_models.logistic_regression:57 - LogisticRegression final iteration 0, max_iter=850, learning_rate = 0.00707
2025-05-27 01:29:00 [INFO] base_models.logistic_regression:57 - LogisticRegression final iteration 849, max_iter=850, learning_rate = 0.00707
2025-05-27 01:29:00 [INFO] adaboost.adaboost:25 - model is <base_models.logistic_regression.LogisticRegressionModel object at 0x0000024A22F17AF0>
2025-05-27 01:29:00 [INFO] base_models.logistic_regression:57 - LogisticRegression final iteration 0, max_iter=850, learning_rate = 0.00707
2025-05-27 01:29:01 [INFO] base_models.logistic_regression:57 - LogisticRegression final iteration 849, max_iter=850, learning_rate = 0.00707
2025-05-27 01:29:01 [INFO] adaboost.adaboost:25 - model is <base_models.logistic_regression.LogisticRegressionModel object at 0x0000024A22F17B50>
2025-05-27 01:29:01 [INFO] base_models.logistic_regression:57 - LogisticRegression final iteration 0, max_iter=850, learning_rate = 0.00707
2025-05-27 01:29:02 [INFO] base_models.logistic_regression:57 - LogisticRegression final iteration 849, max_iter=850, learning_rate = 0.00707
2025-05-27 01:29:02 [INFO] adaboost.adaboost:25 - model is <base_models.logistic_regression.LogisticRegressionModel object at 0x0000024A22F17BB0>
2025-05-27 01:29:02 [INFO] base_models.logistic_regression:57 - LogisticRegression final iteration 0, max_iter=850, learning_rate = 0.00707
2025-05-27 01:29:03 [INFO] base_models.logistic_regression:57 - LogisticRegression final iteration 849, max_iter=850, learning_rate = 0.00707
2025-05-27 01:29:03 [INFO] adaboost.adaboost:25 - model is <base_models.logistic_regression.LogisticRegressionModel object at 0x0000024A22F17C40>
2025-05-27 01:29:03 [INFO] base_models.logistic_regression:57 - LogisticRegression final iteration 0, max_iter=850, learning_rate = 0.00707
2025-05-27 01:29:04 [INFO] base_models.logistic_regression:57 - LogisticRegression final iteration 849, max_iter=850, learning_rate = 0.00707
2025-05-27 01:29:04 [INFO] adaboost.adaboost:25 - model is <base_models.logistic_regression.LogisticRegressionModel object at 0x0000024A22F17CA0>
2025-05-27 01:29:04 [INFO] base_models.logistic_regression:57 - LogisticRegression final iteration 0, max_iter=850, learning_rate = 0.00707
2025-05-27 01:29:05 [INFO] base_models.logistic_regression:57 - LogisticRegression final iteration 849, max_iter=850, learning_rate = 0.00707
2025-05-27 01:29:05 [INFO] adaboost.adaboost:25 - model is <base_models.logistic_regression.LogisticRegressionModel object at 0x0000024A22F17D00>
2025-05-27 01:29:05 [INFO] base_models.logistic_regression:57 - LogisticRegression final iteration 0, max_iter=850, learning_rate = 0.00707
2025-05-27 01:29:06 [INFO] base_models.logistic_regression:57 - LogisticRegression final iteration 849, max_iter=850, learning_rate = 0.00707
2025-05-27 01:29:06 [INFO] adaboost.adaboost:25 - model is <base_models.logistic_regression.LogisticRegressionModel object at 0x0000024A22F17D60>
2025-05-27 01:29:06 [INFO] base_models.logistic_regression:57 - LogisticRegression final iteration 0, max_iter=850, learning_rate = 0.00707
2025-05-27 01:29:07 [INFO] base_models.logistic_regression:57 - LogisticRegression final iteration 849, max_iter=850, learning_rate = 0.00707
2025-05-27 01:29:07 [INFO] adaboost.adaboost:25 - model is <base_models.logistic_regression.LogisticRegressionModel object at 0x0000024A22F17DC0>
2025-05-27 01:29:07 [INFO] base_models.logistic_regression:57 - LogisticRegression final iteration 0, max_iter=850, learning_rate = 0.00707
2025-05-27 01:29:08 [INFO] base_models.logistic_regression:57 - LogisticRegression final iteration 849, max_iter=850, learning_rate = 0.00707
2025-05-27 01:29:08 [INFO] adaboost.adaboost:25 - model is <base_models.logistic_regression.LogisticRegressionModel object at 0x0000024A22F17E20>
2025-05-27 01:29:08 [INFO] base_models.logistic_regression:57 - LogisticRegression final iteration 0, max_iter=850, learning_rate = 0.00707
2025-05-27 01:29:09 [INFO] base_models.logistic_regression:57 - LogisticRegression final iteration 849, max_iter=850, learning_rate = 0.00707
2025-05-27 01:29:09 [INFO] adaboost.adaboost:25 - model is <base_models.logistic_regression.LogisticRegressionModel object at 0x0000024A22F17E80>
2025-05-27 01:29:09 [INFO] base_models.logistic_regression:57 - LogisticRegression final iteration 0, max_iter=850, learning_rate = 0.00707
2025-05-27 01:29:10 [INFO] base_models.logistic_regression:57 - LogisticRegression final iteration 849, max_iter=850, learning_rate = 0.00707
2025-05-27 01:29:10 [INFO] adaboost.adaboost:25 - model is <base_models.logistic_regression.LogisticRegressionModel object at 0x0000024A22F17EE0>
2025-05-27 01:29:10 [INFO] base_models.logistic_regression:57 - LogisticRegression final iteration 0, max_iter=850, learning_rate = 0.00707
2025-05-27 01:29:11 [INFO] base_models.logistic_regression:57 - LogisticRegression final iteration 849, max_iter=850, learning_rate = 0.00707
2025-05-27 01:29:11 [INFO] adaboost.adaboost:25 - model is <base_models.logistic_regression.LogisticRegressionModel object at 0x0000024A22F17F40>
2025-05-27 01:29:11 [INFO] base_models.logistic_regression:57 - LogisticRegression final iteration 0, max_iter=850, learning_rate = 0.00707
2025-05-27 01:29:11 [INFO] base_models.logistic_regression:57 - LogisticRegression final iteration 849, max_iter=850, learning_rate = 0.00707
2025-05-27 01:29:11 [INFO] adaboost.adaboost:25 - model is <base_models.logistic_regression.LogisticRegressionModel object at 0x0000024A22F17FA0>
2025-05-27 01:29:11 [INFO] base_models.logistic_regression:57 - LogisticRegression final iteration 0, max_iter=850, learning_rate = 0.00707
2025-05-27 01:29:12 [INFO] base_models.logistic_regression:57 - LogisticRegression final iteration 849, max_iter=850, learning_rate = 0.00707
2025-05-27 01:29:12 [INFO] adaboost.adaboost:25 - model is <base_models.logistic_regression.LogisticRegressionModel object at 0x0000024A22F170A0>
2025-05-27 01:29:12 [INFO] base_models.logistic_regression:57 - LogisticRegression final iteration 0, max_iter=850, learning_rate = 0.00707
2025-05-27 01:29:13 [INFO] base_models.logistic_regression:57 - LogisticRegression final iteration 849, max_iter=850, learning_rate = 0.00707
2025-05-27 01:29:13 [INFO] adaboost.adaboost:25 - model is <base_models.logistic_regression.LogisticRegressionModel object at 0x0000024A22F17220>
2025-05-27 01:29:13 [INFO] base_models.logistic_regression:57 - LogisticRegression final iteration 0, max_iter=850, learning_rate = 0.00707
2025-05-27 01:29:14 [INFO] base_models.logistic_regression:57 - LogisticRegression final iteration 849, max_iter=850, learning_rate = 0.00707
2025-05-27 01:29:14 [INFO] adaboost.adaboost:25 - model is <base_models.logistic_regression.LogisticRegressionModel object at 0x0000024A22F17130>
2025-05-27 01:29:14 [INFO] base_models.logistic_regression:57 - LogisticRegression final iteration 0, max_iter=850, learning_rate = 0.00707
2025-05-27 01:29:15 [INFO] base_models.logistic_regression:57 - LogisticRegression final iteration 849, max_iter=850, learning_rate = 0.00707
2025-05-27 01:29:15 [INFO] adaboost.adaboost:25 - model is <base_models.logistic_regression.LogisticRegressionModel object at 0x0000024A22F17310>
2025-05-27 01:29:15 [INFO] base_models.logistic_regression:57 - LogisticRegression final iteration 0, max_iter=850, learning_rate = 0.00707
2025-05-27 01:29:16 [INFO] base_models.logistic_regression:57 - LogisticRegression final iteration 849, max_iter=850, learning_rate = 0.00707
2025-05-27 01:29:16 [INFO] adaboost.adaboost:25 - model is <base_models.logistic_regression.LogisticRegressionModel object at 0x0000024A22F17370>
2025-05-27 01:29:16 [INFO] base_models.logistic_regression:57 - LogisticRegression final iteration 0, max_iter=850, learning_rate = 0.00707
2025-05-27 01:29:17 [INFO] base_models.logistic_regression:57 - LogisticRegression final iteration 849, max_iter=850, learning_rate = 0.00707
2025-05-27 01:29:17 [INFO] adaboost.adaboost:25 - model is <base_models.logistic_regression.LogisticRegressionModel object at 0x0000024A7F5BF0D0>
2025-05-27 01:29:17 [INFO] base_models.logistic_regression:57 - LogisticRegression final iteration 0, max_iter=850, learning_rate = 0.00707
2025-05-27 01:29:18 [INFO] base_models.logistic_regression:57 - LogisticRegression final iteration 849, max_iter=850, learning_rate = 0.00707
2025-05-27 01:29:18 [INFO] adaboost.adaboost:25 - model is <base_models.logistic_regression.LogisticRegressionModel object at 0x0000024A7F5BF190>
2025-05-27 01:29:18 [INFO] base_models.logistic_regression:57 - LogisticRegression final iteration 0, max_iter=850, learning_rate = 0.00707
2025-05-27 01:29:19 [INFO] base_models.logistic_regression:57 - LogisticRegression final iteration 849, max_iter=850, learning_rate = 0.00707
2025-05-27 01:29:19 [INFO] adaboost.adaboost:25 - model is <base_models.logistic_regression.LogisticRegressionModel object at 0x0000024A7F5BF1F0>
2025-05-27 01:29:19 [INFO] base_models.logistic_regression:57 - LogisticRegression final iteration 0, max_iter=850, learning_rate = 0.00707
2025-05-27 01:29:20 [INFO] base_models.logistic_regression:57 - LogisticRegression final iteration 849, max_iter=850, learning_rate = 0.00707
2025-05-27 01:29:20 [INFO] adaboost.adaboost:25 - model is <base_models.logistic_regression.LogisticRegressionModel object at 0x0000024A7F5BF040>
2025-05-27 01:29:20 [INFO] base_models.logistic_regression:57 - LogisticRegression final iteration 0, max_iter=850, learning_rate = 0.00707
2025-05-27 01:29:21 [INFO] base_models.logistic_regression:57 - LogisticRegression final iteration 849, max_iter=850, learning_rate = 0.00707
2025-05-27 01:29:21 [INFO] adaboost.adaboost:25 - model is <base_models.logistic_regression.LogisticRegressionModel object at 0x0000024A7F5BF220>
2025-05-27 01:29:21 [INFO] base_models.logistic_regression:57 - LogisticRegression final iteration 0, max_iter=850, learning_rate = 0.00707
2025-05-27 01:29:22 [INFO] base_models.logistic_regression:57 - LogisticRegression final iteration 849, max_iter=850, learning_rate = 0.00707
2025-05-27 01:29:22 [INFO] adaboost.adaboost:25 - model is <base_models.logistic_regression.LogisticRegressionModel object at 0x0000024A7F5BF0A0>
2025-05-27 01:29:22 [INFO] base_models.logistic_regression:57 - LogisticRegression final iteration 0, max_iter=850, learning_rate = 0.00707
2025-05-27 01:29:23 [INFO] base_models.logistic_regression:57 - LogisticRegression final iteration 849, max_iter=850, learning_rate = 0.00707
2025-05-27 01:29:23 [INFO] adaboost.adaboost:25 - model is <base_models.logistic_regression.LogisticRegressionModel object at 0x0000024A7F5BF160>
2025-05-27 01:29:23 [INFO] base_models.logistic_regression:57 - LogisticRegression final iteration 0, max_iter=850, learning_rate = 0.00707
2025-05-27 01:29:24 [INFO] base_models.logistic_regression:57 - LogisticRegression final iteration 849, max_iter=850, learning_rate = 0.00707
2025-05-27 01:29:24 [INFO] adaboost.adaboost:25 - model is <base_models.logistic_regression.LogisticRegressionModel object at 0x0000024A7F559700>
2025-05-27 01:29:24 [INFO] base_models.logistic_regression:57 - LogisticRegression final iteration 0, max_iter=850, learning_rate = 0.00707
2025-05-27 01:29:25 [INFO] base_models.logistic_regression:57 - LogisticRegression final iteration 849, max_iter=850, learning_rate = 0.00707
2025-05-27 01:29:25 [INFO] adaboost.adaboost:25 - model is <base_models.logistic_regression.LogisticRegressionModel object at 0x0000024A7F5597C0>
2025-05-27 01:29:25 [INFO] base_models.logistic_regression:57 - LogisticRegression final iteration 0, max_iter=850, learning_rate = 0.00707
2025-05-27 01:29:26 [INFO] base_models.logistic_regression:57 - LogisticRegression final iteration 849, max_iter=850, learning_rate = 0.00707
2025-05-27 01:29:26 [INFO] adaboost.adaboost:25 - model is <base_models.logistic_regression.LogisticRegressionModel object at 0x0000024A7F559790>
2025-05-27 01:29:26 [INFO] base_models.logistic_regression:57 - LogisticRegression final iteration 0, max_iter=850, learning_rate = 0.00707
2025-05-27 01:29:27 [INFO] base_models.logistic_regression:57 - LogisticRegression final iteration 849, max_iter=850, learning_rate = 0.00707
2025-05-27 01:29:27 [INFO] adaboost.adaboost:25 - model is <base_models.logistic_regression.LogisticRegressionModel object at 0x0000024A7F5596A0>
2025-05-27 01:29:27 [INFO] base_models.logistic_regression:57 - LogisticRegression final iteration 0, max_iter=850, learning_rate = 0.00707
2025-05-27 01:29:28 [INFO] base_models.logistic_regression:57 - LogisticRegression final iteration 849, max_iter=850, learning_rate = 0.00707
2025-05-27 01:29:28 [INFO] adaboost.adaboost:25 - model is <base_models.logistic_regression.LogisticRegressionModel object at 0x0000024A7F559550>
2025-05-27 01:29:28 [INFO] base_models.logistic_regression:57 - LogisticRegression final iteration 0, max_iter=850, learning_rate = 0.00707
2025-05-27 01:29:29 [INFO] base_models.logistic_regression:57 - LogisticRegression final iteration 849, max_iter=850, learning_rate = 0.00707
2025-05-27 01:29:29 [INFO] adaboost.adaboost:25 - model is <base_models.logistic_regression.LogisticRegressionModel object at 0x0000024A7F559730>
2025-05-27 01:29:29 [INFO] base_models.logistic_regression:57 - LogisticRegression final iteration 0, max_iter=850, learning_rate = 0.00707
2025-05-27 01:29:30 [INFO] base_models.logistic_regression:57 - LogisticRegression final iteration 849, max_iter=850, learning_rate = 0.00707
2025-05-27 01:29:30 [INFO] adaboost.adaboost:25 - model is <base_models.logistic_regression.LogisticRegressionModel object at 0x0000024A7F591310>
2025-05-27 01:29:30 [INFO] base_models.logistic_regression:57 - LogisticRegression final iteration 0, max_iter=850, learning_rate = 0.00707
2025-05-27 01:29:31 [INFO] base_models.logistic_regression:57 - LogisticRegression final iteration 849, max_iter=850, learning_rate = 0.00707
2025-05-27 01:29:31 [INFO] adaboost.adaboost:25 - model is <base_models.logistic_regression.LogisticRegressionModel object at 0x0000024A7F591430>
2025-05-27 01:29:31 [INFO] base_models.logistic_regression:57 - LogisticRegression final iteration 0, max_iter=850, learning_rate = 0.00707
2025-05-27 01:29:32 [INFO] base_models.logistic_regression:57 - LogisticRegression final iteration 849, max_iter=850, learning_rate = 0.00707
2025-05-27 01:29:32 [INFO] adaboost.adaboost:25 - model is <base_models.logistic_regression.LogisticRegressionModel object at 0x0000024A7F591490>
2025-05-27 01:29:32 [INFO] base_models.logistic_regression:57 - LogisticRegression final iteration 0, max_iter=850, learning_rate = 0.00707
2025-05-27 01:29:32 [INFO] base_models.logistic_regression:57 - LogisticRegression final iteration 849, max_iter=850, learning_rate = 0.00707
2025-05-27 01:29:32 [INFO] adaboost.adaboost:25 - model is <base_models.logistic_regression.LogisticRegressionModel object at 0x0000024A7F591550>
2025-05-27 01:29:32 [INFO] base_models.logistic_regression:57 - LogisticRegression final iteration 0, max_iter=850, learning_rate = 0.00707
2025-05-27 01:29:34 [INFO] base_models.logistic_regression:57 - LogisticRegression final iteration 849, max_iter=850, learning_rate = 0.00707
2025-05-27 01:29:34 [INFO] adaboost.adaboost:25 - model is <base_models.logistic_regression.LogisticRegressionModel object at 0x0000024A7F5916D0>
2025-05-27 01:29:34 [INFO] base_models.logistic_regression:57 - LogisticRegression final iteration 0, max_iter=850, learning_rate = 0.00707
2025-05-27 01:29:35 [INFO] base_models.logistic_regression:57 - LogisticRegression final iteration 849, max_iter=850, learning_rate = 0.00707
2025-05-27 01:29:35 [INFO] adaboost.adaboost:25 - model is <base_models.logistic_regression.LogisticRegressionModel object at 0x0000024A7F591730>
2025-05-27 01:29:35 [INFO] base_models.logistic_regression:57 - LogisticRegression final iteration 0, max_iter=850, learning_rate = 0.00707
2025-05-27 01:29:36 [INFO] base_models.logistic_regression:57 - LogisticRegression final iteration 849, max_iter=850, learning_rate = 0.00707
2025-05-27 01:29:36 [INFO] adaboost.adaboost:25 - model is <base_models.logistic_regression.LogisticRegressionModel object at 0x0000024A7F591790>
2025-05-27 01:29:36 [INFO] base_models.logistic_regression:57 - LogisticRegression final iteration 0, max_iter=850, learning_rate = 0.00707
2025-05-27 01:29:37 [INFO] base_models.logistic_regression:57 - LogisticRegression final iteration 849, max_iter=850, learning_rate = 0.00707
2025-05-27 01:29:37 [INFO] adaboost.adaboost:25 - model is <base_models.logistic_regression.LogisticRegressionModel object at 0x0000024A7F5917F0>
2025-05-27 01:29:37 [INFO] base_models.logistic_regression:57 - LogisticRegression final iteration 0, max_iter=850, learning_rate = 0.00707
2025-05-27 01:29:38 [INFO] base_models.logistic_regression:57 - LogisticRegression final iteration 849, max_iter=850, learning_rate = 0.00707
2025-05-27 01:29:38 [INFO] adaboost.adaboost:25 - model is <base_models.logistic_regression.LogisticRegressionModel object at 0x0000024A7F591850>
2025-05-27 01:29:38 [INFO] base_models.logistic_regression:57 - LogisticRegression final iteration 0, max_iter=850, learning_rate = 0.00707
2025-05-27 01:29:38 [INFO] base_models.logistic_regression:57 - LogisticRegression final iteration 849, max_iter=850, learning_rate = 0.00707
2025-05-27 01:29:38 [INFO] adaboost.adaboost:25 - model is <base_models.logistic_regression.LogisticRegressionModel object at 0x0000024A7F5918B0>
2025-05-27 01:29:38 [INFO] base_models.logistic_regression:57 - LogisticRegression final iteration 0, max_iter=850, learning_rate = 0.00707
2025-05-27 01:29:39 [INFO] base_models.logistic_regression:57 - LogisticRegression final iteration 849, max_iter=850, learning_rate = 0.00707
2025-05-27 01:29:39 [INFO] adaboost.adaboost:25 - model is <base_models.logistic_regression.LogisticRegressionModel object at 0x0000024A7F591910>
2025-05-27 01:29:39 [INFO] base_models.logistic_regression:57 - LogisticRegression final iteration 0, max_iter=850, learning_rate = 0.00707
2025-05-27 01:29:40 [INFO] base_models.logistic_regression:57 - LogisticRegression final iteration 849, max_iter=850, learning_rate = 0.00707
2025-05-27 01:29:40 [INFO] adaboost.adaboost:25 - model is <base_models.logistic_regression.LogisticRegressionModel object at 0x0000024A7F591970>
2025-05-27 01:29:40 [INFO] base_models.logistic_regression:57 - LogisticRegression final iteration 0, max_iter=850, learning_rate = 0.00707
2025-05-27 01:29:41 [INFO] base_models.logistic_regression:57 - LogisticRegression final iteration 849, max_iter=850, learning_rate = 0.00707
2025-05-27 01:29:41 [INFO] adaboost.adaboost:25 - model is <base_models.logistic_regression.LogisticRegressionModel object at 0x0000024A7F5919D0>
2025-05-27 01:29:41 [INFO] base_models.logistic_regression:57 - LogisticRegression final iteration 0, max_iter=850, learning_rate = 0.00707
2025-05-27 01:29:42 [INFO] base_models.logistic_regression:57 - LogisticRegression final iteration 849, max_iter=850, learning_rate = 0.00707
2025-05-27 01:29:42 [INFO] adaboost.adaboost:25 - model is <base_models.logistic_regression.LogisticRegressionModel object at 0x0000024A7F591A30>
2025-05-27 01:29:42 [INFO] base_models.logistic_regression:57 - LogisticRegression final iteration 0, max_iter=850, learning_rate = 0.00707
2025-05-27 01:29:43 [INFO] base_models.logistic_regression:57 - LogisticRegression final iteration 849, max_iter=850, learning_rate = 0.00707
2025-05-27 01:29:43 [INFO] adaboost.adaboost:25 - model is <base_models.logistic_regression.LogisticRegressionModel object at 0x0000024A7F591A90>
2025-05-27 01:29:43 [INFO] base_models.logistic_regression:57 - LogisticRegression final iteration 0, max_iter=850, learning_rate = 0.00707
2025-05-27 01:29:44 [INFO] base_models.logistic_regression:57 - LogisticRegression final iteration 849, max_iter=850, learning_rate = 0.00707
2025-05-27 01:29:44 [INFO] adaboost.adaboost:25 - model is <base_models.logistic_regression.LogisticRegressionModel object at 0x0000024A7F591AF0>
2025-05-27 01:29:44 [INFO] base_models.logistic_regression:57 - LogisticRegression final iteration 0, max_iter=850, learning_rate = 0.00707
2025-05-27 01:29:45 [INFO] base_models.logistic_regression:57 - LogisticRegression final iteration 849, max_iter=850, learning_rate = 0.00707
2025-05-27 01:29:45 [INFO] adaboost.adaboost:25 - model is <base_models.logistic_regression.LogisticRegressionModel object at 0x0000024A7F591B50>
2025-05-27 01:29:45 [INFO] base_models.logistic_regression:57 - LogisticRegression final iteration 0, max_iter=850, learning_rate = 0.00707
2025-05-27 01:29:46 [INFO] base_models.logistic_regression:57 - LogisticRegression final iteration 849, max_iter=850, learning_rate = 0.00707
2025-05-27 01:29:46 [INFO] adaboost.adaboost:25 - model is <base_models.logistic_regression.LogisticRegressionModel object at 0x0000024A7F591BB0>
2025-05-27 01:29:46 [INFO] base_models.logistic_regression:57 - LogisticRegression final iteration 0, max_iter=850, learning_rate = 0.00707
2025-05-27 01:29:47 [INFO] base_models.logistic_regression:57 - LogisticRegression final iteration 849, max_iter=850, learning_rate = 0.00707
2025-05-27 01:29:47 [INFO] adaboost.adaboost:25 - model is <base_models.logistic_regression.LogisticRegressionModel object at 0x0000024A7F591C40>
2025-05-27 01:29:47 [INFO] base_models.logistic_regression:57 - LogisticRegression final iteration 0, max_iter=850, learning_rate = 0.00707
2025-05-27 01:29:48 [INFO] base_models.logistic_regression:57 - LogisticRegression final iteration 849, max_iter=850, learning_rate = 0.00707
2025-05-27 01:29:48 [INFO] adaboost.adaboost:25 - model is <base_models.logistic_regression.LogisticRegressionModel object at 0x0000024A7F591D30>
2025-05-27 01:29:48 [INFO] base_models.logistic_regression:57 - LogisticRegression final iteration 0, max_iter=850, learning_rate = 0.00707
2025-05-27 01:29:49 [INFO] base_models.logistic_regression:57 - LogisticRegression final iteration 849, max_iter=850, learning_rate = 0.00707
2025-05-27 01:29:49 [INFO] adaboost.adaboost:25 - model is <base_models.logistic_regression.LogisticRegressionModel object at 0x0000024A7F591D90>
2025-05-27 01:29:49 [INFO] base_models.logistic_regression:57 - LogisticRegression final iteration 0, max_iter=850, learning_rate = 0.00707
2025-05-27 01:29:50 [INFO] base_models.logistic_regression:57 - LogisticRegression final iteration 849, max_iter=850, learning_rate = 0.00707
2025-05-27 01:29:50 [INFO] adaboost.adaboost:25 - model is <base_models.logistic_regression.LogisticRegressionModel object at 0x0000024A7F591DF0>
2025-05-27 01:29:50 [INFO] base_models.logistic_regression:57 - LogisticRegression final iteration 0, max_iter=850, learning_rate = 0.00707
2025-05-27 01:29:51 [INFO] base_models.logistic_regression:57 - LogisticRegression final iteration 849, max_iter=850, learning_rate = 0.00707
2025-05-27 01:29:51 [INFO] adaboost.adaboost:25 - model is <base_models.logistic_regression.LogisticRegressionModel object at 0x0000024A7F591E50>
2025-05-27 01:29:51 [INFO] base_models.logistic_regression:57 - LogisticRegression final iteration 0, max_iter=850, learning_rate = 0.00707
2025-05-27 01:29:52 [INFO] base_models.logistic_regression:57 - LogisticRegression final iteration 849, max_iter=850, learning_rate = 0.00707
2025-05-27 01:29:52 [INFO] adaboost.adaboost:25 - model is <base_models.logistic_regression.LogisticRegressionModel object at 0x0000024A7F591EB0>
2025-05-27 01:29:52 [INFO] base_models.logistic_regression:57 - LogisticRegression final iteration 0, max_iter=850, learning_rate = 0.00707
2025-05-27 01:29:53 [INFO] base_models.logistic_regression:57 - LogisticRegression final iteration 849, max_iter=850, learning_rate = 0.00707
2025-05-27 01:29:53 [INFO] adaboost.adaboost:25 - model is <base_models.logistic_regression.LogisticRegressionModel object at 0x0000024A7F591F10>
2025-05-27 01:29:53 [INFO] base_models.logistic_regression:57 - LogisticRegression final iteration 0, max_iter=850, learning_rate = 0.00707
2025-05-27 01:29:54 [INFO] base_models.logistic_regression:57 - LogisticRegression final iteration 849, max_iter=850, learning_rate = 0.00707
2025-05-27 01:29:54 [INFO] adaboost.adaboost:25 - model is <base_models.logistic_regression.LogisticRegressionModel object at 0x0000024A7F591F70>
2025-05-27 01:29:54 [INFO] base_models.logistic_regression:57 - LogisticRegression final iteration 0, max_iter=850, learning_rate = 0.00707
2025-05-27 01:29:55 [INFO] base_models.logistic_regression:57 - LogisticRegression final iteration 849, max_iter=850, learning_rate = 0.00707
2025-05-27 01:29:55 [INFO] adaboost.adaboost:25 - model is <base_models.logistic_regression.LogisticRegressionModel object at 0x0000024A7F591FD0>
2025-05-27 01:29:55 [INFO] base_models.logistic_regression:57 - LogisticRegression final iteration 0, max_iter=850, learning_rate = 0.00707
2025-05-27 01:29:56 [INFO] base_models.logistic_regression:57 - LogisticRegression final iteration 849, max_iter=850, learning_rate = 0.00707
2025-05-27 01:29:56 [INFO] adaboost.adaboost:25 - model is <base_models.logistic_regression.LogisticRegressionModel object at 0x0000024A7F591220>
2025-05-27 01:29:56 [INFO] base_models.logistic_regression:57 - LogisticRegression final iteration 0, max_iter=850, learning_rate = 0.00707
2025-05-27 01:29:57 [INFO] base_models.logistic_regression:57 - LogisticRegression final iteration 849, max_iter=850, learning_rate = 0.00707
2025-05-27 01:29:57 [INFO] adaboost.adaboost:25 - model is <base_models.logistic_regression.LogisticRegressionModel object at 0x0000024A7F591340>
2025-05-27 01:29:57 [INFO] base_models.logistic_regression:57 - LogisticRegression final iteration 0, max_iter=850, learning_rate = 0.00707
2025-05-27 01:29:58 [INFO] base_models.logistic_regression:57 - LogisticRegression final iteration 849, max_iter=850, learning_rate = 0.00707
2025-05-27 01:29:58 [INFO] adaboost.adaboost:25 - model is <base_models.logistic_regression.LogisticRegressionModel object at 0x0000024A7F5914C0>
2025-05-27 01:29:58 [INFO] base_models.logistic_regression:57 - LogisticRegression final iteration 0, max_iter=850, learning_rate = 0.00707
2025-05-27 01:29:59 [INFO] base_models.logistic_regression:57 - LogisticRegression final iteration 849, max_iter=850, learning_rate = 0.00707
2025-05-27 01:29:59 [INFO] adaboost.adaboost:25 - model is <base_models.logistic_regression.LogisticRegressionModel object at 0x0000024A7F5913D0>
2025-05-27 01:29:59 [INFO] base_models.logistic_regression:57 - LogisticRegression final iteration 0, max_iter=850, learning_rate = 0.00707
2025-05-27 01:30:00 [INFO] base_models.logistic_regression:57 - LogisticRegression final iteration 849, max_iter=850, learning_rate = 0.00707
2025-05-27 01:30:00 [INFO] adaboost.adaboost:25 - model is <base_models.logistic_regression.LogisticRegressionModel object at 0x0000024A7F5915B0>
2025-05-27 01:30:00 [INFO] base_models.logistic_regression:57 - LogisticRegression final iteration 0, max_iter=850, learning_rate = 0.00707
2025-05-27 01:30:01 [INFO] base_models.logistic_regression:57 - LogisticRegression final iteration 849, max_iter=850, learning_rate = 0.00707
2025-05-27 01:30:01 [INFO] adaboost.adaboost:25 - model is <base_models.logistic_regression.LogisticRegressionModel object at 0x0000024A7F591610>
2025-05-27 01:30:01 [INFO] base_models.logistic_regression:57 - LogisticRegression final iteration 0, max_iter=850, learning_rate = 0.00707
2025-05-27 01:30:02 [INFO] base_models.logistic_regression:57 - LogisticRegression final iteration 849, max_iter=850, learning_rate = 0.00707
2025-05-27 01:30:02 [INFO] adaboost.adaboost:25 - model is <base_models.logistic_regression.LogisticRegressionModel object at 0x0000024A7F591670>
2025-05-27 01:30:02 [INFO] base_models.logistic_regression:57 - LogisticRegression final iteration 0, max_iter=850, learning_rate = 0.00707
2025-05-27 01:30:03 [INFO] base_models.logistic_regression:57 - LogisticRegression final iteration 849, max_iter=850, learning_rate = 0.00707
2025-05-27 01:30:03 [INFO] adaboost.adaboost:25 - model is <base_models.logistic_regression.LogisticRegressionModel object at 0x0000024A2249A040>
2025-05-27 01:30:03 [INFO] base_models.logistic_regression:57 - LogisticRegression final iteration 0, max_iter=850, learning_rate = 0.00707
2025-05-27 01:30:04 [INFO] base_models.logistic_regression:57 - LogisticRegression final iteration 849, max_iter=850, learning_rate = 0.00707
2025-05-27 01:30:04 [INFO] adaboost.adaboost:25 - model is <base_models.logistic_regression.LogisticRegressionModel object at 0x0000024A2249A0A0>
2025-05-27 01:30:04 [INFO] base_models.logistic_regression:57 - LogisticRegression final iteration 0, max_iter=850, learning_rate = 0.00707
2025-05-27 01:30:05 [INFO] base_models.logistic_regression:57 - LogisticRegression final iteration 849, max_iter=850, learning_rate = 0.00707
2025-05-27 01:30:05 [INFO] adaboost.adaboost:25 - model is <base_models.logistic_regression.LogisticRegressionModel object at 0x0000024A2249A100>
2025-05-27 01:30:05 [INFO] base_models.logistic_regression:57 - LogisticRegression final iteration 0, max_iter=850, learning_rate = 0.00707
2025-05-27 01:30:06 [INFO] base_models.logistic_regression:57 - LogisticRegression final iteration 849, max_iter=850, learning_rate = 0.00707
2025-05-27 01:30:06 [INFO] adaboost.adaboost:25 - model is <base_models.logistic_regression.LogisticRegressionModel object at 0x0000024A2249A160>
2025-05-27 01:30:06 [INFO] base_models.logistic_regression:57 - LogisticRegression final iteration 0, max_iter=850, learning_rate = 0.00707
2025-05-27 01:30:07 [INFO] base_models.logistic_regression:57 - LogisticRegression final iteration 849, max_iter=850, learning_rate = 0.00707
2025-05-27 01:30:07 [INFO] adaboost.adaboost:25 - model is <base_models.logistic_regression.LogisticRegressionModel object at 0x0000024A2249A280>
2025-05-27 01:30:07 [INFO] base_models.logistic_regression:57 - LogisticRegression final iteration 0, max_iter=850, learning_rate = 0.00707
2025-05-27 01:30:08 [INFO] base_models.logistic_regression:57 - LogisticRegression final iteration 849, max_iter=850, learning_rate = 0.00707
2025-05-27 01:30:08 [INFO] adaboost.adaboost:25 - model is <base_models.logistic_regression.LogisticRegressionModel object at 0x0000024A7F555670>
2025-05-27 01:30:08 [INFO] base_models.logistic_regression:57 - LogisticRegression final iteration 0, max_iter=850, learning_rate = 0.00707
2025-05-27 01:30:09 [INFO] base_models.logistic_regression:57 - LogisticRegression final iteration 849, max_iter=850, learning_rate = 0.00707
2025-05-27 01:30:09 [INFO] adaboost.adaboost:25 - model is <base_models.logistic_regression.LogisticRegressionModel object at 0x0000024A7F5211F0>
2025-05-27 01:30:09 [INFO] base_models.logistic_regression:57 - LogisticRegression final iteration 0, max_iter=850, learning_rate = 0.00707
2025-05-27 01:30:10 [INFO] base_models.logistic_regression:57 - LogisticRegression final iteration 849, max_iter=850, learning_rate = 0.00707
2025-05-27 01:30:10 [INFO] adaboost.adaboost:25 - model is <base_models.logistic_regression.LogisticRegressionModel object at 0x0000024A78DC5C70>
2025-05-27 01:30:10 [INFO] base_models.logistic_regression:57 - LogisticRegression final iteration 0, max_iter=850, learning_rate = 0.00707
2025-05-27 01:30:11 [INFO] base_models.logistic_regression:57 - LogisticRegression final iteration 849, max_iter=850, learning_rate = 0.00707
2025-05-27 01:30:11 [INFO] adaboost.adaboost:25 - model is <base_models.logistic_regression.LogisticRegressionModel object at 0x0000024A7F4FFC40>
2025-05-27 01:30:11 [INFO] base_models.logistic_regression:57 - LogisticRegression final iteration 0, max_iter=850, learning_rate = 0.00707
2025-05-27 01:30:12 [INFO] base_models.logistic_regression:57 - LogisticRegression final iteration 849, max_iter=850, learning_rate = 0.00707
2025-05-27 01:30:12 [INFO] adaboost.adaboost:25 - model is <base_models.logistic_regression.LogisticRegressionModel object at 0x0000024A22492F10>
2025-05-27 01:30:12 [INFO] base_models.logistic_regression:57 - LogisticRegression final iteration 0, max_iter=850, learning_rate = 0.00707
2025-05-27 01:30:13 [INFO] base_models.logistic_regression:57 - LogisticRegression final iteration 849, max_iter=850, learning_rate = 0.00707
2025-05-27 01:30:13 [INFO] adaboost.adaboost:25 - model is <base_models.logistic_regression.LogisticRegressionModel object at 0x0000024A22492F70>
2025-05-27 01:30:13 [INFO] base_models.logistic_regression:57 - LogisticRegression final iteration 0, max_iter=850, learning_rate = 0.00707
2025-05-27 01:30:14 [INFO] base_models.logistic_regression:57 - LogisticRegression final iteration 849, max_iter=850, learning_rate = 0.00707
2025-05-27 01:30:14 [INFO] adaboost.adaboost:25 - model is <base_models.logistic_regression.LogisticRegressionModel object at 0x0000024A7F5122E0>
2025-05-27 01:30:14 [INFO] base_models.logistic_regression:57 - LogisticRegression final iteration 0, max_iter=850, learning_rate = 0.00707
2025-05-27 01:30:15 [INFO] base_models.logistic_regression:57 - LogisticRegression final iteration 849, max_iter=850, learning_rate = 0.00707
2025-05-27 01:30:15 [INFO] adaboost.adaboost:25 - model is <base_models.logistic_regression.LogisticRegressionModel object at 0x0000024A22F17070>
2025-05-27 01:30:15 [INFO] base_models.logistic_regression:57 - LogisticRegression final iteration 0, max_iter=850, learning_rate = 0.00707
2025-05-27 01:30:15 [INFO] base_models.logistic_regression:57 - LogisticRegression final iteration 849, max_iter=850, learning_rate = 0.00707
2025-05-27 01:30:15 [INFO] adaboost.adaboost:25 - model is <base_models.logistic_regression.LogisticRegressionModel object at 0x0000024A22F17190>
2025-05-27 01:30:15 [INFO] base_models.logistic_regression:57 - LogisticRegression final iteration 0, max_iter=850, learning_rate = 0.00707
2025-05-27 01:30:16 [INFO] base_models.logistic_regression:57 - LogisticRegression final iteration 849, max_iter=850, learning_rate = 0.00707
2025-05-27 01:30:16 [INFO] adaboost.adaboost:25 - model is <base_models.logistic_regression.LogisticRegressionModel object at 0x0000024A22F171F0>
2025-05-27 01:30:16 [INFO] base_models.logistic_regression:57 - LogisticRegression final iteration 0, max_iter=850, learning_rate = 0.00707
2025-05-27 01:30:17 [INFO] base_models.logistic_regression:57 - LogisticRegression final iteration 849, max_iter=850, learning_rate = 0.00707
2025-05-27 01:30:17 [INFO] adaboost.adaboost:25 - model is <base_models.logistic_regression.LogisticRegressionModel object at 0x0000024A22F172B0>
2025-05-27 01:30:17 [INFO] base_models.logistic_regression:57 - LogisticRegression final iteration 0, max_iter=850, learning_rate = 0.00707
2025-05-27 01:30:18 [INFO] base_models.logistic_regression:57 - LogisticRegression final iteration 849, max_iter=850, learning_rate = 0.00707
2025-05-27 01:30:18 [INFO] adaboost.adaboost:25 - model is <base_models.logistic_regression.LogisticRegressionModel object at 0x0000024A22F173D0>
2025-05-27 01:30:18 [INFO] base_models.logistic_regression:57 - LogisticRegression final iteration 0, max_iter=850, learning_rate = 0.00707
2025-05-27 01:30:20 [INFO] base_models.logistic_regression:57 - LogisticRegression final iteration 849, max_iter=850, learning_rate = 0.00707
2025-05-27 01:30:20 [INFO] adaboost.adaboost:25 - model is <base_models.logistic_regression.LogisticRegressionModel object at 0x0000024A22F17430>
2025-05-27 01:30:20 [INFO] base_models.logistic_regression:57 - LogisticRegression final iteration 0, max_iter=850, learning_rate = 0.00707
2025-05-27 01:30:20 [INFO] base_models.logistic_regression:57 - LogisticRegression final iteration 849, max_iter=850, learning_rate = 0.00707
2025-05-27 01:30:20 [INFO] adaboost.adaboost:25 - model is <base_models.logistic_regression.LogisticRegressionModel object at 0x0000024A22F17490>
2025-05-27 01:30:20 [INFO] base_models.logistic_regression:57 - LogisticRegression final iteration 0, max_iter=850, learning_rate = 0.00707
2025-05-27 01:30:21 [INFO] base_models.logistic_regression:57 - LogisticRegression final iteration 849, max_iter=850, learning_rate = 0.00707
2025-05-27 01:30:21 [INFO] adaboost.adaboost:25 - model is <base_models.logistic_regression.LogisticRegressionModel object at 0x0000024A22F174F0>
2025-05-27 01:30:21 [INFO] base_models.logistic_regression:57 - LogisticRegression final iteration 0, max_iter=850, learning_rate = 0.00707
2025-05-27 01:30:23 [INFO] base_models.logistic_regression:57 - LogisticRegression final iteration 849, max_iter=850, learning_rate = 0.00707
2025-05-27 01:30:23 [INFO] adaboost.adaboost:25 - model is <base_models.logistic_regression.LogisticRegressionModel object at 0x0000024A22F17550>
2025-05-27 01:30:23 [INFO] base_models.logistic_regression:57 - LogisticRegression final iteration 0, max_iter=850, learning_rate = 0.00707
2025-05-27 01:30:24 [INFO] base_models.logistic_regression:57 - LogisticRegression final iteration 849, max_iter=850, learning_rate = 0.00707
2025-05-27 01:30:24 [INFO] adaboost.adaboost:25 - model is <base_models.logistic_regression.LogisticRegressionModel object at 0x0000024A22F175B0>
2025-05-27 01:30:24 [INFO] base_models.logistic_regression:57 - LogisticRegression final iteration 0, max_iter=850, learning_rate = 0.00707
2025-05-27 01:30:24 [INFO] base_models.logistic_regression:57 - LogisticRegression final iteration 849, max_iter=850, learning_rate = 0.00707
2025-05-27 01:30:24 [INFO] adaboost.adaboost:25 - model is <base_models.logistic_regression.LogisticRegressionModel object at 0x0000024A22F17610>
2025-05-27 01:30:24 [INFO] base_models.logistic_regression:57 - LogisticRegression final iteration 0, max_iter=850, learning_rate = 0.00707
2025-05-27 01:30:25 [INFO] base_models.logistic_regression:57 - LogisticRegression final iteration 849, max_iter=850, learning_rate = 0.00707
2025-05-27 01:30:25 [INFO] adaboost.adaboost:25 - model is <base_models.logistic_regression.LogisticRegressionModel object at 0x0000024A22F17670>
2025-05-27 01:30:25 [INFO] base_models.logistic_regression:57 - LogisticRegression final iteration 0, max_iter=850, learning_rate = 0.00707
2025-05-27 01:30:26 [INFO] base_models.logistic_regression:57 - LogisticRegression final iteration 849, max_iter=850, learning_rate = 0.00707
2025-05-27 01:30:26 [INFO] adaboost.adaboost:25 - model is <base_models.logistic_regression.LogisticRegressionModel object at 0x0000024A22F176D0>
2025-05-27 01:30:26 [INFO] base_models.logistic_regression:57 - LogisticRegression final iteration 0, max_iter=850, learning_rate = 0.00707
2025-05-27 01:30:27 [INFO] base_models.logistic_regression:57 - LogisticRegression final iteration 849, max_iter=850, learning_rate = 0.00707
2025-05-27 01:30:27 [INFO] adaboost.adaboost:25 - model is <base_models.logistic_regression.LogisticRegressionModel object at 0x0000024A22F17730>
2025-05-27 01:30:27 [INFO] base_models.logistic_regression:57 - LogisticRegression final iteration 0, max_iter=850, learning_rate = 0.00707
2025-05-27 01:30:28 [INFO] base_models.logistic_regression:57 - LogisticRegression final iteration 849, max_iter=850, learning_rate = 0.00707
2025-05-27 01:30:28 [INFO] adaboost.adaboost:25 - model is <base_models.logistic_regression.LogisticRegressionModel object at 0x0000024A22F17790>
2025-05-27 01:30:28 [INFO] base_models.logistic_regression:57 - LogisticRegression final iteration 0, max_iter=850, learning_rate = 0.00707
2025-05-27 01:30:29 [INFO] base_models.logistic_regression:57 - LogisticRegression final iteration 849, max_iter=850, learning_rate = 0.00707
2025-05-27 01:30:29 [INFO] adaboost.adaboost:25 - model is <base_models.logistic_regression.LogisticRegressionModel object at 0x0000024A22F177F0>
2025-05-27 01:30:29 [INFO] base_models.logistic_regression:57 - LogisticRegression final iteration 0, max_iter=850, learning_rate = 0.00707
2025-05-27 01:30:30 [INFO] base_models.logistic_regression:57 - LogisticRegression final iteration 849, max_iter=850, learning_rate = 0.00707
2025-05-27 01:30:30 [INFO] adaboost.adaboost:25 - model is <base_models.logistic_regression.LogisticRegressionModel object at 0x0000024A22F17850>
2025-05-27 01:30:30 [INFO] base_models.logistic_regression:57 - LogisticRegression final iteration 0, max_iter=850, learning_rate = 0.00707
2025-05-27 01:30:31 [INFO] base_models.logistic_regression:57 - LogisticRegression final iteration 849, max_iter=850, learning_rate = 0.00707
2025-05-27 01:30:31 [INFO] adaboost.adaboost:25 - model is <base_models.logistic_regression.LogisticRegressionModel object at 0x0000024A22F178B0>
2025-05-27 01:30:31 [INFO] base_models.logistic_regression:57 - LogisticRegression final iteration 0, max_iter=850, learning_rate = 0.00707
2025-05-27 01:30:32 [INFO] base_models.logistic_regression:57 - LogisticRegression final iteration 849, max_iter=850, learning_rate = 0.00707
2025-05-27 01:30:32 [INFO] adaboost.adaboost:25 - model is <base_models.logistic_regression.LogisticRegressionModel object at 0x0000024A22F17910>
2025-05-27 01:30:32 [INFO] base_models.logistic_regression:57 - LogisticRegression final iteration 0, max_iter=850, learning_rate = 0.00707
2025-05-27 01:30:33 [INFO] base_models.logistic_regression:57 - LogisticRegression final iteration 849, max_iter=850, learning_rate = 0.00707
2025-05-27 01:30:33 [INFO] adaboost.adaboost:25 - model is <base_models.logistic_regression.LogisticRegressionModel object at 0x0000024A22F17970>
2025-05-27 01:30:33 [INFO] base_models.logistic_regression:57 - LogisticRegression final iteration 0, max_iter=850, learning_rate = 0.00707
2025-05-27 01:30:34 [INFO] base_models.logistic_regression:57 - LogisticRegression final iteration 849, max_iter=850, learning_rate = 0.00707
2025-05-27 01:30:34 [INFO] adaboost.adaboost:25 - model is <base_models.logistic_regression.LogisticRegressionModel object at 0x0000024A22F179D0>
2025-05-27 01:30:35 [INFO] base_models.logistic_regression:57 - LogisticRegression final iteration 0, max_iter=850, learning_rate = 0.00707
2025-05-27 01:30:36 [INFO] base_models.logistic_regression:57 - LogisticRegression final iteration 849, max_iter=850, learning_rate = 0.00707
2025-05-27 01:30:36 [INFO] adaboost.adaboost:25 - model is <base_models.logistic_regression.LogisticRegressionModel object at 0x0000024A22F17A30>
2025-05-27 01:30:36 [INFO] base_models.logistic_regression:57 - LogisticRegression final iteration 0, max_iter=850, learning_rate = 0.00707
2025-05-27 01:30:37 [INFO] base_models.logistic_regression:57 - LogisticRegression final iteration 849, max_iter=850, learning_rate = 0.00707
2025-05-27 01:30:37 [INFO] adaboost.adaboost:25 - model is <base_models.logistic_regression.LogisticRegressionModel object at 0x0000024A22F17A90>
2025-05-27 01:30:37 [INFO] base_models.logistic_regression:57 - LogisticRegression final iteration 0, max_iter=850, learning_rate = 0.00707
2025-05-27 01:30:38 [INFO] base_models.logistic_regression:57 - LogisticRegression final iteration 849, max_iter=850, learning_rate = 0.00707
2025-05-27 01:30:38 [INFO] adaboost.adaboost:25 - model is <base_models.logistic_regression.LogisticRegressionModel object at 0x0000024A22F17AF0>
2025-05-27 01:30:38 [INFO] base_models.logistic_regression:57 - LogisticRegression final iteration 0, max_iter=850, learning_rate = 0.00707
2025-05-27 01:30:39 [INFO] base_models.logistic_regression:57 - LogisticRegression final iteration 849, max_iter=850, learning_rate = 0.00707
2025-05-27 01:30:39 [INFO] adaboost.adaboost:25 - model is <base_models.logistic_regression.LogisticRegressionModel object at 0x0000024A22F17B50>
2025-05-27 01:30:39 [INFO] base_models.logistic_regression:57 - LogisticRegression final iteration 0, max_iter=850, learning_rate = 0.00707
2025-05-27 01:30:39 [INFO] base_models.logistic_regression:57 - LogisticRegression final iteration 849, max_iter=850, learning_rate = 0.00707
2025-05-27 01:30:39 [INFO] adaboost.adaboost:25 - model is <base_models.logistic_regression.LogisticRegressionModel object at 0x0000024A22F17BB0>
2025-05-27 01:30:39 [INFO] base_models.logistic_regression:57 - LogisticRegression final iteration 0, max_iter=850, learning_rate = 0.00707
2025-05-27 01:30:41 [INFO] base_models.logistic_regression:57 - LogisticRegression final iteration 849, max_iter=850, learning_rate = 0.00707
2025-05-27 01:30:41 [INFO] adaboost.adaboost:25 - model is <base_models.logistic_regression.LogisticRegressionModel object at 0x0000024A22F17C40>
2025-05-27 01:30:41 [INFO] base_models.logistic_regression:57 - LogisticRegression final iteration 0, max_iter=850, learning_rate = 0.00707
2025-05-27 01:30:42 [INFO] base_models.logistic_regression:57 - LogisticRegression final iteration 849, max_iter=850, learning_rate = 0.00707
2025-05-27 01:30:42 [INFO] adaboost.adaboost:25 - model is <base_models.logistic_regression.LogisticRegressionModel object at 0x0000024A22F17CA0>
2025-05-27 01:30:42 [INFO] base_models.logistic_regression:57 - LogisticRegression final iteration 0, max_iter=850, learning_rate = 0.00707
2025-05-27 01:30:43 [INFO] base_models.logistic_regression:57 - LogisticRegression final iteration 849, max_iter=850, learning_rate = 0.00707
2025-05-27 01:30:43 [INFO] adaboost.adaboost:25 - model is <base_models.logistic_regression.LogisticRegressionModel object at 0x0000024A22F17D00>
2025-05-27 01:30:43 [INFO] base_models.logistic_regression:57 - LogisticRegression final iteration 0, max_iter=850, learning_rate = 0.00707
2025-05-27 01:30:44 [INFO] base_models.logistic_regression:57 - LogisticRegression final iteration 849, max_iter=850, learning_rate = 0.00707
2025-05-27 01:30:44 [INFO] adaboost.adaboost:25 - model is <base_models.logistic_regression.LogisticRegressionModel object at 0x0000024A22F17D60>
2025-05-27 01:30:44 [INFO] base_models.logistic_regression:57 - LogisticRegression final iteration 0, max_iter=850, learning_rate = 0.00707
2025-05-27 01:30:46 [INFO] base_models.logistic_regression:57 - LogisticRegression final iteration 849, max_iter=850, learning_rate = 0.00707
2025-05-27 01:30:46 [INFO] adaboost.adaboost:25 - model is <base_models.logistic_regression.LogisticRegressionModel object at 0x0000024A22F17DC0>
2025-05-27 01:30:46 [INFO] base_models.logistic_regression:57 - LogisticRegression final iteration 0, max_iter=850, learning_rate = 0.00707
2025-05-27 01:30:46 [INFO] base_models.logistic_regression:57 - LogisticRegression final iteration 849, max_iter=850, learning_rate = 0.00707
2025-05-27 01:30:46 [INFO] adaboost.adaboost:25 - model is <base_models.logistic_regression.LogisticRegressionModel object at 0x0000024A22F17E20>
2025-05-27 01:30:47 [INFO] base_models.logistic_regression:57 - LogisticRegression final iteration 0, max_iter=850, learning_rate = 0.00707
2025-05-27 01:30:48 [INFO] base_models.logistic_regression:57 - LogisticRegression final iteration 849, max_iter=850, learning_rate = 0.00707
2025-05-27 01:30:48 [INFO] adaboost.adaboost:25 - model is <base_models.logistic_regression.LogisticRegressionModel object at 0x0000024A22F17E80>
2025-05-27 01:30:48 [INFO] base_models.logistic_regression:57 - LogisticRegression final iteration 0, max_iter=850, learning_rate = 0.00707
2025-05-27 01:30:49 [INFO] base_models.logistic_regression:57 - LogisticRegression final iteration 849, max_iter=850, learning_rate = 0.00707
2025-05-27 01:30:49 [INFO] adaboost.adaboost:25 - model is <base_models.logistic_regression.LogisticRegressionModel object at 0x0000024A22F17EE0>
2025-05-27 01:30:49 [INFO] base_models.logistic_regression:57 - LogisticRegression final iteration 0, max_iter=850, learning_rate = 0.00707
2025-05-27 01:30:50 [INFO] base_models.logistic_regression:57 - LogisticRegression final iteration 849, max_iter=850, learning_rate = 0.00707
2025-05-27 01:30:50 [INFO] adaboost.adaboost:25 - model is <base_models.logistic_regression.LogisticRegressionModel object at 0x0000024A22F17F40>
2025-05-27 01:30:50 [INFO] base_models.logistic_regression:57 - LogisticRegression final iteration 0, max_iter=850, learning_rate = 0.00707
2025-05-27 01:30:51 [INFO] base_models.logistic_regression:57 - LogisticRegression final iteration 849, max_iter=850, learning_rate = 0.00707
2025-05-27 01:30:51 [INFO] adaboost.adaboost:25 - model is <base_models.logistic_regression.LogisticRegressionModel object at 0x0000024A22F17FA0>
2025-05-27 01:30:51 [INFO] base_models.logistic_regression:57 - LogisticRegression final iteration 0, max_iter=850, learning_rate = 0.00707
2025-05-27 01:30:52 [INFO] base_models.logistic_regression:57 - LogisticRegression final iteration 849, max_iter=850, learning_rate = 0.00707
2025-05-27 01:30:52 [INFO] adaboost.adaboost:25 - model is <base_models.logistic_regression.LogisticRegressionModel object at 0x0000024A22F170A0>
2025-05-27 01:30:52 [INFO] base_models.logistic_regression:57 - LogisticRegression final iteration 0, max_iter=850, learning_rate = 0.00707
2025-05-27 01:30:54 [INFO] base_models.logistic_regression:57 - LogisticRegression final iteration 849, max_iter=850, learning_rate = 0.00707
2025-05-27 01:30:54 [INFO] adaboost.adaboost:25 - model is <base_models.logistic_regression.LogisticRegressionModel object at 0x0000024A22F17220>
2025-05-27 01:30:54 [INFO] base_models.logistic_regression:57 - LogisticRegression final iteration 0, max_iter=850, learning_rate = 0.00707
2025-05-27 01:30:55 [INFO] base_models.logistic_regression:57 - LogisticRegression final iteration 849, max_iter=850, learning_rate = 0.00707
2025-05-27 01:30:55 [INFO] adaboost.adaboost:25 - model is <base_models.logistic_regression.LogisticRegressionModel object at 0x0000024A22F17130>
2025-05-27 01:30:55 [INFO] base_models.logistic_regression:57 - LogisticRegression final iteration 0, max_iter=850, learning_rate = 0.00707
2025-05-27 01:30:56 [INFO] base_models.logistic_regression:57 - LogisticRegression final iteration 849, max_iter=850, learning_rate = 0.00707
2025-05-27 01:30:56 [INFO] adaboost.adaboost:25 - model is <base_models.logistic_regression.LogisticRegressionModel object at 0x0000024A22F17310>
2025-05-27 01:30:56 [INFO] base_models.logistic_regression:57 - LogisticRegression final iteration 0, max_iter=850, learning_rate = 0.00707
2025-05-27 01:30:57 [INFO] base_models.logistic_regression:57 - LogisticRegression final iteration 849, max_iter=850, learning_rate = 0.00707
2025-05-27 01:30:57 [INFO] adaboost.adaboost:25 - model is <base_models.logistic_regression.LogisticRegressionModel object at 0x0000024A22F17370>
2025-05-27 01:30:57 [INFO] base_models.logistic_regression:57 - LogisticRegression final iteration 0, max_iter=850, learning_rate = 0.00707
2025-05-27 01:30:58 [INFO] base_models.logistic_regression:57 - LogisticRegression final iteration 849, max_iter=850, learning_rate = 0.00707
2025-05-27 01:30:58 [INFO] adaboost.adaboost:25 - model is <base_models.logistic_regression.LogisticRegressionModel object at 0x0000024A7F5BF0D0>
2025-05-27 01:30:58 [INFO] base_models.logistic_regression:57 - LogisticRegression final iteration 0, max_iter=850, learning_rate = 0.00707
2025-05-27 01:30:59 [INFO] base_models.logistic_regression:57 - LogisticRegression final iteration 849, max_iter=850, learning_rate = 0.00707
2025-05-27 01:30:59 [INFO] adaboost.adaboost:25 - model is <base_models.logistic_regression.LogisticRegressionModel object at 0x0000024A7F5BF190>
2025-05-27 01:30:59 [INFO] base_models.logistic_regression:57 - LogisticRegression final iteration 0, max_iter=850, learning_rate = 0.00707
2025-05-27 01:31:01 [INFO] base_models.logistic_regression:57 - LogisticRegression final iteration 849, max_iter=850, learning_rate = 0.00707
2025-05-27 01:31:01 [INFO] adaboost.adaboost:25 - model is <base_models.logistic_regression.LogisticRegressionModel object at 0x0000024A7F5BF1F0>
2025-05-27 01:31:01 [INFO] base_models.logistic_regression:57 - LogisticRegression final iteration 0, max_iter=850, learning_rate = 0.00707
2025-05-27 01:31:02 [INFO] base_models.logistic_regression:57 - LogisticRegression final iteration 849, max_iter=850, learning_rate = 0.00707
2025-05-27 01:31:02 [INFO] adaboost.adaboost:25 - model is <base_models.logistic_regression.LogisticRegressionModel object at 0x0000024A7F5BF040>
2025-05-27 01:31:02 [INFO] base_models.logistic_regression:57 - LogisticRegression final iteration 0, max_iter=850, learning_rate = 0.00707
2025-05-27 01:31:03 [INFO] base_models.logistic_regression:57 - LogisticRegression final iteration 849, max_iter=850, learning_rate = 0.00707
2025-05-27 01:31:03 [INFO] adaboost.adaboost:25 - model is <base_models.logistic_regression.LogisticRegressionModel object at 0x0000024A7F5BF220>
2025-05-27 01:31:03 [INFO] base_models.logistic_regression:57 - LogisticRegression final iteration 0, max_iter=850, learning_rate = 0.00707
2025-05-27 01:31:04 [INFO] base_models.logistic_regression:57 - LogisticRegression final iteration 849, max_iter=850, learning_rate = 0.00707
2025-05-27 01:31:04 [INFO] adaboost.adaboost:25 - model is <base_models.logistic_regression.LogisticRegressionModel object at 0x0000024A7F5BF0A0>
2025-05-27 01:31:04 [INFO] base_models.logistic_regression:57 - LogisticRegression final iteration 0, max_iter=850, learning_rate = 0.00707
2025-05-27 01:31:05 [INFO] base_models.logistic_regression:57 - LogisticRegression final iteration 849, max_iter=850, learning_rate = 0.00707
2025-05-27 01:31:05 [INFO] adaboost.adaboost:25 - model is <base_models.logistic_regression.LogisticRegressionModel object at 0x0000024A7F5BF160>
2025-05-27 01:31:05 [INFO] base_models.logistic_regression:57 - LogisticRegression final iteration 0, max_iter=850, learning_rate = 0.00707
2025-05-27 01:31:07 [INFO] base_models.logistic_regression:57 - LogisticRegression final iteration 849, max_iter=850, learning_rate = 0.00707
2025-05-27 01:31:07 [INFO] adaboost.adaboost:25 - model is <base_models.logistic_regression.LogisticRegressionModel object at 0x0000024A7F559700>
2025-05-27 01:31:07 [INFO] base_models.logistic_regression:57 - LogisticRegression final iteration 0, max_iter=850, learning_rate = 0.00707
2025-05-27 01:31:08 [INFO] base_models.logistic_regression:57 - LogisticRegression final iteration 849, max_iter=850, learning_rate = 0.00707
2025-05-27 01:31:08 [INFO] adaboost.adaboost:25 - model is <base_models.logistic_regression.LogisticRegressionModel object at 0x0000024A7F5597C0>
2025-05-27 01:31:08 [INFO] base_models.logistic_regression:57 - LogisticRegression final iteration 0, max_iter=850, learning_rate = 0.00707
2025-05-27 01:31:10 [INFO] base_models.logistic_regression:57 - LogisticRegression final iteration 849, max_iter=850, learning_rate = 0.00707
2025-05-27 01:31:10 [INFO] adaboost.adaboost:25 - model is <base_models.logistic_regression.LogisticRegressionModel object at 0x0000024A7F559790>
2025-05-27 01:31:10 [INFO] base_models.logistic_regression:57 - LogisticRegression final iteration 0, max_iter=850, learning_rate = 0.00707
2025-05-27 01:31:11 [INFO] base_models.logistic_regression:57 - LogisticRegression final iteration 849, max_iter=850, learning_rate = 0.00707
2025-05-27 01:31:11 [INFO] adaboost.adaboost:25 - model is <base_models.logistic_regression.LogisticRegressionModel object at 0x0000024A7F5596A0>
2025-05-27 01:31:11 [INFO] base_models.logistic_regression:57 - LogisticRegression final iteration 0, max_iter=850, learning_rate = 0.00707
2025-05-27 01:31:12 [INFO] base_models.logistic_regression:57 - LogisticRegression final iteration 849, max_iter=850, learning_rate = 0.00707
2025-05-27 01:31:12 [INFO] adaboost.adaboost:25 - model is <base_models.logistic_regression.LogisticRegressionModel object at 0x0000024A7F559550>
2025-05-27 01:31:12 [INFO] base_models.logistic_regression:57 - LogisticRegression final iteration 0, max_iter=850, learning_rate = 0.00707
2025-05-27 01:31:13 [INFO] base_models.logistic_regression:57 - LogisticRegression final iteration 849, max_iter=850, learning_rate = 0.00707
2025-05-27 01:31:13 [INFO] adaboost.adaboost:25 - model is <base_models.logistic_regression.LogisticRegressionModel object at 0x0000024A7F559730>
2025-05-27 01:31:13 [INFO] base_models.logistic_regression:57 - LogisticRegression final iteration 0, max_iter=850, learning_rate = 0.00707
2025-05-27 01:31:15 [INFO] base_models.logistic_regression:57 - LogisticRegression final iteration 849, max_iter=850, learning_rate = 0.00707
2025-05-27 01:31:15 [INFO] adaboost.adaboost:25 - model is <base_models.logistic_regression.LogisticRegressionModel object at 0x0000024A7F591310>
2025-05-27 01:31:15 [INFO] base_models.logistic_regression:57 - LogisticRegression final iteration 0, max_iter=850, learning_rate = 0.00707
2025-05-27 01:31:16 [INFO] base_models.logistic_regression:57 - LogisticRegression final iteration 849, max_iter=850, learning_rate = 0.00707
2025-05-27 01:31:16 [INFO] adaboost.adaboost:25 - model is <base_models.logistic_regression.LogisticRegressionModel object at 0x0000024A7F591430>
2025-05-27 01:31:16 [INFO] base_models.logistic_regression:57 - LogisticRegression final iteration 0, max_iter=850, learning_rate = 0.00707
2025-05-27 01:31:17 [INFO] base_models.logistic_regression:57 - LogisticRegression final iteration 849, max_iter=850, learning_rate = 0.00707
2025-05-27 01:31:17 [INFO] adaboost.adaboost:25 - model is <base_models.logistic_regression.LogisticRegressionModel object at 0x0000024A7F591490>
2025-05-27 01:31:17 [INFO] base_models.logistic_regression:57 - LogisticRegression final iteration 0, max_iter=850, learning_rate = 0.00707
2025-05-27 01:31:18 [INFO] base_models.logistic_regression:57 - LogisticRegression final iteration 849, max_iter=850, learning_rate = 0.00707
2025-05-27 01:31:18 [INFO] adaboost.adaboost:25 - model is <base_models.logistic_regression.LogisticRegressionModel object at 0x0000024A7F591550>
2025-05-27 01:31:18 [INFO] base_models.logistic_regression:57 - LogisticRegression final iteration 0, max_iter=850, learning_rate = 0.00707
2025-05-27 01:31:19 [INFO] base_models.logistic_regression:57 - LogisticRegression final iteration 849, max_iter=850, learning_rate = 0.00707
2025-05-27 01:31:19 [INFO] adaboost.adaboost:25 - model is <base_models.logistic_regression.LogisticRegressionModel object at 0x0000024A7F5916D0>
2025-05-27 01:31:19 [INFO] base_models.logistic_regression:57 - LogisticRegression final iteration 0, max_iter=850, learning_rate = 0.00707
2025-05-27 01:31:20 [INFO] base_models.logistic_regression:57 - LogisticRegression final iteration 849, max_iter=850, learning_rate = 0.00707
2025-05-27 01:31:20 [INFO] adaboost.adaboost:25 - model is <base_models.logistic_regression.LogisticRegressionModel object at 0x0000024A7F591730>
2025-05-27 01:31:20 [INFO] base_models.logistic_regression:57 - LogisticRegression final iteration 0, max_iter=850, learning_rate = 0.00707
2025-05-27 01:31:21 [INFO] base_models.logistic_regression:57 - LogisticRegression final iteration 849, max_iter=850, learning_rate = 0.00707
2025-05-27 01:31:21 [INFO] adaboost.adaboost:25 - model is <base_models.logistic_regression.LogisticRegressionModel object at 0x0000024A7F591790>
2025-05-27 01:31:21 [INFO] base_models.logistic_regression:57 - LogisticRegression final iteration 0, max_iter=850, learning_rate = 0.00707
2025-05-27 01:31:22 [INFO] base_models.logistic_regression:57 - LogisticRegression final iteration 849, max_iter=850, learning_rate = 0.00707
2025-05-27 01:31:22 [INFO] adaboost.adaboost:25 - model is <base_models.logistic_regression.LogisticRegressionModel object at 0x0000024A7F5917F0>
2025-05-27 01:31:22 [INFO] base_models.logistic_regression:57 - LogisticRegression final iteration 0, max_iter=850, learning_rate = 0.00707
2025-05-27 01:31:23 [INFO] base_models.logistic_regression:57 - LogisticRegression final iteration 849, max_iter=850, learning_rate = 0.00707
2025-05-27 01:31:23 [INFO] adaboost.adaboost:25 - model is <base_models.logistic_regression.LogisticRegressionModel object at 0x0000024A7F591850>
2025-05-27 01:31:23 [INFO] base_models.logistic_regression:57 - LogisticRegression final iteration 0, max_iter=850, learning_rate = 0.00707
2025-05-27 01:31:24 [INFO] base_models.logistic_regression:57 - LogisticRegression final iteration 849, max_iter=850, learning_rate = 0.00707
2025-05-27 01:31:24 [INFO] adaboost.adaboost:25 - model is <base_models.logistic_regression.LogisticRegressionModel object at 0x0000024A7F5918B0>
2025-05-27 01:31:24 [INFO] base_models.logistic_regression:57 - LogisticRegression final iteration 0, max_iter=850, learning_rate = 0.00707
2025-05-27 01:31:25 [INFO] base_models.logistic_regression:57 - LogisticRegression final iteration 849, max_iter=850, learning_rate = 0.00707
2025-05-27 01:31:25 [INFO] adaboost.adaboost:25 - model is <base_models.logistic_regression.LogisticRegressionModel object at 0x0000024A7F591910>
2025-05-27 01:31:25 [INFO] base_models.logistic_regression:57 - LogisticRegression final iteration 0, max_iter=850, learning_rate = 0.00707
2025-05-27 01:31:26 [INFO] base_models.logistic_regression:57 - LogisticRegression final iteration 849, max_iter=850, learning_rate = 0.00707
2025-05-27 01:31:26 [INFO] adaboost.adaboost:25 - model is <base_models.logistic_regression.LogisticRegressionModel object at 0x0000024A7F591970>
2025-05-27 01:31:26 [INFO] base_models.logistic_regression:57 - LogisticRegression final iteration 0, max_iter=850, learning_rate = 0.00707
2025-05-27 01:31:27 [INFO] base_models.logistic_regression:57 - LogisticRegression final iteration 849, max_iter=850, learning_rate = 0.00707
2025-05-27 01:31:27 [INFO] adaboost.adaboost:25 - model is <base_models.logistic_regression.LogisticRegressionModel object at 0x0000024A7F5919D0>
2025-05-27 01:31:27 [INFO] base_models.logistic_regression:57 - LogisticRegression final iteration 0, max_iter=850, learning_rate = 0.00707
2025-05-27 01:31:28 [INFO] base_models.logistic_regression:57 - LogisticRegression final iteration 849, max_iter=850, learning_rate = 0.00707
2025-05-27 01:31:28 [INFO] adaboost.adaboost:25 - model is <base_models.logistic_regression.LogisticRegressionModel object at 0x0000024A7F591A30>
2025-05-27 01:31:28 [INFO] base_models.logistic_regression:57 - LogisticRegression final iteration 0, max_iter=850, learning_rate = 0.00707
2025-05-27 01:31:29 [INFO] base_models.logistic_regression:57 - LogisticRegression final iteration 849, max_iter=850, learning_rate = 0.00707
2025-05-27 01:31:29 [INFO] adaboost.adaboost:25 - model is <base_models.logistic_regression.LogisticRegressionModel object at 0x0000024A7F591A90>
2025-05-27 01:31:29 [INFO] base_models.logistic_regression:57 - LogisticRegression final iteration 0, max_iter=850, learning_rate = 0.00707
2025-05-27 01:31:31 [INFO] base_models.logistic_regression:57 - LogisticRegression final iteration 849, max_iter=850, learning_rate = 0.00707
2025-05-27 01:31:31 [INFO] adaboost.adaboost:25 - model is <base_models.logistic_regression.LogisticRegressionModel object at 0x0000024A7F591AF0>
2025-05-27 01:31:31 [INFO] base_models.logistic_regression:57 - LogisticRegression final iteration 0, max_iter=850, learning_rate = 0.00707
2025-05-27 01:31:32 [INFO] base_models.logistic_regression:57 - LogisticRegression final iteration 849, max_iter=850, learning_rate = 0.00707
2025-05-27 01:31:32 [INFO] adaboost.adaboost:25 - model is <base_models.logistic_regression.LogisticRegressionModel object at 0x0000024A7F591B50>
2025-05-27 01:31:32 [INFO] base_models.logistic_regression:57 - LogisticRegression final iteration 0, max_iter=850, learning_rate = 0.00707
2025-05-27 01:31:32 [INFO] base_models.logistic_regression:57 - LogisticRegression final iteration 849, max_iter=850, learning_rate = 0.00707
2025-05-27 01:31:32 [INFO] adaboost.adaboost:25 - model is <base_models.logistic_regression.LogisticRegressionModel object at 0x0000024A7F591BB0>
2025-05-27 01:31:32 [INFO] base_models.logistic_regression:57 - LogisticRegression final iteration 0, max_iter=850, learning_rate = 0.00707
2025-05-27 01:31:33 [INFO] base_models.logistic_regression:57 - LogisticRegression final iteration 849, max_iter=850, learning_rate = 0.00707
2025-05-27 01:31:33 [INFO] adaboost.adaboost:25 - model is <base_models.logistic_regression.LogisticRegressionModel object at 0x0000024A7F591C40>
2025-05-27 01:31:33 [INFO] base_models.logistic_regression:57 - LogisticRegression final iteration 0, max_iter=850, learning_rate = 0.00707
2025-05-27 01:31:35 [INFO] base_models.logistic_regression:57 - LogisticRegression final iteration 849, max_iter=850, learning_rate = 0.00707
2025-05-27 01:31:35 [INFO] adaboost.adaboost:25 - model is <base_models.logistic_regression.LogisticRegressionModel object at 0x0000024A7F591D30>
2025-05-27 01:31:35 [INFO] base_models.logistic_regression:57 - LogisticRegression final iteration 0, max_iter=850, learning_rate = 0.00707
2025-05-27 01:31:36 [INFO] base_models.logistic_regression:57 - LogisticRegression final iteration 849, max_iter=850, learning_rate = 0.00707
2025-05-27 01:31:36 [INFO] adaboost.adaboost:25 - model is <base_models.logistic_regression.LogisticRegressionModel object at 0x0000024A7F591D90>
2025-05-27 01:31:36 [INFO] base_models.logistic_regression:57 - LogisticRegression final iteration 0, max_iter=850, learning_rate = 0.00707
2025-05-27 01:31:37 [INFO] base_models.logistic_regression:57 - LogisticRegression final iteration 849, max_iter=850, learning_rate = 0.00707
2025-05-27 01:31:37 [INFO] adaboost.adaboost:25 - model is <base_models.logistic_regression.LogisticRegressionModel object at 0x0000024A7F591DF0>
2025-05-27 01:31:37 [INFO] base_models.logistic_regression:57 - LogisticRegression final iteration 0, max_iter=850, learning_rate = 0.00707
2025-05-27 01:31:38 [INFO] base_models.logistic_regression:57 - LogisticRegression final iteration 849, max_iter=850, learning_rate = 0.00707
2025-05-27 01:31:38 [INFO] adaboost.adaboost:25 - model is <base_models.logistic_regression.LogisticRegressionModel object at 0x0000024A7F591E50>
2025-05-27 01:31:38 [INFO] base_models.logistic_regression:57 - LogisticRegression final iteration 0, max_iter=850, learning_rate = 0.00707
2025-05-27 01:31:39 [INFO] base_models.logistic_regression:57 - LogisticRegression final iteration 849, max_iter=850, learning_rate = 0.00707
2025-05-27 01:31:39 [INFO] adaboost.adaboost:25 - model is <base_models.logistic_regression.LogisticRegressionModel object at 0x0000024A7F591EB0>
2025-05-27 01:31:39 [INFO] base_models.logistic_regression:57 - LogisticRegression final iteration 0, max_iter=850, learning_rate = 0.00707
2025-05-27 01:31:39 [INFO] base_models.logistic_regression:57 - LogisticRegression final iteration 849, max_iter=850, learning_rate = 0.00707
2025-05-27 01:31:40 [INFO] adaboost.adaboost:25 - model is <base_models.logistic_regression.LogisticRegressionModel object at 0x0000024A7F591F10>
2025-05-27 01:31:40 [INFO] base_models.logistic_regression:57 - LogisticRegression final iteration 0, max_iter=850, learning_rate = 0.00707
2025-05-27 01:31:41 [INFO] base_models.logistic_regression:57 - LogisticRegression final iteration 849, max_iter=850, learning_rate = 0.00707
2025-05-27 01:31:41 [INFO] adaboost.adaboost:25 - model is <base_models.logistic_regression.LogisticRegressionModel object at 0x0000024A7F591F70>
2025-05-27 01:31:41 [INFO] base_models.logistic_regression:57 - LogisticRegression final iteration 0, max_iter=850, learning_rate = 0.00707
2025-05-27 01:31:41 [INFO] base_models.logistic_regression:57 - LogisticRegression final iteration 849, max_iter=850, learning_rate = 0.00707
2025-05-27 01:31:41 [INFO] adaboost.adaboost:25 - model is <base_models.logistic_regression.LogisticRegressionModel object at 0x0000024A7F591FD0>
2025-05-27 01:31:41 [INFO] base_models.logistic_regression:57 - LogisticRegression final iteration 0, max_iter=850, learning_rate = 0.00707
2025-05-27 01:31:42 [INFO] base_models.logistic_regression:57 - LogisticRegression final iteration 849, max_iter=850, learning_rate = 0.00707
2025-05-27 01:31:42 [INFO] adaboost.adaboost:25 - model is <base_models.logistic_regression.LogisticRegressionModel object at 0x0000024A7F591220>
2025-05-27 01:31:42 [INFO] base_models.logistic_regression:57 - LogisticRegression final iteration 0, max_iter=850, learning_rate = 0.00707
2025-05-27 01:31:43 [INFO] base_models.logistic_regression:57 - LogisticRegression final iteration 849, max_iter=850, learning_rate = 0.00707
2025-05-27 01:31:43 [INFO] adaboost.adaboost:25 - model is <base_models.logistic_regression.LogisticRegressionModel object at 0x0000024A7F591340>
2025-05-27 01:31:43 [INFO] base_models.logistic_regression:57 - LogisticRegression final iteration 0, max_iter=850, learning_rate = 0.00707
2025-05-27 01:31:44 [INFO] base_models.logistic_regression:57 - LogisticRegression final iteration 849, max_iter=850, learning_rate = 0.00707
2025-05-27 01:31:44 [INFO] adaboost.adaboost:25 - model is <base_models.logistic_regression.LogisticRegressionModel object at 0x0000024A7F5914C0>
2025-05-27 01:31:44 [INFO] base_models.logistic_regression:57 - LogisticRegression final iteration 0, max_iter=850, learning_rate = 0.00707
2025-05-27 01:31:45 [INFO] base_models.logistic_regression:57 - LogisticRegression final iteration 849, max_iter=850, learning_rate = 0.00707
2025-05-27 01:31:45 [INFO] adaboost.adaboost:25 - model is <base_models.logistic_regression.LogisticRegressionModel object at 0x0000024A7F5913D0>
2025-05-27 01:31:45 [INFO] base_models.logistic_regression:57 - LogisticRegression final iteration 0, max_iter=850, learning_rate = 0.00707
2025-05-27 01:31:46 [INFO] base_models.logistic_regression:57 - LogisticRegression final iteration 849, max_iter=850, learning_rate = 0.00707
2025-05-27 01:31:46 [INFO] adaboost.adaboost:25 - model is <base_models.logistic_regression.LogisticRegressionModel object at 0x0000024A7F5915B0>
2025-05-27 01:31:46 [INFO] base_models.logistic_regression:57 - LogisticRegression final iteration 0, max_iter=850, learning_rate = 0.00707
2025-05-27 01:31:47 [INFO] base_models.logistic_regression:57 - LogisticRegression final iteration 849, max_iter=850, learning_rate = 0.00707
2025-05-27 01:31:47 [INFO] adaboost.adaboost:25 - model is <base_models.logistic_regression.LogisticRegressionModel object at 0x0000024A7F591610>
2025-05-27 01:31:47 [INFO] base_models.logistic_regression:57 - LogisticRegression final iteration 0, max_iter=850, learning_rate = 0.00707
2025-05-27 01:31:48 [INFO] base_models.logistic_regression:57 - LogisticRegression final iteration 849, max_iter=850, learning_rate = 0.00707
2025-05-27 01:31:48 [INFO] adaboost.adaboost:25 - model is <base_models.logistic_regression.LogisticRegressionModel object at 0x0000024A7F591670>
2025-05-27 01:31:48 [INFO] base_models.logistic_regression:57 - LogisticRegression final iteration 0, max_iter=850, learning_rate = 0.00707
2025-05-27 01:31:49 [INFO] base_models.logistic_regression:57 - LogisticRegression final iteration 849, max_iter=850, learning_rate = 0.00707
2025-05-27 01:31:49 [INFO] adaboost.adaboost:25 - model is <base_models.logistic_regression.LogisticRegressionModel object at 0x0000024A2249A220>
2025-05-27 01:31:49 [INFO] base_models.logistic_regression:57 - LogisticRegression final iteration 0, max_iter=850, learning_rate = 0.00707
2025-05-27 01:31:50 [INFO] base_models.logistic_regression:57 - LogisticRegression final iteration 849, max_iter=850, learning_rate = 0.00707
2025-05-27 01:31:50 [INFO] adaboost.adaboost:25 - model is <base_models.logistic_regression.LogisticRegressionModel object at 0x0000024A2249A040>
2025-05-27 01:31:50 [INFO] base_models.logistic_regression:57 - LogisticRegression final iteration 0, max_iter=850, learning_rate = 0.00707
2025-05-27 01:31:51 [INFO] base_models.logistic_regression:57 - LogisticRegression final iteration 849, max_iter=850, learning_rate = 0.00707
2025-05-27 01:31:51 [INFO] adaboost.adaboost:25 - model is <base_models.logistic_regression.LogisticRegressionModel object at 0x0000024A2249A0A0>
2025-05-27 01:31:51 [INFO] base_models.logistic_regression:57 - LogisticRegression final iteration 0, max_iter=850, learning_rate = 0.00707
2025-05-27 01:31:52 [INFO] base_models.logistic_regression:57 - LogisticRegression final iteration 849, max_iter=850, learning_rate = 0.00707
2025-05-27 01:31:52 [INFO] adaboost.adaboost:25 - model is <base_models.logistic_regression.LogisticRegressionModel object at 0x0000024A2249A100>
2025-05-27 01:31:52 [INFO] base_models.logistic_regression:57 - LogisticRegression final iteration 0, max_iter=850, learning_rate = 0.00707
2025-05-27 01:31:53 [INFO] base_models.logistic_regression:57 - LogisticRegression final iteration 849, max_iter=850, learning_rate = 0.00707
2025-05-27 01:31:53 [INFO] adaboost.adaboost:25 - model is <base_models.logistic_regression.LogisticRegressionModel object at 0x0000024A2249A160>
2025-05-27 01:31:53 [INFO] base_models.logistic_regression:57 - LogisticRegression final iteration 0, max_iter=850, learning_rate = 0.00707
2025-05-27 01:31:54 [INFO] base_models.logistic_regression:57 - LogisticRegression final iteration 849, max_iter=850, learning_rate = 0.00707
2025-05-27 01:31:54 [INFO] adaboost.adaboost:25 - model is <base_models.logistic_regression.LogisticRegressionModel object at 0x0000024A7F555670>
2025-05-27 01:31:54 [INFO] base_models.logistic_regression:57 - LogisticRegression final iteration 0, max_iter=850, learning_rate = 0.00707
2025-05-27 01:31:55 [INFO] base_models.logistic_regression:57 - LogisticRegression final iteration 849, max_iter=850, learning_rate = 0.00707
2025-05-27 01:31:55 [INFO] adaboost.adaboost:25 - model is <base_models.logistic_regression.LogisticRegressionModel object at 0x0000024A7F5211F0>
2025-05-27 01:31:55 [INFO] base_models.logistic_regression:57 - LogisticRegression final iteration 0, max_iter=850, learning_rate = 0.00707
2025-05-27 01:31:56 [INFO] base_models.logistic_regression:57 - LogisticRegression final iteration 849, max_iter=850, learning_rate = 0.00707
2025-05-27 01:31:56 [INFO] adaboost.adaboost:25 - model is <base_models.logistic_regression.LogisticRegressionModel object at 0x0000024A78DC5C70>
2025-05-27 01:31:56 [INFO] base_models.logistic_regression:57 - LogisticRegression final iteration 0, max_iter=850, learning_rate = 0.00707
2025-05-27 01:31:57 [INFO] base_models.logistic_regression:57 - LogisticRegression final iteration 849, max_iter=850, learning_rate = 0.00707
2025-05-27 01:31:57 [INFO] adaboost.adaboost:25 - model is <base_models.logistic_regression.LogisticRegressionModel object at 0x0000024A7F4FFC40>
2025-05-27 01:31:57 [INFO] base_models.logistic_regression:57 - LogisticRegression final iteration 0, max_iter=850, learning_rate = 0.00707
2025-05-27 01:31:58 [INFO] base_models.logistic_regression:57 - LogisticRegression final iteration 849, max_iter=850, learning_rate = 0.00707
2025-05-27 01:31:58 [INFO] adaboost.adaboost:25 - model is <base_models.logistic_regression.LogisticRegressionModel object at 0x0000024A22492F10>
2025-05-27 01:31:58 [INFO] base_models.logistic_regression:57 - LogisticRegression final iteration 0, max_iter=850, learning_rate = 0.00707
2025-05-27 01:31:59 [INFO] base_models.logistic_regression:57 - LogisticRegression final iteration 849, max_iter=850, learning_rate = 0.00707
2025-05-27 01:31:59 [INFO] adaboost.adaboost:25 - model is <base_models.logistic_regression.LogisticRegressionModel object at 0x0000024A22492F70>
2025-05-27 01:31:59 [INFO] base_models.logistic_regression:57 - LogisticRegression final iteration 0, max_iter=850, learning_rate = 0.00707
2025-05-27 01:32:00 [INFO] base_models.logistic_regression:57 - LogisticRegression final iteration 849, max_iter=850, learning_rate = 0.00707
2025-05-27 01:32:00 [INFO] adaboost.adaboost:25 - model is <base_models.logistic_regression.LogisticRegressionModel object at 0x0000024A7F5122E0>
2025-05-27 01:32:00 [INFO] base_models.logistic_regression:57 - LogisticRegression final iteration 0, max_iter=850, learning_rate = 0.00707
2025-05-27 01:32:01 [INFO] base_models.logistic_regression:57 - LogisticRegression final iteration 849, max_iter=850, learning_rate = 0.00707
2025-05-27 01:32:01 [INFO] adaboost.adaboost:25 - model is <base_models.logistic_regression.LogisticRegressionModel object at 0x0000024A22F17070>
2025-05-27 01:32:01 [INFO] base_models.logistic_regression:57 - LogisticRegression final iteration 0, max_iter=850, learning_rate = 0.00707
2025-05-27 01:32:02 [INFO] base_models.logistic_regression:57 - LogisticRegression final iteration 849, max_iter=850, learning_rate = 0.00707
2025-05-27 01:32:02 [INFO] adaboost.adaboost:25 - model is <base_models.logistic_regression.LogisticRegressionModel object at 0x0000024A22F17190>
2025-05-27 01:32:02 [INFO] base_models.logistic_regression:57 - LogisticRegression final iteration 0, max_iter=850, learning_rate = 0.00707
2025-05-27 01:32:03 [INFO] base_models.logistic_regression:57 - LogisticRegression final iteration 849, max_iter=850, learning_rate = 0.00707
2025-05-27 01:32:03 [INFO] adaboost.adaboost:25 - model is <base_models.logistic_regression.LogisticRegressionModel object at 0x0000024A22F171F0>
2025-05-27 01:32:03 [INFO] base_models.logistic_regression:57 - LogisticRegression final iteration 0, max_iter=850, learning_rate = 0.00707
2025-05-27 01:32:04 [INFO] base_models.logistic_regression:57 - LogisticRegression final iteration 849, max_iter=850, learning_rate = 0.00707
2025-05-27 01:32:04 [INFO] adaboost.adaboost:25 - model is <base_models.logistic_regression.LogisticRegressionModel object at 0x0000024A22F172B0>
2025-05-27 01:32:04 [INFO] base_models.logistic_regression:57 - LogisticRegression final iteration 0, max_iter=850, learning_rate = 0.00707
2025-05-27 01:32:05 [INFO] base_models.logistic_regression:57 - LogisticRegression final iteration 849, max_iter=850, learning_rate = 0.00707
2025-05-27 01:32:05 [INFO] adaboost.adaboost:25 - model is <base_models.logistic_regression.LogisticRegressionModel object at 0x0000024A22F173D0>
2025-05-27 01:32:05 [INFO] base_models.logistic_regression:57 - LogisticRegression final iteration 0, max_iter=850, learning_rate = 0.00707
2025-05-27 01:32:06 [INFO] base_models.logistic_regression:57 - LogisticRegression final iteration 849, max_iter=850, learning_rate = 0.00707
2025-05-27 01:32:06 [INFO] adaboost.adaboost:25 - model is <base_models.logistic_regression.LogisticRegressionModel object at 0x0000024A22F17430>
2025-05-27 01:32:06 [INFO] base_models.logistic_regression:57 - LogisticRegression final iteration 0, max_iter=850, learning_rate = 0.00707
2025-05-27 01:32:07 [INFO] base_models.logistic_regression:57 - LogisticRegression final iteration 849, max_iter=850, learning_rate = 0.00707
2025-05-27 01:32:07 [INFO] adaboost.adaboost:25 - model is <base_models.logistic_regression.LogisticRegressionModel object at 0x0000024A22F17490>
2025-05-27 01:32:07 [INFO] base_models.logistic_regression:57 - LogisticRegression final iteration 0, max_iter=850, learning_rate = 0.00707
2025-05-27 01:32:08 [INFO] base_models.logistic_regression:57 - LogisticRegression final iteration 849, max_iter=850, learning_rate = 0.00707
2025-05-27 01:32:08 [INFO] adaboost.adaboost:25 - model is <base_models.logistic_regression.LogisticRegressionModel object at 0x0000024A22F174F0>
2025-05-27 01:32:08 [INFO] base_models.logistic_regression:57 - LogisticRegression final iteration 0, max_iter=850, learning_rate = 0.00707
2025-05-27 01:32:09 [INFO] base_models.logistic_regression:57 - LogisticRegression final iteration 849, max_iter=850, learning_rate = 0.00707
2025-05-27 01:32:09 [INFO] adaboost.adaboost:25 - model is <base_models.logistic_regression.LogisticRegressionModel object at 0x0000024A22F17550>
2025-05-27 01:32:09 [INFO] base_models.logistic_regression:57 - LogisticRegression final iteration 0, max_iter=850, learning_rate = 0.00707
2025-05-27 01:32:10 [INFO] base_models.logistic_regression:57 - LogisticRegression final iteration 849, max_iter=850, learning_rate = 0.00707
2025-05-27 01:32:10 [INFO] adaboost.adaboost:25 - model is <base_models.logistic_regression.LogisticRegressionModel object at 0x0000024A22F175B0>
2025-05-27 01:32:10 [INFO] base_models.logistic_regression:57 - LogisticRegression final iteration 0, max_iter=850, learning_rate = 0.00707
2025-05-27 01:32:11 [INFO] base_models.logistic_regression:57 - LogisticRegression final iteration 849, max_iter=850, learning_rate = 0.00707
2025-05-27 01:32:11 [INFO] adaboost.adaboost:25 - model is <base_models.logistic_regression.LogisticRegressionModel object at 0x0000024A22F17610>
2025-05-27 01:32:11 [INFO] base_models.logistic_regression:57 - LogisticRegression final iteration 0, max_iter=850, learning_rate = 0.00707
2025-05-27 01:32:12 [INFO] base_models.logistic_regression:57 - LogisticRegression final iteration 849, max_iter=850, learning_rate = 0.00707
2025-05-27 01:32:12 [INFO] adaboost.adaboost:25 - model is <base_models.logistic_regression.LogisticRegressionModel object at 0x0000024A22F17670>
2025-05-27 01:32:12 [INFO] base_models.logistic_regression:57 - LogisticRegression final iteration 0, max_iter=850, learning_rate = 0.00707
2025-05-27 01:32:13 [INFO] base_models.logistic_regression:57 - LogisticRegression final iteration 849, max_iter=850, learning_rate = 0.00707
2025-05-27 01:32:13 [INFO] adaboost.adaboost:25 - model is <base_models.logistic_regression.LogisticRegressionModel object at 0x0000024A22F176D0>
2025-05-27 01:32:13 [INFO] base_models.logistic_regression:57 - LogisticRegression final iteration 0, max_iter=850, learning_rate = 0.00707
2025-05-27 01:32:14 [INFO] base_models.logistic_regression:57 - LogisticRegression final iteration 849, max_iter=850, learning_rate = 0.00707
2025-05-27 01:32:14 [INFO] adaboost.adaboost:25 - model is <base_models.logistic_regression.LogisticRegressionModel object at 0x0000024A22F17730>
2025-05-27 01:32:14 [INFO] base_models.logistic_regression:57 - LogisticRegression final iteration 0, max_iter=850, learning_rate = 0.00707
2025-05-27 01:32:15 [INFO] base_models.logistic_regression:57 - LogisticRegression final iteration 849, max_iter=850, learning_rate = 0.00707
2025-05-27 01:32:15 [INFO] adaboost.adaboost:25 - model is <base_models.logistic_regression.LogisticRegressionModel object at 0x0000024A22F17790>
2025-05-27 01:32:15 [INFO] base_models.logistic_regression:57 - LogisticRegression final iteration 0, max_iter=850, learning_rate = 0.00707
2025-05-27 01:32:17 [INFO] base_models.logistic_regression:57 - LogisticRegression final iteration 849, max_iter=850, learning_rate = 0.00707
2025-05-27 01:32:17 [INFO] adaboost.adaboost:25 - model is <base_models.logistic_regression.LogisticRegressionModel object at 0x0000024A22F177F0>
2025-05-27 01:32:17 [INFO] base_models.logistic_regression:57 - LogisticRegression final iteration 0, max_iter=850, learning_rate = 0.00707
2025-05-27 01:32:18 [INFO] base_models.logistic_regression:57 - LogisticRegression final iteration 849, max_iter=850, learning_rate = 0.00707
2025-05-27 01:32:18 [INFO] adaboost.adaboost:25 - model is <base_models.logistic_regression.LogisticRegressionModel object at 0x0000024A22F17850>
2025-05-27 01:32:18 [INFO] base_models.logistic_regression:57 - LogisticRegression final iteration 0, max_iter=850, learning_rate = 0.00707
2025-05-27 01:32:19 [INFO] base_models.logistic_regression:57 - LogisticRegression final iteration 849, max_iter=850, learning_rate = 0.00707
2025-05-27 01:32:19 [INFO] adaboost.adaboost:25 - model is <base_models.logistic_regression.LogisticRegressionModel object at 0x0000024A22F178B0>
2025-05-27 01:32:19 [INFO] base_models.logistic_regression:57 - LogisticRegression final iteration 0, max_iter=850, learning_rate = 0.00707
2025-05-27 01:32:20 [INFO] base_models.logistic_regression:57 - LogisticRegression final iteration 849, max_iter=850, learning_rate = 0.00707
2025-05-27 01:32:20 [INFO] adaboost.adaboost:25 - model is <base_models.logistic_regression.LogisticRegressionModel object at 0x0000024A22F17910>
2025-05-27 01:32:20 [INFO] base_models.logistic_regression:57 - LogisticRegression final iteration 0, max_iter=850, learning_rate = 0.00707
2025-05-27 01:32:21 [INFO] base_models.logistic_regression:57 - LogisticRegression final iteration 849, max_iter=850, learning_rate = 0.00707
2025-05-27 01:32:21 [INFO] adaboost.adaboost:25 - model is <base_models.logistic_regression.LogisticRegressionModel object at 0x0000024A22F17970>
2025-05-27 01:32:21 [INFO] base_models.logistic_regression:57 - LogisticRegression final iteration 0, max_iter=850, learning_rate = 0.00707
2025-05-27 01:32:22 [INFO] base_models.logistic_regression:57 - LogisticRegression final iteration 849, max_iter=850, learning_rate = 0.00707
2025-05-27 01:32:22 [INFO] adaboost.adaboost:25 - model is <base_models.logistic_regression.LogisticRegressionModel object at 0x0000024A22F179D0>
2025-05-27 01:32:22 [INFO] base_models.logistic_regression:57 - LogisticRegression final iteration 0, max_iter=850, learning_rate = 0.00707
2025-05-27 01:32:23 [INFO] base_models.logistic_regression:57 - LogisticRegression final iteration 849, max_iter=850, learning_rate = 0.00707
2025-05-27 01:32:23 [INFO] adaboost.adaboost:25 - model is <base_models.logistic_regression.LogisticRegressionModel object at 0x0000024A22F17A30>
2025-05-27 01:32:23 [INFO] base_models.logistic_regression:57 - LogisticRegression final iteration 0, max_iter=850, learning_rate = 0.00707
2025-05-27 01:32:24 [INFO] base_models.logistic_regression:57 - LogisticRegression final iteration 849, max_iter=850, learning_rate = 0.00707
2025-05-27 01:32:24 [INFO] adaboost.adaboost:25 - model is <base_models.logistic_regression.LogisticRegressionModel object at 0x0000024A22F17A90>
2025-05-27 01:32:24 [INFO] base_models.logistic_regression:57 - LogisticRegression final iteration 0, max_iter=850, learning_rate = 0.00707
2025-05-27 01:32:25 [INFO] base_models.logistic_regression:57 - LogisticRegression final iteration 849, max_iter=850, learning_rate = 0.00707
2025-05-27 01:32:25 [INFO] adaboost.adaboost:25 - model is <base_models.logistic_regression.LogisticRegressionModel object at 0x0000024A22F17AF0>
2025-05-27 01:32:25 [INFO] base_models.logistic_regression:57 - LogisticRegression final iteration 0, max_iter=850, learning_rate = 0.00707
2025-05-27 01:32:26 [INFO] base_models.logistic_regression:57 - LogisticRegression final iteration 849, max_iter=850, learning_rate = 0.00707
2025-05-27 01:32:26 [INFO] adaboost.adaboost:25 - model is <base_models.logistic_regression.LogisticRegressionModel object at 0x0000024A22F17B50>
2025-05-27 01:32:26 [INFO] base_models.logistic_regression:57 - LogisticRegression final iteration 0, max_iter=850, learning_rate = 0.00707
2025-05-27 01:32:27 [INFO] base_models.logistic_regression:57 - LogisticRegression final iteration 849, max_iter=850, learning_rate = 0.00707
2025-05-27 01:32:27 [INFO] adaboost.adaboost:25 - model is <base_models.logistic_regression.LogisticRegressionModel object at 0x0000024A22F17BB0>
2025-05-27 01:32:27 [INFO] base_models.logistic_regression:57 - LogisticRegression final iteration 0, max_iter=850, learning_rate = 0.00707
2025-05-27 01:32:28 [INFO] base_models.logistic_regression:57 - LogisticRegression final iteration 849, max_iter=850, learning_rate = 0.00707
2025-05-27 01:32:28 [INFO] adaboost.adaboost:25 - model is <base_models.logistic_regression.LogisticRegressionModel object at 0x0000024A22F17C40>
2025-05-27 01:32:28 [INFO] base_models.logistic_regression:57 - LogisticRegression final iteration 0, max_iter=850, learning_rate = 0.00707
2025-05-27 01:32:29 [INFO] base_models.logistic_regression:57 - LogisticRegression final iteration 849, max_iter=850, learning_rate = 0.00707
2025-05-27 01:32:29 [INFO] adaboost.adaboost:25 - model is <base_models.logistic_regression.LogisticRegressionModel object at 0x0000024A22F17CA0>
2025-05-27 01:32:29 [INFO] base_models.logistic_regression:57 - LogisticRegression final iteration 0, max_iter=850, learning_rate = 0.00707
2025-05-27 01:32:30 [INFO] base_models.logistic_regression:57 - LogisticRegression final iteration 849, max_iter=850, learning_rate = 0.00707
2025-05-27 01:32:30 [INFO] adaboost.adaboost:25 - model is <base_models.logistic_regression.LogisticRegressionModel object at 0x0000024A22F17D00>
2025-05-27 01:32:30 [INFO] base_models.logistic_regression:57 - LogisticRegression final iteration 0, max_iter=850, learning_rate = 0.00707
2025-05-27 01:32:31 [INFO] base_models.logistic_regression:57 - LogisticRegression final iteration 849, max_iter=850, learning_rate = 0.00707
2025-05-27 01:32:31 [INFO] adaboost.adaboost:25 - model is <base_models.logistic_regression.LogisticRegressionModel object at 0x0000024A22F17D60>
2025-05-27 01:32:31 [INFO] base_models.logistic_regression:57 - LogisticRegression final iteration 0, max_iter=850, learning_rate = 0.00707
2025-05-27 01:32:32 [INFO] base_models.logistic_regression:57 - LogisticRegression final iteration 849, max_iter=850, learning_rate = 0.00707
2025-05-27 01:32:32 [INFO] adaboost.adaboost:25 - model is <base_models.logistic_regression.LogisticRegressionModel object at 0x0000024A22F17DC0>
2025-05-27 01:32:32 [INFO] base_models.logistic_regression:57 - LogisticRegression final iteration 0, max_iter=850, learning_rate = 0.00707
2025-05-27 01:32:33 [INFO] base_models.logistic_regression:57 - LogisticRegression final iteration 849, max_iter=850, learning_rate = 0.00707
2025-05-27 01:32:33 [INFO] adaboost.adaboost:25 - model is <base_models.logistic_regression.LogisticRegressionModel object at 0x0000024A22F17E20>
2025-05-27 01:32:33 [INFO] base_models.logistic_regression:57 - LogisticRegression final iteration 0, max_iter=850, learning_rate = 0.00707
2025-05-27 01:32:34 [INFO] base_models.logistic_regression:57 - LogisticRegression final iteration 849, max_iter=850, learning_rate = 0.00707
2025-05-27 01:32:34 [INFO] adaboost.adaboost:25 - model is <base_models.logistic_regression.LogisticRegressionModel object at 0x0000024A22F17E80>
2025-05-27 01:32:34 [INFO] base_models.logistic_regression:57 - LogisticRegression final iteration 0, max_iter=850, learning_rate = 0.00707
2025-05-27 01:32:35 [INFO] base_models.logistic_regression:57 - LogisticRegression final iteration 849, max_iter=850, learning_rate = 0.00707
2025-05-27 01:32:35 [INFO] adaboost.adaboost:25 - model is <base_models.logistic_regression.LogisticRegressionModel object at 0x0000024A22F17EE0>
2025-05-27 01:32:35 [INFO] base_models.logistic_regression:57 - LogisticRegression final iteration 0, max_iter=850, learning_rate = 0.00707
2025-05-27 01:32:36 [INFO] base_models.logistic_regression:57 - LogisticRegression final iteration 849, max_iter=850, learning_rate = 0.00707
2025-05-27 01:32:36 [INFO] adaboost.adaboost:25 - model is <base_models.logistic_regression.LogisticRegressionModel object at 0x0000024A22F17F40>
2025-05-27 01:32:36 [INFO] base_models.logistic_regression:57 - LogisticRegression final iteration 0, max_iter=850, learning_rate = 0.00707
2025-05-27 01:32:37 [INFO] base_models.logistic_regression:57 - LogisticRegression final iteration 849, max_iter=850, learning_rate = 0.00707
2025-05-27 01:32:37 [INFO] adaboost.adaboost:25 - model is <base_models.logistic_regression.LogisticRegressionModel object at 0x0000024A22F17FA0>
2025-05-27 01:32:37 [INFO] base_models.logistic_regression:57 - LogisticRegression final iteration 0, max_iter=850, learning_rate = 0.00707
2025-05-27 01:32:38 [INFO] base_models.logistic_regression:57 - LogisticRegression final iteration 849, max_iter=850, learning_rate = 0.00707
2025-05-27 01:32:38 [INFO] adaboost.adaboost:25 - model is <base_models.logistic_regression.LogisticRegressionModel object at 0x0000024A22F170A0>
2025-05-27 01:32:38 [INFO] base_models.logistic_regression:57 - LogisticRegression final iteration 0, max_iter=850, learning_rate = 0.00707
2025-05-27 01:32:39 [INFO] base_models.logistic_regression:57 - LogisticRegression final iteration 849, max_iter=850, learning_rate = 0.00707
2025-05-27 01:32:39 [INFO] adaboost.adaboost:25 - model is <base_models.logistic_regression.LogisticRegressionModel object at 0x0000024A22F17220>
2025-05-27 01:32:39 [INFO] base_models.logistic_regression:57 - LogisticRegression final iteration 0, max_iter=850, learning_rate = 0.00707
2025-05-27 01:32:41 [INFO] base_models.logistic_regression:57 - LogisticRegression final iteration 849, max_iter=850, learning_rate = 0.00707
2025-05-27 01:32:41 [INFO] adaboost.adaboost:25 - model is <base_models.logistic_regression.LogisticRegressionModel object at 0x0000024A22F17130>
2025-05-27 01:32:41 [INFO] base_models.logistic_regression:57 - LogisticRegression final iteration 0, max_iter=850, learning_rate = 0.00707
2025-05-27 01:32:42 [INFO] base_models.logistic_regression:57 - LogisticRegression final iteration 849, max_iter=850, learning_rate = 0.00707
2025-05-27 01:32:42 [INFO] adaboost.adaboost:25 - model is <base_models.logistic_regression.LogisticRegressionModel object at 0x0000024A22F17310>
2025-05-27 01:32:42 [INFO] base_models.logistic_regression:57 - LogisticRegression final iteration 0, max_iter=850, learning_rate = 0.00707
2025-05-27 01:32:43 [INFO] base_models.logistic_regression:57 - LogisticRegression final iteration 849, max_iter=850, learning_rate = 0.00707
2025-05-27 01:32:43 [INFO] adaboost.adaboost:25 - model is <base_models.logistic_regression.LogisticRegressionModel object at 0x0000024A22F17370>
2025-05-27 01:32:43 [INFO] base_models.logistic_regression:57 - LogisticRegression final iteration 0, max_iter=850, learning_rate = 0.00707
2025-05-27 01:32:45 [INFO] base_models.logistic_regression:57 - LogisticRegression final iteration 849, max_iter=850, learning_rate = 0.00707
2025-05-27 01:32:45 [INFO] adaboost.adaboost:25 - model is <base_models.logistic_regression.LogisticRegressionModel object at 0x0000024A7F5BF0D0>
2025-05-27 01:32:45 [INFO] base_models.logistic_regression:57 - LogisticRegression final iteration 0, max_iter=850, learning_rate = 0.00707
2025-05-27 01:32:46 [INFO] base_models.logistic_regression:57 - LogisticRegression final iteration 849, max_iter=850, learning_rate = 0.00707
2025-05-27 01:32:46 [INFO] adaboost.adaboost:25 - model is <base_models.logistic_regression.LogisticRegressionModel object at 0x0000024A7F5BF190>
2025-05-27 01:32:46 [INFO] base_models.logistic_regression:57 - LogisticRegression final iteration 0, max_iter=850, learning_rate = 0.00707
2025-05-27 01:32:47 [INFO] base_models.logistic_regression:57 - LogisticRegression final iteration 849, max_iter=850, learning_rate = 0.00707
2025-05-27 01:32:47 [INFO] adaboost.adaboost:25 - model is <base_models.logistic_regression.LogisticRegressionModel object at 0x0000024A7F5BF1F0>
2025-05-27 01:32:47 [INFO] base_models.logistic_regression:57 - LogisticRegression final iteration 0, max_iter=850, learning_rate = 0.00707
2025-05-27 01:32:48 [INFO] base_models.logistic_regression:57 - LogisticRegression final iteration 849, max_iter=850, learning_rate = 0.00707
2025-05-27 01:32:48 [INFO] adaboost.adaboost:25 - model is <base_models.logistic_regression.LogisticRegressionModel object at 0x0000024A7F5BF040>
2025-05-27 01:32:48 [INFO] base_models.logistic_regression:57 - LogisticRegression final iteration 0, max_iter=850, learning_rate = 0.00707
2025-05-27 01:32:49 [INFO] base_models.logistic_regression:57 - LogisticRegression final iteration 849, max_iter=850, learning_rate = 0.00707
2025-05-27 01:32:49 [INFO] adaboost.adaboost:25 - model is <base_models.logistic_regression.LogisticRegressionModel object at 0x0000024A7F5BF220>
2025-05-27 01:32:49 [INFO] base_models.logistic_regression:57 - LogisticRegression final iteration 0, max_iter=850, learning_rate = 0.00707
2025-05-27 01:32:50 [INFO] base_models.logistic_regression:57 - LogisticRegression final iteration 849, max_iter=850, learning_rate = 0.00707
2025-05-27 01:32:50 [INFO] adaboost.adaboost:25 - model is <base_models.logistic_regression.LogisticRegressionModel object at 0x0000024A7F5BF0A0>
2025-05-27 01:32:50 [INFO] base_models.logistic_regression:57 - LogisticRegression final iteration 0, max_iter=850, learning_rate = 0.00707
2025-05-27 01:32:51 [INFO] base_models.logistic_regression:57 - LogisticRegression final iteration 849, max_iter=850, learning_rate = 0.00707
2025-05-27 01:32:51 [INFO] adaboost.adaboost:25 - model is <base_models.logistic_regression.LogisticRegressionModel object at 0x0000024A7F5BF160>
2025-05-27 01:32:51 [INFO] base_models.logistic_regression:57 - LogisticRegression final iteration 0, max_iter=850, learning_rate = 0.00707
2025-05-27 01:32:52 [INFO] base_models.logistic_regression:57 - LogisticRegression final iteration 849, max_iter=850, learning_rate = 0.00707
2025-05-27 01:32:52 [INFO] adaboost.adaboost:25 - model is <base_models.logistic_regression.LogisticRegressionModel object at 0x0000024A7F559700>
2025-05-27 01:32:52 [INFO] base_models.logistic_regression:57 - LogisticRegression final iteration 0, max_iter=850, learning_rate = 0.00707
2025-05-27 01:32:53 [INFO] base_models.logistic_regression:57 - LogisticRegression final iteration 849, max_iter=850, learning_rate = 0.00707
2025-05-27 01:32:53 [INFO] adaboost.adaboost:25 - model is <base_models.logistic_regression.LogisticRegressionModel object at 0x0000024A7F5597C0>
2025-05-27 01:32:53 [INFO] base_models.logistic_regression:57 - LogisticRegression final iteration 0, max_iter=850, learning_rate = 0.00707
2025-05-27 01:32:54 [INFO] base_models.logistic_regression:57 - LogisticRegression final iteration 849, max_iter=850, learning_rate = 0.00707
2025-05-27 01:32:54 [INFO] adaboost.adaboost:25 - model is <base_models.logistic_regression.LogisticRegressionModel object at 0x0000024A7F559790>
2025-05-27 01:32:54 [INFO] base_models.logistic_regression:57 - LogisticRegression final iteration 0, max_iter=850, learning_rate = 0.00707
2025-05-27 01:32:55 [INFO] base_models.logistic_regression:57 - LogisticRegression final iteration 849, max_iter=850, learning_rate = 0.00707
2025-05-27 01:32:55 [INFO] adaboost.adaboost:25 - model is <base_models.logistic_regression.LogisticRegressionModel object at 0x0000024A7F5596A0>
2025-05-27 01:32:55 [INFO] base_models.logistic_regression:57 - LogisticRegression final iteration 0, max_iter=850, learning_rate = 0.00707
2025-05-27 01:32:56 [INFO] base_models.logistic_regression:57 - LogisticRegression final iteration 849, max_iter=850, learning_rate = 0.00707
2025-05-27 01:32:56 [INFO] adaboost.adaboost:25 - model is <base_models.logistic_regression.LogisticRegressionModel object at 0x0000024A7F559550>
2025-05-27 01:32:56 [INFO] base_models.logistic_regression:57 - LogisticRegression final iteration 0, max_iter=850, learning_rate = 0.00707
2025-05-27 01:32:57 [INFO] base_models.logistic_regression:57 - LogisticRegression final iteration 849, max_iter=850, learning_rate = 0.00707
2025-05-27 01:32:57 [INFO] adaboost.adaboost:25 - model is <base_models.logistic_regression.LogisticRegressionModel object at 0x0000024A7F559730>
2025-05-27 01:32:57 [INFO] base_models.logistic_regression:57 - LogisticRegression final iteration 0, max_iter=850, learning_rate = 0.00707
2025-05-27 01:32:59 [INFO] base_models.logistic_regression:57 - LogisticRegression final iteration 849, max_iter=850, learning_rate = 0.00707
2025-05-27 01:32:59 [INFO] adaboost.adaboost:25 - model is <base_models.logistic_regression.LogisticRegressionModel object at 0x0000024A7F591310>
2025-05-27 01:32:59 [INFO] base_models.logistic_regression:57 - LogisticRegression final iteration 0, max_iter=850, learning_rate = 0.00707
2025-05-27 01:33:00 [INFO] base_models.logistic_regression:57 - LogisticRegression final iteration 849, max_iter=850, learning_rate = 0.00707
2025-05-27 01:33:00 [INFO] adaboost.adaboost:25 - model is <base_models.logistic_regression.LogisticRegressionModel object at 0x0000024A7F591430>
2025-05-27 01:33:00 [INFO] base_models.logistic_regression:57 - LogisticRegression final iteration 0, max_iter=850, learning_rate = 0.00707
2025-05-27 01:33:00 [INFO] base_models.logistic_regression:57 - LogisticRegression final iteration 849, max_iter=850, learning_rate = 0.00707
2025-05-27 01:33:00 [INFO] adaboost.adaboost:25 - model is <base_models.logistic_regression.LogisticRegressionModel object at 0x0000024A7F591490>
2025-05-27 01:33:01 [INFO] base_models.logistic_regression:57 - LogisticRegression final iteration 0, max_iter=850, learning_rate = 0.00707
2025-05-27 01:33:02 [INFO] base_models.logistic_regression:57 - LogisticRegression final iteration 849, max_iter=850, learning_rate = 0.00707
2025-05-27 01:33:02 [INFO] adaboost.adaboost:25 - model is <base_models.logistic_regression.LogisticRegressionModel object at 0x0000024A7F591550>
2025-05-27 01:33:02 [INFO] base_models.logistic_regression:57 - LogisticRegression final iteration 0, max_iter=850, learning_rate = 0.00707
2025-05-27 01:33:03 [INFO] base_models.logistic_regression:57 - LogisticRegression final iteration 849, max_iter=850, learning_rate = 0.00707
2025-05-27 01:33:03 [INFO] adaboost.adaboost:25 - model is <base_models.logistic_regression.LogisticRegressionModel object at 0x0000024A7F5916D0>
2025-05-27 01:33:03 [INFO] base_models.logistic_regression:57 - LogisticRegression final iteration 0, max_iter=850, learning_rate = 0.00707
2025-05-27 01:33:04 [INFO] base_models.logistic_regression:57 - LogisticRegression final iteration 849, max_iter=850, learning_rate = 0.00707
2025-05-27 01:33:04 [INFO] adaboost.adaboost:25 - model is <base_models.logistic_regression.LogisticRegressionModel object at 0x0000024A7F591730>
2025-05-27 01:33:04 [INFO] base_models.logistic_regression:57 - LogisticRegression final iteration 0, max_iter=850, learning_rate = 0.00707
2025-05-27 01:33:05 [INFO] base_models.logistic_regression:57 - LogisticRegression final iteration 849, max_iter=850, learning_rate = 0.00707
2025-05-27 01:33:05 [INFO] adaboost.adaboost:25 - model is <base_models.logistic_regression.LogisticRegressionModel object at 0x0000024A7F591790>
2025-05-27 01:33:05 [INFO] base_models.logistic_regression:57 - LogisticRegression final iteration 0, max_iter=850, learning_rate = 0.00707
2025-05-27 01:33:06 [INFO] base_models.logistic_regression:57 - LogisticRegression final iteration 849, max_iter=850, learning_rate = 0.00707
2025-05-27 01:33:06 [INFO] adaboost.adaboost:25 - model is <base_models.logistic_regression.LogisticRegressionModel object at 0x0000024A7F5917F0>
2025-05-27 01:33:06 [INFO] base_models.logistic_regression:57 - LogisticRegression final iteration 0, max_iter=850, learning_rate = 0.00707
2025-05-27 01:33:07 [INFO] base_models.logistic_regression:57 - LogisticRegression final iteration 849, max_iter=850, learning_rate = 0.00707
2025-05-27 01:33:07 [INFO] adaboost.adaboost:25 - model is <base_models.logistic_regression.LogisticRegressionModel object at 0x0000024A7F591850>
2025-05-27 01:33:07 [INFO] base_models.logistic_regression:57 - LogisticRegression final iteration 0, max_iter=850, learning_rate = 0.00707
2025-05-27 01:33:08 [INFO] base_models.logistic_regression:57 - LogisticRegression final iteration 849, max_iter=850, learning_rate = 0.00707
2025-05-27 01:33:08 [INFO] adaboost.adaboost:25 - model is <base_models.logistic_regression.LogisticRegressionModel object at 0x0000024A7F5918B0>
2025-05-27 01:33:08 [INFO] base_models.logistic_regression:57 - LogisticRegression final iteration 0, max_iter=850, learning_rate = 0.00707
2025-05-27 01:33:09 [INFO] base_models.logistic_regression:57 - LogisticRegression final iteration 849, max_iter=850, learning_rate = 0.00707
2025-05-27 01:33:09 [INFO] adaboost.adaboost:25 - model is <base_models.logistic_regression.LogisticRegressionModel object at 0x0000024A7F591910>
2025-05-27 01:33:09 [INFO] base_models.logistic_regression:57 - LogisticRegression final iteration 0, max_iter=850, learning_rate = 0.00707
2025-05-27 01:33:10 [INFO] base_models.logistic_regression:57 - LogisticRegression final iteration 849, max_iter=850, learning_rate = 0.00707
2025-05-27 01:33:10 [INFO] adaboost.adaboost:25 - model is <base_models.logistic_regression.LogisticRegressionModel object at 0x0000024A7F591970>
2025-05-27 01:33:10 [INFO] base_models.logistic_regression:57 - LogisticRegression final iteration 0, max_iter=850, learning_rate = 0.00707
2025-05-27 01:33:11 [INFO] base_models.logistic_regression:57 - LogisticRegression final iteration 849, max_iter=850, learning_rate = 0.00707
2025-05-27 01:33:11 [INFO] adaboost.adaboost:25 - model is <base_models.logistic_regression.LogisticRegressionModel object at 0x0000024A7F5919D0>
2025-05-27 01:33:11 [INFO] base_models.logistic_regression:57 - LogisticRegression final iteration 0, max_iter=850, learning_rate = 0.00707
2025-05-27 01:33:12 [INFO] base_models.logistic_regression:57 - LogisticRegression final iteration 849, max_iter=850, learning_rate = 0.00707
2025-05-27 01:33:12 [INFO] adaboost.adaboost:25 - model is <base_models.logistic_regression.LogisticRegressionModel object at 0x0000024A7F591A30>
2025-05-27 01:33:12 [INFO] base_models.logistic_regression:57 - LogisticRegression final iteration 0, max_iter=850, learning_rate = 0.00707
2025-05-27 01:33:13 [INFO] base_models.logistic_regression:57 - LogisticRegression final iteration 849, max_iter=850, learning_rate = 0.00707
2025-05-27 01:33:13 [INFO] adaboost.adaboost:25 - model is <base_models.logistic_regression.LogisticRegressionModel object at 0x0000024A7F591A90>
2025-05-27 01:33:13 [INFO] base_models.logistic_regression:57 - LogisticRegression final iteration 0, max_iter=850, learning_rate = 0.00707
2025-05-27 01:33:14 [INFO] base_models.logistic_regression:57 - LogisticRegression final iteration 849, max_iter=850, learning_rate = 0.00707
2025-05-27 01:33:14 [INFO] adaboost.adaboost:25 - model is <base_models.logistic_regression.LogisticRegressionModel object at 0x0000024A7F591AF0>
2025-05-27 01:33:14 [INFO] base_models.logistic_regression:57 - LogisticRegression final iteration 0, max_iter=850, learning_rate = 0.00707
2025-05-27 01:33:15 [INFO] base_models.logistic_regression:57 - LogisticRegression final iteration 849, max_iter=850, learning_rate = 0.00707
2025-05-27 01:33:15 [INFO] adaboost.adaboost:25 - model is <base_models.logistic_regression.LogisticRegressionModel object at 0x0000024A7F591B50>
2025-05-27 01:33:15 [INFO] base_models.logistic_regression:57 - LogisticRegression final iteration 0, max_iter=850, learning_rate = 0.00707
2025-05-27 01:33:16 [INFO] base_models.logistic_regression:57 - LogisticRegression final iteration 849, max_iter=850, learning_rate = 0.00707
2025-05-27 01:33:16 [INFO] adaboost.adaboost:25 - model is <base_models.logistic_regression.LogisticRegressionModel object at 0x0000024A7F591BB0>
2025-05-27 01:33:16 [INFO] base_models.logistic_regression:57 - LogisticRegression final iteration 0, max_iter=850, learning_rate = 0.00707
2025-05-27 01:33:17 [INFO] base_models.logistic_regression:57 - LogisticRegression final iteration 849, max_iter=850, learning_rate = 0.00707
2025-05-27 01:33:17 [INFO] adaboost.adaboost:25 - model is <base_models.logistic_regression.LogisticRegressionModel object at 0x0000024A7F591C40>
2025-05-27 01:33:17 [INFO] base_models.logistic_regression:57 - LogisticRegression final iteration 0, max_iter=850, learning_rate = 0.00707
2025-05-27 01:33:18 [INFO] base_models.logistic_regression:57 - LogisticRegression final iteration 849, max_iter=850, learning_rate = 0.00707
2025-05-27 01:33:18 [INFO] adaboost.adaboost:25 - model is <base_models.logistic_regression.LogisticRegressionModel object at 0x0000024A7F591D30>
2025-05-27 01:33:18 [INFO] base_models.logistic_regression:57 - LogisticRegression final iteration 0, max_iter=850, learning_rate = 0.00707
2025-05-27 01:33:19 [INFO] base_models.logistic_regression:57 - LogisticRegression final iteration 849, max_iter=850, learning_rate = 0.00707
2025-05-27 01:33:19 [INFO] adaboost.adaboost:25 - model is <base_models.logistic_regression.LogisticRegressionModel object at 0x0000024A7F591D90>
2025-05-27 01:33:19 [INFO] base_models.logistic_regression:57 - LogisticRegression final iteration 0, max_iter=850, learning_rate = 0.00707
2025-05-27 01:33:20 [INFO] base_models.logistic_regression:57 - LogisticRegression final iteration 849, max_iter=850, learning_rate = 0.00707
2025-05-27 01:33:20 [INFO] adaboost.adaboost:25 - model is <base_models.logistic_regression.LogisticRegressionModel object at 0x0000024A7F591DF0>
2025-05-27 01:33:20 [INFO] base_models.logistic_regression:57 - LogisticRegression final iteration 0, max_iter=850, learning_rate = 0.00707
2025-05-27 01:33:21 [INFO] base_models.logistic_regression:57 - LogisticRegression final iteration 849, max_iter=850, learning_rate = 0.00707
2025-05-27 01:33:21 [INFO] adaboost.adaboost:25 - model is <base_models.logistic_regression.LogisticRegressionModel object at 0x0000024A7F591E50>
2025-05-27 01:33:21 [INFO] base_models.logistic_regression:57 - LogisticRegression final iteration 0, max_iter=850, learning_rate = 0.00707
2025-05-27 01:33:22 [INFO] base_models.logistic_regression:57 - LogisticRegression final iteration 849, max_iter=850, learning_rate = 0.00707
2025-05-27 01:33:22 [INFO] adaboost.adaboost:25 - model is <base_models.logistic_regression.LogisticRegressionModel object at 0x0000024A7F591EB0>
2025-05-27 01:33:22 [INFO] base_models.logistic_regression:57 - LogisticRegression final iteration 0, max_iter=850, learning_rate = 0.00707
2025-05-27 01:33:23 [INFO] base_models.logistic_regression:57 - LogisticRegression final iteration 849, max_iter=850, learning_rate = 0.00707
2025-05-27 01:33:23 [INFO] adaboost.adaboost:25 - model is <base_models.logistic_regression.LogisticRegressionModel object at 0x0000024A7F591F10>
2025-05-27 01:33:23 [INFO] base_models.logistic_regression:57 - LogisticRegression final iteration 0, max_iter=850, learning_rate = 0.00707
2025-05-27 01:33:25 [INFO] base_models.logistic_regression:57 - LogisticRegression final iteration 849, max_iter=850, learning_rate = 0.00707
2025-05-27 01:33:25 [INFO] adaboost.adaboost:25 - model is <base_models.logistic_regression.LogisticRegressionModel object at 0x0000024A7F591F70>
2025-05-27 01:33:25 [INFO] base_models.logistic_regression:57 - LogisticRegression final iteration 0, max_iter=850, learning_rate = 0.00707
2025-05-27 01:33:26 [INFO] base_models.logistic_regression:57 - LogisticRegression final iteration 849, max_iter=850, learning_rate = 0.00707
2025-05-27 01:33:26 [INFO] adaboost.adaboost:25 - model is <base_models.logistic_regression.LogisticRegressionModel object at 0x0000024A7F591FD0>
2025-05-27 01:33:26 [INFO] base_models.logistic_regression:57 - LogisticRegression final iteration 0, max_iter=850, learning_rate = 0.00707
2025-05-27 01:33:27 [INFO] base_models.logistic_regression:57 - LogisticRegression final iteration 849, max_iter=850, learning_rate = 0.00707
2025-05-27 01:33:27 [INFO] adaboost.adaboost:25 - model is <base_models.logistic_regression.LogisticRegressionModel object at 0x0000024A7F591220>
2025-05-27 01:33:27 [INFO] base_models.logistic_regression:57 - LogisticRegression final iteration 0, max_iter=850, learning_rate = 0.00707
2025-05-27 01:33:28 [INFO] base_models.logistic_regression:57 - LogisticRegression final iteration 849, max_iter=850, learning_rate = 0.00707
2025-05-27 01:33:28 [INFO] adaboost.adaboost:25 - model is <base_models.logistic_regression.LogisticRegressionModel object at 0x0000024A7F591340>
2025-05-27 01:33:28 [INFO] base_models.logistic_regression:57 - LogisticRegression final iteration 0, max_iter=850, learning_rate = 0.00707
2025-05-27 01:33:29 [INFO] base_models.logistic_regression:57 - LogisticRegression final iteration 849, max_iter=850, learning_rate = 0.00707
2025-05-27 01:33:29 [INFO] adaboost.adaboost:25 - model is <base_models.logistic_regression.LogisticRegressionModel object at 0x0000024A7F5914C0>
2025-05-27 01:33:29 [INFO] base_models.logistic_regression:57 - LogisticRegression final iteration 0, max_iter=850, learning_rate = 0.00707
2025-05-27 01:33:30 [INFO] base_models.logistic_regression:57 - LogisticRegression final iteration 849, max_iter=850, learning_rate = 0.00707
2025-05-27 01:33:30 [INFO] adaboost.adaboost:25 - model is <base_models.logistic_regression.LogisticRegressionModel object at 0x0000024A7F5913D0>
2025-05-27 01:33:30 [INFO] base_models.logistic_regression:57 - LogisticRegression final iteration 0, max_iter=850, learning_rate = 0.00707
2025-05-27 01:33:31 [INFO] base_models.logistic_regression:57 - LogisticRegression final iteration 849, max_iter=850, learning_rate = 0.00707
2025-05-27 01:33:31 [INFO] adaboost.adaboost:25 - model is <base_models.logistic_regression.LogisticRegressionModel object at 0x0000024A7F5915B0>
2025-05-27 01:33:31 [INFO] base_models.logistic_regression:57 - LogisticRegression final iteration 0, max_iter=850, learning_rate = 0.00707
2025-05-27 01:33:32 [INFO] base_models.logistic_regression:57 - LogisticRegression final iteration 849, max_iter=850, learning_rate = 0.00707
2025-05-27 01:33:32 [INFO] adaboost.adaboost:25 - model is <base_models.logistic_regression.LogisticRegressionModel object at 0x0000024A7F591610>
2025-05-27 01:33:32 [INFO] base_models.logistic_regression:57 - LogisticRegression final iteration 0, max_iter=850, learning_rate = 0.00707
2025-05-27 01:33:33 [INFO] base_models.logistic_regression:57 - LogisticRegression final iteration 849, max_iter=850, learning_rate = 0.00707
2025-05-27 01:33:33 [INFO] adaboost.adaboost:25 - model is <base_models.logistic_regression.LogisticRegressionModel object at 0x0000024A7F591670>
2025-05-27 01:33:33 [INFO] base_models.logistic_regression:57 - LogisticRegression final iteration 0, max_iter=850, learning_rate = 0.00707
2025-05-27 01:33:34 [INFO] base_models.logistic_regression:57 - LogisticRegression final iteration 849, max_iter=850, learning_rate = 0.00707
2025-05-27 01:33:35 [INFO] adaboost.adaboost:25 - model is <base_models.logistic_regression.LogisticRegressionModel object at 0x0000024A2249A340>
2025-05-27 01:33:35 [INFO] base_models.logistic_regression:57 - LogisticRegression final iteration 0, max_iter=850, learning_rate = 0.00707
2025-05-27 01:33:36 [INFO] base_models.logistic_regression:57 - LogisticRegression final iteration 849, max_iter=850, learning_rate = 0.00707
2025-05-27 01:33:36 [INFO] adaboost.adaboost:25 - model is <base_models.logistic_regression.LogisticRegressionModel object at 0x0000024A2249A220>
2025-05-27 01:33:36 [INFO] base_models.logistic_regression:57 - LogisticRegression final iteration 0, max_iter=850, learning_rate = 0.00707
2025-05-27 01:33:37 [INFO] base_models.logistic_regression:57 - LogisticRegression final iteration 849, max_iter=850, learning_rate = 0.00707
2025-05-27 01:33:37 [INFO] adaboost.adaboost:25 - model is <base_models.logistic_regression.LogisticRegressionModel object at 0x0000024A2249A040>
2025-05-27 01:33:37 [INFO] base_models.logistic_regression:57 - LogisticRegression final iteration 0, max_iter=850, learning_rate = 0.00707
2025-05-27 01:33:38 [INFO] base_models.logistic_regression:57 - LogisticRegression final iteration 849, max_iter=850, learning_rate = 0.00707
2025-05-27 01:33:38 [INFO] adaboost.adaboost:25 - model is <base_models.logistic_regression.LogisticRegressionModel object at 0x0000024A2249A0A0>
2025-05-27 01:33:38 [INFO] base_models.logistic_regression:57 - LogisticRegression final iteration 0, max_iter=850, learning_rate = 0.00707
2025-05-27 01:33:39 [INFO] base_models.logistic_regression:57 - LogisticRegression final iteration 849, max_iter=850, learning_rate = 0.00707
2025-05-27 01:33:39 [INFO] adaboost.adaboost:25 - model is <base_models.logistic_regression.LogisticRegressionModel object at 0x0000024A2249A100>
2025-05-27 01:33:39 [INFO] base_models.logistic_regression:57 - LogisticRegression final iteration 0, max_iter=850, learning_rate = 0.00707
2025-05-27 01:33:40 [INFO] base_models.logistic_regression:57 - LogisticRegression final iteration 849, max_iter=850, learning_rate = 0.00707
2025-05-27 01:33:40 [INFO] adaboost.adaboost:25 - model is <base_models.logistic_regression.LogisticRegressionModel object at 0x0000024A7F555670>
2025-05-27 01:33:40 [INFO] base_models.logistic_regression:57 - LogisticRegression final iteration 0, max_iter=850, learning_rate = 0.00707
2025-05-27 01:33:41 [INFO] base_models.logistic_regression:57 - LogisticRegression final iteration 849, max_iter=850, learning_rate = 0.00707
2025-05-27 01:33:41 [INFO] adaboost.adaboost:25 - model is <base_models.logistic_regression.LogisticRegressionModel object at 0x0000024A7F5211F0>
2025-05-27 01:33:41 [INFO] base_models.logistic_regression:57 - LogisticRegression final iteration 0, max_iter=850, learning_rate = 0.00707
2025-05-27 01:33:42 [INFO] base_models.logistic_regression:57 - LogisticRegression final iteration 849, max_iter=850, learning_rate = 0.00707
2025-05-27 01:33:42 [INFO] adaboost.adaboost:25 - model is <base_models.logistic_regression.LogisticRegressionModel object at 0x0000024A78DC5C70>
2025-05-27 01:33:42 [INFO] base_models.logistic_regression:57 - LogisticRegression final iteration 0, max_iter=850, learning_rate = 0.00707
2025-05-27 01:33:43 [INFO] base_models.logistic_regression:57 - LogisticRegression final iteration 849, max_iter=850, learning_rate = 0.00707
2025-05-27 01:33:43 [INFO] adaboost.adaboost:25 - model is <base_models.logistic_regression.LogisticRegressionModel object at 0x0000024A7F4FFC40>
2025-05-27 01:33:43 [INFO] base_models.logistic_regression:57 - LogisticRegression final iteration 0, max_iter=850, learning_rate = 0.00707
2025-05-27 01:33:44 [INFO] base_models.logistic_regression:57 - LogisticRegression final iteration 849, max_iter=850, learning_rate = 0.00707
2025-05-27 01:33:44 [INFO] adaboost.adaboost:25 - model is <base_models.logistic_regression.LogisticRegressionModel object at 0x0000024A22492F10>
2025-05-27 01:33:44 [INFO] base_models.logistic_regression:57 - LogisticRegression final iteration 0, max_iter=850, learning_rate = 0.00707
2025-05-27 01:33:45 [INFO] base_models.logistic_regression:57 - LogisticRegression final iteration 849, max_iter=850, learning_rate = 0.00707
2025-05-27 01:33:45 [INFO] adaboost.adaboost:25 - model is <base_models.logistic_regression.LogisticRegressionModel object at 0x0000024A22492F70>
2025-05-27 01:33:45 [INFO] base_models.logistic_regression:57 - LogisticRegression final iteration 0, max_iter=850, learning_rate = 0.00707
2025-05-27 01:33:46 [INFO] base_models.logistic_regression:57 - LogisticRegression final iteration 849, max_iter=850, learning_rate = 0.00707
2025-05-27 01:33:46 [INFO] adaboost.adaboost:25 - model is <base_models.logistic_regression.LogisticRegressionModel object at 0x0000024A7F5122E0>
2025-05-27 01:33:46 [INFO] base_models.logistic_regression:57 - LogisticRegression final iteration 0, max_iter=850, learning_rate = 0.00707
2025-05-27 01:33:47 [INFO] base_models.logistic_regression:57 - LogisticRegression final iteration 849, max_iter=850, learning_rate = 0.00707
2025-05-27 01:33:47 [INFO] adaboost.adaboost:25 - model is <base_models.logistic_regression.LogisticRegressionModel object at 0x0000024A22F17070>
2025-05-27 01:33:47 [INFO] base_models.logistic_regression:57 - LogisticRegression final iteration 0, max_iter=850, learning_rate = 0.00707
2025-05-27 01:33:48 [INFO] base_models.logistic_regression:57 - LogisticRegression final iteration 849, max_iter=850, learning_rate = 0.00707
2025-05-27 01:33:48 [INFO] adaboost.adaboost:25 - model is <base_models.logistic_regression.LogisticRegressionModel object at 0x0000024A22F17190>
2025-05-27 01:33:48 [INFO] base_models.logistic_regression:57 - LogisticRegression final iteration 0, max_iter=850, learning_rate = 0.00707
2025-05-27 01:33:49 [INFO] base_models.logistic_regression:57 - LogisticRegression final iteration 849, max_iter=850, learning_rate = 0.00707
2025-05-27 01:33:49 [INFO] adaboost.adaboost:25 - model is <base_models.logistic_regression.LogisticRegressionModel object at 0x0000024A22F171F0>
2025-05-27 01:33:49 [INFO] base_models.logistic_regression:57 - LogisticRegression final iteration 0, max_iter=850, learning_rate = 0.00707
2025-05-27 01:33:50 [INFO] base_models.logistic_regression:57 - LogisticRegression final iteration 849, max_iter=850, learning_rate = 0.00707
2025-05-27 01:33:50 [INFO] adaboost.adaboost:25 - model is <base_models.logistic_regression.LogisticRegressionModel object at 0x0000024A22F172B0>
2025-05-27 01:33:50 [INFO] base_models.logistic_regression:57 - LogisticRegression final iteration 0, max_iter=850, learning_rate = 0.00707
2025-05-27 01:33:51 [INFO] base_models.logistic_regression:57 - LogisticRegression final iteration 849, max_iter=850, learning_rate = 0.00707
2025-05-27 01:33:51 [INFO] adaboost.adaboost:25 - model is <base_models.logistic_regression.LogisticRegressionModel object at 0x0000024A22F173D0>
2025-05-27 01:33:51 [INFO] base_models.logistic_regression:57 - LogisticRegression final iteration 0, max_iter=850, learning_rate = 0.00707
2025-05-27 01:33:52 [INFO] base_models.logistic_regression:57 - LogisticRegression final iteration 849, max_iter=850, learning_rate = 0.00707
2025-05-27 01:33:52 [INFO] adaboost.adaboost:25 - model is <base_models.logistic_regression.LogisticRegressionModel object at 0x0000024A22F17430>
2025-05-27 01:33:52 [INFO] base_models.logistic_regression:57 - LogisticRegression final iteration 0, max_iter=850, learning_rate = 0.00707
2025-05-27 01:33:53 [INFO] base_models.logistic_regression:57 - LogisticRegression final iteration 849, max_iter=850, learning_rate = 0.00707
2025-05-27 01:33:53 [INFO] adaboost.adaboost:25 - model is <base_models.logistic_regression.LogisticRegressionModel object at 0x0000024A22F17490>
2025-05-27 01:33:53 [INFO] base_models.logistic_regression:57 - LogisticRegression final iteration 0, max_iter=850, learning_rate = 0.00707
2025-05-27 01:33:54 [INFO] base_models.logistic_regression:57 - LogisticRegression final iteration 849, max_iter=850, learning_rate = 0.00707
2025-05-27 01:33:54 [INFO] adaboost.adaboost:25 - model is <base_models.logistic_regression.LogisticRegressionModel object at 0x0000024A22F174F0>
2025-05-27 01:33:54 [INFO] base_models.logistic_regression:57 - LogisticRegression final iteration 0, max_iter=850, learning_rate = 0.00707
2025-05-27 01:33:55 [INFO] base_models.logistic_regression:57 - LogisticRegression final iteration 849, max_iter=850, learning_rate = 0.00707
2025-05-27 01:33:55 [INFO] adaboost.adaboost:25 - model is <base_models.logistic_regression.LogisticRegressionModel object at 0x0000024A22F17550>
2025-05-27 01:33:55 [INFO] base_models.logistic_regression:57 - LogisticRegression final iteration 0, max_iter=850, learning_rate = 0.00707
2025-05-27 01:33:56 [INFO] base_models.logistic_regression:57 - LogisticRegression final iteration 849, max_iter=850, learning_rate = 0.00707
2025-05-27 01:33:56 [INFO] adaboost.adaboost:25 - model is <base_models.logistic_regression.LogisticRegressionModel object at 0x0000024A22F175B0>
2025-05-27 01:33:56 [INFO] base_models.logistic_regression:57 - LogisticRegression final iteration 0, max_iter=850, learning_rate = 0.00707
2025-05-27 01:33:57 [INFO] base_models.logistic_regression:57 - LogisticRegression final iteration 849, max_iter=850, learning_rate = 0.00707
2025-05-27 01:33:57 [INFO] adaboost.adaboost:25 - model is <base_models.logistic_regression.LogisticRegressionModel object at 0x0000024A22F17610>
2025-05-27 01:33:57 [INFO] base_models.logistic_regression:57 - LogisticRegression final iteration 0, max_iter=850, learning_rate = 0.00707
2025-05-27 01:33:58 [INFO] base_models.logistic_regression:57 - LogisticRegression final iteration 849, max_iter=850, learning_rate = 0.00707
2025-05-27 01:33:58 [INFO] adaboost.adaboost:25 - model is <base_models.logistic_regression.LogisticRegressionModel object at 0x0000024A22F17670>
2025-05-27 01:33:58 [INFO] base_models.logistic_regression:57 - LogisticRegression final iteration 0, max_iter=850, learning_rate = 0.00707
2025-05-27 01:33:59 [INFO] base_models.logistic_regression:57 - LogisticRegression final iteration 849, max_iter=850, learning_rate = 0.00707
2025-05-27 01:33:59 [INFO] adaboost.adaboost:25 - model is <base_models.logistic_regression.LogisticRegressionModel object at 0x0000024A22F176D0>
2025-05-27 01:33:59 [INFO] base_models.logistic_regression:57 - LogisticRegression final iteration 0, max_iter=850, learning_rate = 0.00707
2025-05-27 01:34:00 [INFO] base_models.logistic_regression:57 - LogisticRegression final iteration 849, max_iter=850, learning_rate = 0.00707
2025-05-27 01:34:00 [INFO] adaboost.adaboost:25 - model is <base_models.logistic_regression.LogisticRegressionModel object at 0x0000024A22F17730>
2025-05-27 01:34:00 [INFO] base_models.logistic_regression:57 - LogisticRegression final iteration 0, max_iter=850, learning_rate = 0.00707
2025-05-27 01:34:01 [INFO] base_models.logistic_regression:57 - LogisticRegression final iteration 849, max_iter=850, learning_rate = 0.00707
2025-05-27 01:34:01 [INFO] adaboost.adaboost:25 - model is <base_models.logistic_regression.LogisticRegressionModel object at 0x0000024A22F17790>
2025-05-27 01:34:01 [INFO] base_models.logistic_regression:57 - LogisticRegression final iteration 0, max_iter=850, learning_rate = 0.00707
2025-05-27 01:34:02 [INFO] base_models.logistic_regression:57 - LogisticRegression final iteration 849, max_iter=850, learning_rate = 0.00707
2025-05-27 01:34:02 [INFO] adaboost.adaboost:25 - model is <base_models.logistic_regression.LogisticRegressionModel object at 0x0000024A22F177F0>
2025-05-27 01:34:02 [INFO] base_models.logistic_regression:57 - LogisticRegression final iteration 0, max_iter=850, learning_rate = 0.00707
2025-05-27 01:34:03 [INFO] base_models.logistic_regression:57 - LogisticRegression final iteration 849, max_iter=850, learning_rate = 0.00707
2025-05-27 01:34:03 [INFO] adaboost.adaboost:25 - model is <base_models.logistic_regression.LogisticRegressionModel object at 0x0000024A22F17850>
2025-05-27 01:34:03 [INFO] base_models.logistic_regression:57 - LogisticRegression final iteration 0, max_iter=850, learning_rate = 0.00707
2025-05-27 01:34:04 [INFO] base_models.logistic_regression:57 - LogisticRegression final iteration 849, max_iter=850, learning_rate = 0.00707
2025-05-27 01:34:04 [INFO] adaboost.adaboost:25 - model is <base_models.logistic_regression.LogisticRegressionModel object at 0x0000024A22F178B0>
2025-05-27 01:34:04 [INFO] base_models.logistic_regression:57 - LogisticRegression final iteration 0, max_iter=850, learning_rate = 0.00707
2025-05-27 01:34:05 [INFO] base_models.logistic_regression:57 - LogisticRegression final iteration 849, max_iter=850, learning_rate = 0.00707
2025-05-27 01:34:05 [INFO] adaboost.adaboost:25 - model is <base_models.logistic_regression.LogisticRegressionModel object at 0x0000024A22F17910>
2025-05-27 01:34:05 [INFO] base_models.logistic_regression:57 - LogisticRegression final iteration 0, max_iter=850, learning_rate = 0.00707
2025-05-27 01:34:06 [INFO] base_models.logistic_regression:57 - LogisticRegression final iteration 849, max_iter=850, learning_rate = 0.00707
2025-05-27 01:34:06 [INFO] adaboost.adaboost:25 - model is <base_models.logistic_regression.LogisticRegressionModel object at 0x0000024A22F17970>
2025-05-27 01:34:06 [INFO] base_models.logistic_regression:57 - LogisticRegression final iteration 0, max_iter=850, learning_rate = 0.00707
2025-05-27 01:34:07 [INFO] base_models.logistic_regression:57 - LogisticRegression final iteration 849, max_iter=850, learning_rate = 0.00707
2025-05-27 01:34:07 [INFO] adaboost.adaboost:25 - model is <base_models.logistic_regression.LogisticRegressionModel object at 0x0000024A22F179D0>
2025-05-27 01:34:07 [INFO] base_models.logistic_regression:57 - LogisticRegression final iteration 0, max_iter=850, learning_rate = 0.00707
2025-05-27 01:34:08 [INFO] base_models.logistic_regression:57 - LogisticRegression final iteration 849, max_iter=850, learning_rate = 0.00707
2025-05-27 01:34:08 [INFO] adaboost.adaboost:25 - model is <base_models.logistic_regression.LogisticRegressionModel object at 0x0000024A22F17A30>
2025-05-27 01:34:08 [INFO] base_models.logistic_regression:57 - LogisticRegression final iteration 0, max_iter=850, learning_rate = 0.00707
2025-05-27 01:34:09 [INFO] base_models.logistic_regression:57 - LogisticRegression final iteration 849, max_iter=850, learning_rate = 0.00707
2025-05-27 01:34:09 [INFO] adaboost.adaboost:25 - model is <base_models.logistic_regression.LogisticRegressionModel object at 0x0000024A22F17A90>
2025-05-27 01:34:09 [INFO] base_models.logistic_regression:57 - LogisticRegression final iteration 0, max_iter=850, learning_rate = 0.00707
2025-05-27 01:34:10 [INFO] base_models.logistic_regression:57 - LogisticRegression final iteration 849, max_iter=850, learning_rate = 0.00707
2025-05-27 01:34:10 [INFO] adaboost.adaboost:25 - model is <base_models.logistic_regression.LogisticRegressionModel object at 0x0000024A22F17AF0>
2025-05-27 01:34:10 [INFO] base_models.logistic_regression:57 - LogisticRegression final iteration 0, max_iter=850, learning_rate = 0.00707
2025-05-27 01:34:11 [INFO] base_models.logistic_regression:57 - LogisticRegression final iteration 849, max_iter=850, learning_rate = 0.00707
2025-05-27 01:34:11 [INFO] adaboost.adaboost:25 - model is <base_models.logistic_regression.LogisticRegressionModel object at 0x0000024A22F17B50>
2025-05-27 01:34:11 [INFO] base_models.logistic_regression:57 - LogisticRegression final iteration 0, max_iter=850, learning_rate = 0.00707
2025-05-27 01:34:12 [INFO] base_models.logistic_regression:57 - LogisticRegression final iteration 849, max_iter=850, learning_rate = 0.00707
2025-05-27 01:34:12 [INFO] adaboost.adaboost:25 - model is <base_models.logistic_regression.LogisticRegressionModel object at 0x0000024A22F17BB0>
2025-05-27 01:34:12 [INFO] base_models.logistic_regression:57 - LogisticRegression final iteration 0, max_iter=850, learning_rate = 0.00707
2025-05-27 01:34:13 [INFO] base_models.logistic_regression:57 - LogisticRegression final iteration 849, max_iter=850, learning_rate = 0.00707
2025-05-27 01:34:13 [INFO] adaboost.adaboost:25 - model is <base_models.logistic_regression.LogisticRegressionModel object at 0x0000024A22F17C40>
2025-05-27 01:34:13 [INFO] base_models.logistic_regression:57 - LogisticRegression final iteration 0, max_iter=850, learning_rate = 0.00707
2025-05-27 01:34:15 [INFO] base_models.logistic_regression:57 - LogisticRegression final iteration 849, max_iter=850, learning_rate = 0.00707
2025-05-27 01:34:15 [INFO] adaboost.adaboost:25 - model is <base_models.logistic_regression.LogisticRegressionModel object at 0x0000024A22F17CA0>
2025-05-27 01:34:15 [INFO] base_models.logistic_regression:57 - LogisticRegression final iteration 0, max_iter=850, learning_rate = 0.00707
2025-05-27 01:34:16 [INFO] base_models.logistic_regression:57 - LogisticRegression final iteration 849, max_iter=850, learning_rate = 0.00707
2025-05-27 01:34:16 [INFO] adaboost.adaboost:25 - model is <base_models.logistic_regression.LogisticRegressionModel object at 0x0000024A22F17D00>
2025-05-27 01:34:16 [INFO] base_models.logistic_regression:57 - LogisticRegression final iteration 0, max_iter=850, learning_rate = 0.00707
2025-05-27 01:34:17 [INFO] base_models.logistic_regression:57 - LogisticRegression final iteration 849, max_iter=850, learning_rate = 0.00707
2025-05-27 01:34:17 [INFO] adaboost.adaboost:25 - model is <base_models.logistic_regression.LogisticRegressionModel object at 0x0000024A22F17D60>
2025-05-27 01:34:17 [INFO] base_models.logistic_regression:57 - LogisticRegression final iteration 0, max_iter=850, learning_rate = 0.00707
2025-05-27 01:34:18 [INFO] base_models.logistic_regression:57 - LogisticRegression final iteration 849, max_iter=850, learning_rate = 0.00707
2025-05-27 01:34:18 [INFO] adaboost.adaboost:25 - model is <base_models.logistic_regression.LogisticRegressionModel object at 0x0000024A22F17DC0>
2025-05-27 01:34:18 [INFO] base_models.logistic_regression:57 - LogisticRegression final iteration 0, max_iter=850, learning_rate = 0.00707
2025-05-27 01:34:19 [INFO] base_models.logistic_regression:57 - LogisticRegression final iteration 849, max_iter=850, learning_rate = 0.00707
2025-05-27 01:34:19 [INFO] adaboost.adaboost:25 - model is <base_models.logistic_regression.LogisticRegressionModel object at 0x0000024A22F17E20>
2025-05-27 01:34:19 [INFO] base_models.logistic_regression:57 - LogisticRegression final iteration 0, max_iter=850, learning_rate = 0.00707
2025-05-27 01:34:20 [INFO] base_models.logistic_regression:57 - LogisticRegression final iteration 849, max_iter=850, learning_rate = 0.00707
2025-05-27 01:34:20 [INFO] adaboost.adaboost:25 - model is <base_models.logistic_regression.LogisticRegressionModel object at 0x0000024A22F17E80>
2025-05-27 01:34:20 [INFO] base_models.logistic_regression:57 - LogisticRegression final iteration 0, max_iter=850, learning_rate = 0.00707
2025-05-27 01:34:21 [INFO] base_models.logistic_regression:57 - LogisticRegression final iteration 849, max_iter=850, learning_rate = 0.00707
2025-05-27 01:34:21 [INFO] adaboost.adaboost:25 - model is <base_models.logistic_regression.LogisticRegressionModel object at 0x0000024A22F17EE0>
2025-05-27 01:34:21 [INFO] base_models.logistic_regression:57 - LogisticRegression final iteration 0, max_iter=850, learning_rate = 0.00707
2025-05-27 01:34:22 [INFO] base_models.logistic_regression:57 - LogisticRegression final iteration 849, max_iter=850, learning_rate = 0.00707
2025-05-27 01:34:22 [INFO] adaboost.adaboost:25 - model is <base_models.logistic_regression.LogisticRegressionModel object at 0x0000024A22F17F40>
2025-05-27 01:34:22 [INFO] base_models.logistic_regression:57 - LogisticRegression final iteration 0, max_iter=850, learning_rate = 0.00707
2025-05-27 01:34:23 [INFO] base_models.logistic_regression:57 - LogisticRegression final iteration 849, max_iter=850, learning_rate = 0.00707
2025-05-27 01:34:23 [INFO] adaboost.adaboost:25 - model is <base_models.logistic_regression.LogisticRegressionModel object at 0x0000024A22F17FA0>
2025-05-27 01:34:23 [INFO] base_models.logistic_regression:57 - LogisticRegression final iteration 0, max_iter=850, learning_rate = 0.00707
2025-05-27 01:34:25 [INFO] base_models.logistic_regression:57 - LogisticRegression final iteration 849, max_iter=850, learning_rate = 0.00707
2025-05-27 01:34:25 [INFO] adaboost.adaboost:25 - model is <base_models.logistic_regression.LogisticRegressionModel object at 0x0000024A22F170A0>
2025-05-27 01:34:25 [INFO] base_models.logistic_regression:57 - LogisticRegression final iteration 0, max_iter=850, learning_rate = 0.00707
2025-05-27 01:34:26 [INFO] base_models.logistic_regression:57 - LogisticRegression final iteration 849, max_iter=850, learning_rate = 0.00707
2025-05-27 01:34:26 [INFO] adaboost.adaboost:25 - model is <base_models.logistic_regression.LogisticRegressionModel object at 0x0000024A22F17220>
2025-05-27 01:34:26 [INFO] base_models.logistic_regression:57 - LogisticRegression final iteration 0, max_iter=850, learning_rate = 0.00707
2025-05-27 01:34:27 [INFO] base_models.logistic_regression:57 - LogisticRegression final iteration 849, max_iter=850, learning_rate = 0.00707
2025-05-27 01:34:27 [INFO] adaboost.adaboost:25 - model is <base_models.logistic_regression.LogisticRegressionModel object at 0x0000024A22F17130>
2025-05-27 01:34:27 [INFO] base_models.logistic_regression:57 - LogisticRegression final iteration 0, max_iter=850, learning_rate = 0.00707
2025-05-27 01:34:28 [INFO] base_models.logistic_regression:57 - LogisticRegression final iteration 849, max_iter=850, learning_rate = 0.00707
2025-05-27 01:34:28 [INFO] adaboost.adaboost:25 - model is <base_models.logistic_regression.LogisticRegressionModel object at 0x0000024A22F17310>
2025-05-27 01:34:28 [INFO] base_models.logistic_regression:57 - LogisticRegression final iteration 0, max_iter=850, learning_rate = 0.00707
2025-05-27 01:34:29 [INFO] base_models.logistic_regression:57 - LogisticRegression final iteration 849, max_iter=850, learning_rate = 0.00707
2025-05-27 01:34:29 [INFO] adaboost.adaboost:25 - model is <base_models.logistic_regression.LogisticRegressionModel object at 0x0000024A22F17370>
2025-05-27 01:34:29 [INFO] base_models.logistic_regression:57 - LogisticRegression final iteration 0, max_iter=850, learning_rate = 0.00707
2025-05-27 01:34:30 [INFO] base_models.logistic_regression:57 - LogisticRegression final iteration 849, max_iter=850, learning_rate = 0.00707
2025-05-27 01:34:30 [INFO] adaboost.adaboost:25 - model is <base_models.logistic_regression.LogisticRegressionModel object at 0x0000024A7F5BF0D0>
2025-05-27 01:34:30 [INFO] base_models.logistic_regression:57 - LogisticRegression final iteration 0, max_iter=850, learning_rate = 0.00707
2025-05-27 01:34:31 [INFO] base_models.logistic_regression:57 - LogisticRegression final iteration 849, max_iter=850, learning_rate = 0.00707
2025-05-27 01:34:31 [INFO] adaboost.adaboost:25 - model is <base_models.logistic_regression.LogisticRegressionModel object at 0x0000024A7F5BF190>
2025-05-27 01:34:31 [INFO] base_models.logistic_regression:57 - LogisticRegression final iteration 0, max_iter=850, learning_rate = 0.00707
2025-05-27 01:34:32 [INFO] base_models.logistic_regression:57 - LogisticRegression final iteration 849, max_iter=850, learning_rate = 0.00707
2025-05-27 01:34:32 [INFO] adaboost.adaboost:25 - model is <base_models.logistic_regression.LogisticRegressionModel object at 0x0000024A7F5BF1F0>
2025-05-27 01:34:32 [INFO] base_models.logistic_regression:57 - LogisticRegression final iteration 0, max_iter=850, learning_rate = 0.00707
2025-05-27 01:34:33 [INFO] base_models.logistic_regression:57 - LogisticRegression final iteration 849, max_iter=850, learning_rate = 0.00707
2025-05-27 01:34:33 [INFO] adaboost.adaboost:25 - model is <base_models.logistic_regression.LogisticRegressionModel object at 0x0000024A7F5BF040>
2025-05-27 01:34:33 [INFO] base_models.logistic_regression:57 - LogisticRegression final iteration 0, max_iter=850, learning_rate = 0.00707
2025-05-27 01:34:34 [INFO] base_models.logistic_regression:57 - LogisticRegression final iteration 849, max_iter=850, learning_rate = 0.00707
2025-05-27 01:34:34 [INFO] adaboost.adaboost:25 - model is <base_models.logistic_regression.LogisticRegressionModel object at 0x0000024A7F5BF220>
2025-05-27 01:34:34 [INFO] base_models.logistic_regression:57 - LogisticRegression final iteration 0, max_iter=850, learning_rate = 0.00707
2025-05-27 01:34:36 [INFO] base_models.logistic_regression:57 - LogisticRegression final iteration 849, max_iter=850, learning_rate = 0.00707
2025-05-27 01:34:36 [INFO] adaboost.adaboost:25 - model is <base_models.logistic_regression.LogisticRegressionModel object at 0x0000024A7F5BF0A0>
2025-05-27 01:34:36 [INFO] base_models.logistic_regression:57 - LogisticRegression final iteration 0, max_iter=850, learning_rate = 0.00707
2025-05-27 01:34:37 [INFO] base_models.logistic_regression:57 - LogisticRegression final iteration 849, max_iter=850, learning_rate = 0.00707
2025-05-27 01:34:37 [INFO] adaboost.adaboost:25 - model is <base_models.logistic_regression.LogisticRegressionModel object at 0x0000024A7F5BF160>
2025-05-27 01:34:37 [INFO] base_models.logistic_regression:57 - LogisticRegression final iteration 0, max_iter=850, learning_rate = 0.00707
2025-05-27 01:34:38 [INFO] base_models.logistic_regression:57 - LogisticRegression final iteration 849, max_iter=850, learning_rate = 0.00707
2025-05-27 01:34:38 [INFO] adaboost.adaboost:25 - model is <base_models.logistic_regression.LogisticRegressionModel object at 0x0000024A7F559700>
2025-05-27 01:34:38 [INFO] base_models.logistic_regression:57 - LogisticRegression final iteration 0, max_iter=850, learning_rate = 0.00707
2025-05-27 01:34:39 [INFO] base_models.logistic_regression:57 - LogisticRegression final iteration 849, max_iter=850, learning_rate = 0.00707
2025-05-27 01:34:39 [INFO] adaboost.adaboost:25 - model is <base_models.logistic_regression.LogisticRegressionModel object at 0x0000024A7F5597C0>
2025-05-27 01:34:39 [INFO] base_models.logistic_regression:57 - LogisticRegression final iteration 0, max_iter=850, learning_rate = 0.00707
2025-05-27 01:34:40 [INFO] base_models.logistic_regression:57 - LogisticRegression final iteration 849, max_iter=850, learning_rate = 0.00707
2025-05-27 01:34:40 [INFO] adaboost.adaboost:25 - model is <base_models.logistic_regression.LogisticRegressionModel object at 0x0000024A7F559790>
2025-05-27 01:34:40 [INFO] base_models.logistic_regression:57 - LogisticRegression final iteration 0, max_iter=850, learning_rate = 0.00707
2025-05-27 01:34:41 [INFO] base_models.logistic_regression:57 - LogisticRegression final iteration 849, max_iter=850, learning_rate = 0.00707
2025-05-27 01:34:41 [INFO] adaboost.adaboost:25 - model is <base_models.logistic_regression.LogisticRegressionModel object at 0x0000024A7F5596A0>
2025-05-27 01:34:41 [INFO] base_models.logistic_regression:57 - LogisticRegression final iteration 0, max_iter=850, learning_rate = 0.00707
2025-05-27 01:34:43 [INFO] base_models.logistic_regression:57 - LogisticRegression final iteration 849, max_iter=850, learning_rate = 0.00707
2025-05-27 01:34:43 [INFO] adaboost.adaboost:25 - model is <base_models.logistic_regression.LogisticRegressionModel object at 0x0000024A7F559550>
2025-05-27 01:34:43 [INFO] base_models.logistic_regression:57 - LogisticRegression final iteration 0, max_iter=850, learning_rate = 0.00707
2025-05-27 01:34:44 [INFO] base_models.logistic_regression:57 - LogisticRegression final iteration 849, max_iter=850, learning_rate = 0.00707
2025-05-27 01:34:44 [INFO] adaboost.adaboost:25 - model is <base_models.logistic_regression.LogisticRegressionModel object at 0x0000024A7F559730>
2025-05-27 01:34:44 [INFO] base_models.logistic_regression:57 - LogisticRegression final iteration 0, max_iter=850, learning_rate = 0.00707
2025-05-27 01:34:45 [INFO] base_models.logistic_regression:57 - LogisticRegression final iteration 849, max_iter=850, learning_rate = 0.00707
2025-05-27 01:34:45 [INFO] adaboost.adaboost:25 - model is <base_models.logistic_regression.LogisticRegressionModel object at 0x0000024A7F591310>
2025-05-27 01:34:45 [INFO] base_models.logistic_regression:57 - LogisticRegression final iteration 0, max_iter=850, learning_rate = 0.00707
2025-05-27 01:34:47 [INFO] base_models.logistic_regression:57 - LogisticRegression final iteration 849, max_iter=850, learning_rate = 0.00707
2025-05-27 01:34:47 [INFO] adaboost.adaboost:25 - model is <base_models.logistic_regression.LogisticRegressionModel object at 0x0000024A7F591430>
2025-05-27 01:34:47 [INFO] base_models.logistic_regression:57 - LogisticRegression final iteration 0, max_iter=850, learning_rate = 0.00707
2025-05-27 01:34:48 [INFO] base_models.logistic_regression:57 - LogisticRegression final iteration 849, max_iter=850, learning_rate = 0.00707
2025-05-27 01:34:48 [INFO] adaboost.adaboost:25 - model is <base_models.logistic_regression.LogisticRegressionModel object at 0x0000024A7F591490>
2025-05-27 01:34:48 [INFO] base_models.logistic_regression:57 - LogisticRegression final iteration 0, max_iter=850, learning_rate = 0.00707
2025-05-27 01:34:50 [INFO] base_models.logistic_regression:57 - LogisticRegression final iteration 849, max_iter=850, learning_rate = 0.00707
2025-05-27 01:34:50 [INFO] adaboost.adaboost:25 - model is <base_models.logistic_regression.LogisticRegressionModel object at 0x0000024A7F591550>
2025-05-27 01:34:50 [INFO] base_models.logistic_regression:57 - LogisticRegression final iteration 0, max_iter=850, learning_rate = 0.00707
2025-05-27 01:34:51 [INFO] base_models.logistic_regression:57 - LogisticRegression final iteration 849, max_iter=850, learning_rate = 0.00707
2025-05-27 01:34:51 [INFO] adaboost.adaboost:25 - model is <base_models.logistic_regression.LogisticRegressionModel object at 0x0000024A7F5916D0>
2025-05-27 01:34:51 [INFO] base_models.logistic_regression:57 - LogisticRegression final iteration 0, max_iter=850, learning_rate = 0.00707
2025-05-27 01:34:52 [INFO] base_models.logistic_regression:57 - LogisticRegression final iteration 849, max_iter=850, learning_rate = 0.00707
2025-05-27 01:34:52 [INFO] adaboost.adaboost:25 - model is <base_models.logistic_regression.LogisticRegressionModel object at 0x0000024A7F591730>
2025-05-27 01:34:52 [INFO] base_models.logistic_regression:57 - LogisticRegression final iteration 0, max_iter=850, learning_rate = 0.00707
2025-05-27 01:34:54 [INFO] base_models.logistic_regression:57 - LogisticRegression final iteration 849, max_iter=850, learning_rate = 0.00707
2025-05-27 01:34:54 [INFO] adaboost.adaboost:25 - model is <base_models.logistic_regression.LogisticRegressionModel object at 0x0000024A7F591790>
2025-05-27 01:34:54 [INFO] base_models.logistic_regression:57 - LogisticRegression final iteration 0, max_iter=850, learning_rate = 0.00707
2025-05-27 01:34:56 [INFO] base_models.logistic_regression:57 - LogisticRegression final iteration 849, max_iter=850, learning_rate = 0.00707
2025-05-27 01:34:56 [INFO] adaboost.adaboost:25 - model is <base_models.logistic_regression.LogisticRegressionModel object at 0x0000024A7F5917F0>
2025-05-27 01:34:56 [INFO] base_models.logistic_regression:57 - LogisticRegression final iteration 0, max_iter=850, learning_rate = 0.00707
2025-05-27 01:34:57 [INFO] base_models.logistic_regression:57 - LogisticRegression final iteration 849, max_iter=850, learning_rate = 0.00707
2025-05-27 01:34:57 [INFO] adaboost.adaboost:25 - model is <base_models.logistic_regression.LogisticRegressionModel object at 0x0000024A7F591850>
2025-05-27 01:34:57 [INFO] base_models.logistic_regression:57 - LogisticRegression final iteration 0, max_iter=850, learning_rate = 0.00707
2025-05-27 01:34:58 [INFO] base_models.logistic_regression:57 - LogisticRegression final iteration 849, max_iter=850, learning_rate = 0.00707
2025-05-27 01:34:58 [INFO] adaboost.adaboost:25 - model is <base_models.logistic_regression.LogisticRegressionModel object at 0x0000024A7F5918B0>
2025-05-27 01:34:58 [INFO] base_models.logistic_regression:57 - LogisticRegression final iteration 0, max_iter=850, learning_rate = 0.00707
2025-05-27 01:35:00 [INFO] base_models.logistic_regression:57 - LogisticRegression final iteration 849, max_iter=850, learning_rate = 0.00707
2025-05-27 01:35:00 [INFO] adaboost.adaboost:25 - model is <base_models.logistic_regression.LogisticRegressionModel object at 0x0000024A7F591910>
2025-05-27 01:35:00 [INFO] base_models.logistic_regression:57 - LogisticRegression final iteration 0, max_iter=850, learning_rate = 0.00707
2025-05-27 01:35:01 [INFO] base_models.logistic_regression:57 - LogisticRegression final iteration 849, max_iter=850, learning_rate = 0.00707
2025-05-27 01:35:01 [INFO] adaboost.adaboost:25 - model is <base_models.logistic_regression.LogisticRegressionModel object at 0x0000024A7F591970>
2025-05-27 01:35:01 [INFO] base_models.logistic_regression:57 - LogisticRegression final iteration 0, max_iter=850, learning_rate = 0.00707
2025-05-27 01:35:02 [INFO] base_models.logistic_regression:57 - LogisticRegression final iteration 849, max_iter=850, learning_rate = 0.00707
2025-05-27 01:35:02 [INFO] adaboost.adaboost:25 - model is <base_models.logistic_regression.LogisticRegressionModel object at 0x0000024A7F5919D0>
2025-05-27 01:35:02 [INFO] base_models.logistic_regression:57 - LogisticRegression final iteration 0, max_iter=850, learning_rate = 0.00707
2025-05-27 01:35:04 [INFO] base_models.logistic_regression:57 - LogisticRegression final iteration 849, max_iter=850, learning_rate = 0.00707
2025-05-27 01:35:04 [INFO] adaboost.adaboost:25 - model is <base_models.logistic_regression.LogisticRegressionModel object at 0x0000024A7F591A30>
2025-05-27 01:35:04 [INFO] base_models.logistic_regression:57 - LogisticRegression final iteration 0, max_iter=850, learning_rate = 0.00707
2025-05-27 01:35:05 [INFO] base_models.logistic_regression:57 - LogisticRegression final iteration 849, max_iter=850, learning_rate = 0.00707
2025-05-27 01:35:05 [INFO] adaboost.adaboost:25 - model is <base_models.logistic_regression.LogisticRegressionModel object at 0x0000024A7F591A90>
2025-05-27 01:35:05 [INFO] base_models.logistic_regression:57 - LogisticRegression final iteration 0, max_iter=850, learning_rate = 0.00707
2025-05-27 01:35:07 [INFO] base_models.logistic_regression:57 - LogisticRegression final iteration 849, max_iter=850, learning_rate = 0.00707
2025-05-27 01:35:07 [INFO] adaboost.adaboost:25 - model is <base_models.logistic_regression.LogisticRegressionModel object at 0x0000024A7F591AF0>
2025-05-27 01:35:07 [INFO] base_models.logistic_regression:57 - LogisticRegression final iteration 0, max_iter=850, learning_rate = 0.00707
2025-05-27 01:35:08 [INFO] base_models.logistic_regression:57 - LogisticRegression final iteration 849, max_iter=850, learning_rate = 0.00707
2025-05-27 01:35:08 [INFO] adaboost.adaboost:25 - model is <base_models.logistic_regression.LogisticRegressionModel object at 0x0000024A7F591B50>
2025-05-27 01:35:08 [INFO] base_models.logistic_regression:57 - LogisticRegression final iteration 0, max_iter=850, learning_rate = 0.00707
2025-05-27 01:35:09 [INFO] base_models.logistic_regression:57 - LogisticRegression final iteration 849, max_iter=850, learning_rate = 0.00707
2025-05-27 01:35:09 [INFO] adaboost.adaboost:25 - model is <base_models.logistic_regression.LogisticRegressionModel object at 0x0000024A7F591BB0>
2025-05-27 01:35:09 [INFO] base_models.logistic_regression:57 - LogisticRegression final iteration 0, max_iter=850, learning_rate = 0.00707
2025-05-27 01:35:11 [INFO] base_models.logistic_regression:57 - LogisticRegression final iteration 849, max_iter=850, learning_rate = 0.00707
2025-05-27 01:35:11 [INFO] adaboost.adaboost:25 - model is <base_models.logistic_regression.LogisticRegressionModel object at 0x0000024A7F591C40>
2025-05-27 01:35:11 [INFO] base_models.logistic_regression:57 - LogisticRegression final iteration 0, max_iter=850, learning_rate = 0.00707
2025-05-27 01:35:12 [INFO] base_models.logistic_regression:57 - LogisticRegression final iteration 849, max_iter=850, learning_rate = 0.00707
2025-05-27 01:35:12 [INFO] adaboost.adaboost:25 - model is <base_models.logistic_regression.LogisticRegressionModel object at 0x0000024A7F591D30>
2025-05-27 01:35:12 [INFO] base_models.logistic_regression:57 - LogisticRegression final iteration 0, max_iter=850, learning_rate = 0.00707
2025-05-27 01:35:13 [INFO] base_models.logistic_regression:57 - LogisticRegression final iteration 849, max_iter=850, learning_rate = 0.00707
2025-05-27 01:35:13 [INFO] adaboost.adaboost:25 - model is <base_models.logistic_regression.LogisticRegressionModel object at 0x0000024A7F591D90>
2025-05-27 01:35:13 [INFO] base_models.logistic_regression:57 - LogisticRegression final iteration 0, max_iter=850, learning_rate = 0.00707
2025-05-27 01:35:14 [INFO] base_models.logistic_regression:57 - LogisticRegression final iteration 849, max_iter=850, learning_rate = 0.00707
2025-05-27 01:35:14 [INFO] adaboost.adaboost:25 - model is <base_models.logistic_regression.LogisticRegressionModel object at 0x0000024A7F591DF0>
2025-05-27 01:35:14 [INFO] base_models.logistic_regression:57 - LogisticRegression final iteration 0, max_iter=850, learning_rate = 0.00707
2025-05-27 01:35:16 [INFO] base_models.logistic_regression:57 - LogisticRegression final iteration 849, max_iter=850, learning_rate = 0.00707
2025-05-27 01:35:16 [INFO] adaboost.adaboost:25 - model is <base_models.logistic_regression.LogisticRegressionModel object at 0x0000024A7F591E50>
2025-05-27 01:35:16 [INFO] base_models.logistic_regression:57 - LogisticRegression final iteration 0, max_iter=850, learning_rate = 0.00707
2025-05-27 01:35:17 [INFO] base_models.logistic_regression:57 - LogisticRegression final iteration 849, max_iter=850, learning_rate = 0.00707
2025-05-27 01:35:17 [INFO] adaboost.adaboost:25 - model is <base_models.logistic_regression.LogisticRegressionModel object at 0x0000024A7F591EB0>
2025-05-27 01:35:17 [INFO] base_models.logistic_regression:57 - LogisticRegression final iteration 0, max_iter=850, learning_rate = 0.00707
2025-05-27 01:35:18 [INFO] base_models.logistic_regression:57 - LogisticRegression final iteration 849, max_iter=850, learning_rate = 0.00707
2025-05-27 01:35:18 [INFO] adaboost.adaboost:25 - model is <base_models.logistic_regression.LogisticRegressionModel object at 0x0000024A7F591F10>
2025-05-27 01:35:18 [INFO] base_models.logistic_regression:57 - LogisticRegression final iteration 0, max_iter=850, learning_rate = 0.00707
2025-05-27 01:35:19 [INFO] base_models.logistic_regression:57 - LogisticRegression final iteration 849, max_iter=850, learning_rate = 0.00707
2025-05-27 01:35:19 [INFO] adaboost.adaboost:25 - model is <base_models.logistic_regression.LogisticRegressionModel object at 0x0000024A7F591F70>
2025-05-27 01:35:19 [INFO] base_models.logistic_regression:57 - LogisticRegression final iteration 0, max_iter=850, learning_rate = 0.00707
2025-05-27 01:35:20 [INFO] base_models.logistic_regression:57 - LogisticRegression final iteration 849, max_iter=850, learning_rate = 0.00707
2025-05-27 01:35:20 [INFO] adaboost.adaboost:25 - model is <base_models.logistic_regression.LogisticRegressionModel object at 0x0000024A7F591FD0>
2025-05-27 01:35:20 [INFO] base_models.logistic_regression:57 - LogisticRegression final iteration 0, max_iter=850, learning_rate = 0.00707
2025-05-27 01:35:21 [INFO] base_models.logistic_regression:57 - LogisticRegression final iteration 849, max_iter=850, learning_rate = 0.00707
2025-05-27 01:35:21 [INFO] adaboost.adaboost:25 - model is <base_models.logistic_regression.LogisticRegressionModel object at 0x0000024A7F591220>
2025-05-27 01:35:21 [INFO] base_models.logistic_regression:57 - LogisticRegression final iteration 0, max_iter=850, learning_rate = 0.00707
2025-05-27 01:35:22 [INFO] base_models.logistic_regression:57 - LogisticRegression final iteration 849, max_iter=850, learning_rate = 0.00707
2025-05-27 01:35:22 [INFO] adaboost.adaboost:25 - model is <base_models.logistic_regression.LogisticRegressionModel object at 0x0000024A7F591340>
2025-05-27 01:35:22 [INFO] base_models.logistic_regression:57 - LogisticRegression final iteration 0, max_iter=850, learning_rate = 0.00707
2025-05-27 01:35:23 [INFO] base_models.logistic_regression:57 - LogisticRegression final iteration 849, max_iter=850, learning_rate = 0.00707
2025-05-27 01:35:23 [INFO] adaboost.adaboost:25 - model is <base_models.logistic_regression.LogisticRegressionModel object at 0x0000024A7F5914C0>
2025-05-27 01:35:23 [INFO] base_models.logistic_regression:57 - LogisticRegression final iteration 0, max_iter=850, learning_rate = 0.00707
2025-05-27 01:35:25 [INFO] base_models.logistic_regression:57 - LogisticRegression final iteration 849, max_iter=850, learning_rate = 0.00707
2025-05-27 01:35:25 [INFO] adaboost.adaboost:25 - model is <base_models.logistic_regression.LogisticRegressionModel object at 0x0000024A7F5913D0>
2025-05-27 01:35:25 [INFO] base_models.logistic_regression:57 - LogisticRegression final iteration 0, max_iter=850, learning_rate = 0.00707
2025-05-27 01:35:26 [INFO] base_models.logistic_regression:57 - LogisticRegression final iteration 849, max_iter=850, learning_rate = 0.00707
2025-05-27 01:35:26 [INFO] adaboost.adaboost:25 - model is <base_models.logistic_regression.LogisticRegressionModel object at 0x0000024A7F5915B0>
2025-05-27 01:35:26 [INFO] base_models.logistic_regression:57 - LogisticRegression final iteration 0, max_iter=850, learning_rate = 0.00707
2025-05-27 01:35:27 [INFO] base_models.logistic_regression:57 - LogisticRegression final iteration 849, max_iter=850, learning_rate = 0.00707
2025-05-27 01:35:27 [INFO] adaboost.adaboost:25 - model is <base_models.logistic_regression.LogisticRegressionModel object at 0x0000024A7F591610>
2025-05-27 01:35:27 [INFO] base_models.logistic_regression:57 - LogisticRegression final iteration 0, max_iter=850, learning_rate = 0.00707
2025-05-27 01:35:28 [INFO] base_models.logistic_regression:57 - LogisticRegression final iteration 849, max_iter=850, learning_rate = 0.00707
2025-05-27 01:35:28 [INFO] adaboost.adaboost:25 - model is <base_models.logistic_regression.LogisticRegressionModel object at 0x0000024A7F591670>
2025-05-27 01:35:28 [INFO] base_models.logistic_regression:57 - LogisticRegression final iteration 0, max_iter=850, learning_rate = 0.00707
2025-05-27 01:35:29 [INFO] base_models.logistic_regression:57 - LogisticRegression final iteration 849, max_iter=850, learning_rate = 0.00707
2025-05-27 01:35:29 [INFO] adaboost.adaboost:25 - model is <base_models.logistic_regression.LogisticRegressionModel object at 0x0000024A2249A3A0>
2025-05-27 01:35:29 [INFO] base_models.logistic_regression:57 - LogisticRegression final iteration 0, max_iter=850, learning_rate = 0.00707
2025-05-27 01:35:30 [INFO] base_models.logistic_regression:57 - LogisticRegression final iteration 849, max_iter=850, learning_rate = 0.00707
2025-05-27 01:35:30 [INFO] adaboost.adaboost:25 - model is <base_models.logistic_regression.LogisticRegressionModel object at 0x0000024A2249A340>
2025-05-27 01:35:30 [INFO] base_models.logistic_regression:57 - LogisticRegression final iteration 0, max_iter=850, learning_rate = 0.00707
2025-05-27 01:35:32 [INFO] base_models.logistic_regression:57 - LogisticRegression final iteration 849, max_iter=850, learning_rate = 0.00707
2025-05-27 01:35:32 [INFO] adaboost.adaboost:25 - model is <base_models.logistic_regression.LogisticRegressionModel object at 0x0000024A2249A220>
2025-05-27 01:35:32 [INFO] base_models.logistic_regression:57 - LogisticRegression final iteration 0, max_iter=850, learning_rate = 0.00707
2025-05-27 01:35:33 [INFO] base_models.logistic_regression:57 - LogisticRegression final iteration 849, max_iter=850, learning_rate = 0.00707
2025-05-27 01:35:33 [INFO] adaboost.adaboost:25 - model is <base_models.logistic_regression.LogisticRegressionModel object at 0x0000024A2249A040>
2025-05-27 01:35:33 [INFO] base_models.logistic_regression:57 - LogisticRegression final iteration 0, max_iter=850, learning_rate = 0.00707
2025-05-27 01:35:34 [INFO] base_models.logistic_regression:57 - LogisticRegression final iteration 849, max_iter=850, learning_rate = 0.00707
2025-05-27 01:35:34 [INFO] adaboost.adaboost:25 - model is <base_models.logistic_regression.LogisticRegressionModel object at 0x0000024A2249A0A0>
2025-05-27 01:35:34 [INFO] base_models.logistic_regression:57 - LogisticRegression final iteration 0, max_iter=850, learning_rate = 0.00707
2025-05-27 01:35:36 [INFO] base_models.logistic_regression:57 - LogisticRegression final iteration 849, max_iter=850, learning_rate = 0.00707
2025-05-27 01:35:36 [INFO] adaboost.adaboost:25 - model is <base_models.logistic_regression.LogisticRegressionModel object at 0x0000024A7F555670>
2025-05-27 01:35:36 [INFO] base_models.logistic_regression:57 - LogisticRegression final iteration 0, max_iter=850, learning_rate = 0.00707
2025-05-27 01:35:37 [INFO] base_models.logistic_regression:57 - LogisticRegression final iteration 849, max_iter=850, learning_rate = 0.00707
2025-05-27 01:35:37 [INFO] adaboost.adaboost:25 - model is <base_models.logistic_regression.LogisticRegressionModel object at 0x0000024A7F5211F0>
2025-05-27 01:35:37 [INFO] base_models.logistic_regression:57 - LogisticRegression final iteration 0, max_iter=850, learning_rate = 0.00707
2025-05-27 01:35:38 [INFO] base_models.logistic_regression:57 - LogisticRegression final iteration 849, max_iter=850, learning_rate = 0.00707
2025-05-27 01:35:38 [INFO] adaboost.adaboost:25 - model is <base_models.logistic_regression.LogisticRegressionModel object at 0x0000024A78DC5C70>
2025-05-27 01:35:38 [INFO] base_models.logistic_regression:57 - LogisticRegression final iteration 0, max_iter=850, learning_rate = 0.00707
2025-05-27 01:35:39 [INFO] base_models.logistic_regression:57 - LogisticRegression final iteration 849, max_iter=850, learning_rate = 0.00707
2025-05-27 01:35:39 [INFO] adaboost.adaboost:25 - model is <base_models.logistic_regression.LogisticRegressionModel object at 0x0000024A7F4FFC40>
2025-05-27 01:35:39 [INFO] base_models.logistic_regression:57 - LogisticRegression final iteration 0, max_iter=850, learning_rate = 0.00707
2025-05-27 01:35:40 [INFO] base_models.logistic_regression:57 - LogisticRegression final iteration 849, max_iter=850, learning_rate = 0.00707
2025-05-27 01:35:40 [INFO] adaboost.adaboost:25 - model is <base_models.logistic_regression.LogisticRegressionModel object at 0x0000024A22492F10>
2025-05-27 01:35:40 [INFO] base_models.logistic_regression:57 - LogisticRegression final iteration 0, max_iter=850, learning_rate = 0.00707
2025-05-27 01:35:42 [INFO] base_models.logistic_regression:57 - LogisticRegression final iteration 849, max_iter=850, learning_rate = 0.00707
2025-05-27 01:35:42 [INFO] adaboost.adaboost:25 - model is <base_models.logistic_regression.LogisticRegressionModel object at 0x0000024A22492F70>
2025-05-27 01:35:42 [INFO] base_models.logistic_regression:57 - LogisticRegression final iteration 0, max_iter=850, learning_rate = 0.00707
2025-05-27 01:35:43 [INFO] base_models.logistic_regression:57 - LogisticRegression final iteration 849, max_iter=850, learning_rate = 0.00707
2025-05-27 01:35:43 [INFO] adaboost.adaboost:25 - model is <base_models.logistic_regression.LogisticRegressionModel object at 0x0000024A7F5122E0>
2025-05-27 01:35:43 [INFO] base_models.logistic_regression:57 - LogisticRegression final iteration 0, max_iter=850, learning_rate = 0.00707
2025-05-27 01:35:44 [INFO] base_models.logistic_regression:57 - LogisticRegression final iteration 849, max_iter=850, learning_rate = 0.00707
2025-05-27 01:35:44 [INFO] adaboost.adaboost:25 - model is <base_models.logistic_regression.LogisticRegressionModel object at 0x0000024A22F17070>
2025-05-27 01:35:44 [INFO] base_models.logistic_regression:57 - LogisticRegression final iteration 0, max_iter=850, learning_rate = 0.00707
2025-05-27 01:35:46 [INFO] base_models.logistic_regression:57 - LogisticRegression final iteration 849, max_iter=850, learning_rate = 0.00707
2025-05-27 01:35:46 [INFO] adaboost.adaboost:25 - model is <base_models.logistic_regression.LogisticRegressionModel object at 0x0000024A22F17190>
2025-05-27 01:35:46 [INFO] base_models.logistic_regression:57 - LogisticRegression final iteration 0, max_iter=850, learning_rate = 0.00707
2025-05-27 01:35:47 [INFO] base_models.logistic_regression:57 - LogisticRegression final iteration 849, max_iter=850, learning_rate = 0.00707
2025-05-27 01:35:47 [INFO] adaboost.adaboost:25 - model is <base_models.logistic_regression.LogisticRegressionModel object at 0x0000024A22F171F0>
2025-05-27 01:35:47 [INFO] base_models.logistic_regression:57 - LogisticRegression final iteration 0, max_iter=850, learning_rate = 0.00707
2025-05-27 01:35:48 [INFO] base_models.logistic_regression:57 - LogisticRegression final iteration 849, max_iter=850, learning_rate = 0.00707
2025-05-27 01:35:48 [INFO] adaboost.adaboost:25 - model is <base_models.logistic_regression.LogisticRegressionModel object at 0x0000024A22F172B0>
2025-05-27 01:35:48 [INFO] base_models.logistic_regression:57 - LogisticRegression final iteration 0, max_iter=850, learning_rate = 0.00707
2025-05-27 01:35:49 [INFO] base_models.logistic_regression:57 - LogisticRegression final iteration 849, max_iter=850, learning_rate = 0.00707
2025-05-27 01:35:49 [INFO] adaboost.adaboost:25 - model is <base_models.logistic_regression.LogisticRegressionModel object at 0x0000024A22F173D0>
2025-05-27 01:35:49 [INFO] base_models.logistic_regression:57 - LogisticRegression final iteration 0, max_iter=850, learning_rate = 0.00707
2025-05-27 01:35:50 [INFO] base_models.logistic_regression:57 - LogisticRegression final iteration 849, max_iter=850, learning_rate = 0.00707
2025-05-27 01:35:50 [INFO] adaboost.adaboost:25 - model is <base_models.logistic_regression.LogisticRegressionModel object at 0x0000024A22F17430>
2025-05-27 01:35:50 [INFO] base_models.logistic_regression:57 - LogisticRegression final iteration 0, max_iter=850, learning_rate = 0.00707
2025-05-27 01:35:51 [INFO] base_models.logistic_regression:57 - LogisticRegression final iteration 849, max_iter=850, learning_rate = 0.00707
2025-05-27 01:35:51 [INFO] adaboost.adaboost:25 - model is <base_models.logistic_regression.LogisticRegressionModel object at 0x0000024A22F17490>
2025-05-27 01:35:51 [INFO] base_models.logistic_regression:57 - LogisticRegression final iteration 0, max_iter=850, learning_rate = 0.00707
2025-05-27 01:35:52 [INFO] base_models.logistic_regression:57 - LogisticRegression final iteration 849, max_iter=850, learning_rate = 0.00707
2025-05-27 01:35:52 [INFO] adaboost.adaboost:25 - model is <base_models.logistic_regression.LogisticRegressionModel object at 0x0000024A22F174F0>
2025-05-27 01:35:52 [INFO] base_models.logistic_regression:57 - LogisticRegression final iteration 0, max_iter=850, learning_rate = 0.00707
2025-05-27 01:35:53 [INFO] base_models.logistic_regression:57 - LogisticRegression final iteration 849, max_iter=850, learning_rate = 0.00707
2025-05-27 01:35:53 [INFO] adaboost.adaboost:25 - model is <base_models.logistic_regression.LogisticRegressionModel object at 0x0000024A22F17550>
2025-05-27 01:35:53 [INFO] base_models.logistic_regression:57 - LogisticRegression final iteration 0, max_iter=850, learning_rate = 0.00707
2025-05-27 01:35:55 [INFO] base_models.logistic_regression:57 - LogisticRegression final iteration 849, max_iter=850, learning_rate = 0.00707
2025-05-27 01:35:55 [INFO] adaboost.adaboost:25 - model is <base_models.logistic_regression.LogisticRegressionModel object at 0x0000024A22F175B0>
2025-05-27 01:35:55 [INFO] base_models.logistic_regression:57 - LogisticRegression final iteration 0, max_iter=850, learning_rate = 0.00707
2025-05-27 01:35:57 [INFO] base_models.logistic_regression:57 - LogisticRegression final iteration 849, max_iter=850, learning_rate = 0.00707
2025-05-27 01:35:57 [INFO] adaboost.adaboost:25 - model is <base_models.logistic_regression.LogisticRegressionModel object at 0x0000024A22F17610>
2025-05-27 01:35:57 [INFO] base_models.logistic_regression:57 - LogisticRegression final iteration 0, max_iter=850, learning_rate = 0.00707
2025-05-27 01:35:58 [INFO] base_models.logistic_regression:57 - LogisticRegression final iteration 849, max_iter=850, learning_rate = 0.00707
2025-05-27 01:35:58 [INFO] adaboost.adaboost:25 - model is <base_models.logistic_regression.LogisticRegressionModel object at 0x0000024A22F17670>
2025-05-27 01:35:58 [INFO] base_models.logistic_regression:57 - LogisticRegression final iteration 0, max_iter=850, learning_rate = 0.00707
2025-05-27 01:35:59 [INFO] base_models.logistic_regression:57 - LogisticRegression final iteration 849, max_iter=850, learning_rate = 0.00707
2025-05-27 01:35:59 [INFO] adaboost.adaboost:25 - model is <base_models.logistic_regression.LogisticRegressionModel object at 0x0000024A22F176D0>
2025-05-27 01:35:59 [INFO] base_models.logistic_regression:57 - LogisticRegression final iteration 0, max_iter=850, learning_rate = 0.00707
2025-05-27 01:36:01 [INFO] base_models.logistic_regression:57 - LogisticRegression final iteration 849, max_iter=850, learning_rate = 0.00707
2025-05-27 01:36:01 [INFO] adaboost.adaboost:25 - model is <base_models.logistic_regression.LogisticRegressionModel object at 0x0000024A22F17730>
2025-05-27 01:36:01 [INFO] base_models.logistic_regression:57 - LogisticRegression final iteration 0, max_iter=850, learning_rate = 0.00707
2025-05-27 01:36:02 [INFO] base_models.logistic_regression:57 - LogisticRegression final iteration 849, max_iter=850, learning_rate = 0.00707
2025-05-27 01:36:02 [INFO] adaboost.adaboost:25 - model is <base_models.logistic_regression.LogisticRegressionModel object at 0x0000024A22F17790>
2025-05-27 01:36:02 [INFO] base_models.logistic_regression:57 - LogisticRegression final iteration 0, max_iter=850, learning_rate = 0.00707
2025-05-27 01:36:04 [INFO] base_models.logistic_regression:57 - LogisticRegression final iteration 849, max_iter=850, learning_rate = 0.00707
2025-05-27 01:36:04 [INFO] adaboost.adaboost:25 - model is <base_models.logistic_regression.LogisticRegressionModel object at 0x0000024A22F177F0>
2025-05-27 01:36:04 [INFO] base_models.logistic_regression:57 - LogisticRegression final iteration 0, max_iter=850, learning_rate = 0.00707
2025-05-27 01:36:05 [INFO] base_models.logistic_regression:57 - LogisticRegression final iteration 849, max_iter=850, learning_rate = 0.00707
2025-05-27 01:36:05 [INFO] adaboost.adaboost:25 - model is <base_models.logistic_regression.LogisticRegressionModel object at 0x0000024A22F17850>
2025-05-27 01:36:05 [INFO] base_models.logistic_regression:57 - LogisticRegression final iteration 0, max_iter=850, learning_rate = 0.00707
2025-05-27 01:36:07 [INFO] base_models.logistic_regression:57 - LogisticRegression final iteration 849, max_iter=850, learning_rate = 0.00707
2025-05-27 01:36:07 [INFO] adaboost.adaboost:25 - model is <base_models.logistic_regression.LogisticRegressionModel object at 0x0000024A22F178B0>
2025-05-27 01:36:07 [INFO] base_models.logistic_regression:57 - LogisticRegression final iteration 0, max_iter=850, learning_rate = 0.00707
2025-05-27 01:36:08 [INFO] base_models.logistic_regression:57 - LogisticRegression final iteration 849, max_iter=850, learning_rate = 0.00707
2025-05-27 01:36:08 [INFO] adaboost.adaboost:25 - model is <base_models.logistic_regression.LogisticRegressionModel object at 0x0000024A22F17910>
2025-05-27 01:36:08 [INFO] base_models.logistic_regression:57 - LogisticRegression final iteration 0, max_iter=850, learning_rate = 0.00707
2025-05-27 01:36:09 [INFO] base_models.logistic_regression:57 - LogisticRegression final iteration 849, max_iter=850, learning_rate = 0.00707
2025-05-27 01:36:09 [INFO] adaboost.adaboost:25 - model is <base_models.logistic_regression.LogisticRegressionModel object at 0x0000024A22F17970>
2025-05-27 01:36:09 [INFO] base_models.logistic_regression:57 - LogisticRegression final iteration 0, max_iter=850, learning_rate = 0.00707
2025-05-27 01:36:11 [INFO] base_models.logistic_regression:57 - LogisticRegression final iteration 849, max_iter=850, learning_rate = 0.00707
2025-05-27 01:36:11 [INFO] adaboost.adaboost:25 - model is <base_models.logistic_regression.LogisticRegressionModel object at 0x0000024A22F179D0>
2025-05-27 01:36:11 [INFO] base_models.logistic_regression:57 - LogisticRegression final iteration 0, max_iter=850, learning_rate = 0.00707
2025-05-27 01:36:12 [INFO] base_models.logistic_regression:57 - LogisticRegression final iteration 849, max_iter=850, learning_rate = 0.00707
2025-05-27 01:36:12 [INFO] adaboost.adaboost:25 - model is <base_models.logistic_regression.LogisticRegressionModel object at 0x0000024A22F17A30>
2025-05-27 01:36:12 [INFO] base_models.logistic_regression:57 - LogisticRegression final iteration 0, max_iter=850, learning_rate = 0.00707
2025-05-27 01:36:13 [INFO] base_models.logistic_regression:57 - LogisticRegression final iteration 849, max_iter=850, learning_rate = 0.00707
2025-05-27 01:36:13 [INFO] adaboost.adaboost:25 - model is <base_models.logistic_regression.LogisticRegressionModel object at 0x0000024A22F17A90>
2025-05-27 01:36:13 [INFO] base_models.logistic_regression:57 - LogisticRegression final iteration 0, max_iter=850, learning_rate = 0.00707
2025-05-27 01:36:14 [INFO] base_models.logistic_regression:57 - LogisticRegression final iteration 849, max_iter=850, learning_rate = 0.00707
2025-05-27 01:36:14 [INFO] adaboost.adaboost:25 - model is <base_models.logistic_regression.LogisticRegressionModel object at 0x0000024A22F17AF0>
2025-05-27 01:36:14 [INFO] base_models.logistic_regression:57 - LogisticRegression final iteration 0, max_iter=850, learning_rate = 0.00707
2025-05-27 01:36:15 [INFO] base_models.logistic_regression:57 - LogisticRegression final iteration 849, max_iter=850, learning_rate = 0.00707
2025-05-27 01:36:15 [INFO] adaboost.adaboost:25 - model is <base_models.logistic_regression.LogisticRegressionModel object at 0x0000024A22F17B50>
2025-05-27 01:36:15 [INFO] base_models.logistic_regression:57 - LogisticRegression final iteration 0, max_iter=850, learning_rate = 0.00707
2025-05-27 01:36:16 [INFO] base_models.logistic_regression:57 - LogisticRegression final iteration 849, max_iter=850, learning_rate = 0.00707
2025-05-27 01:36:16 [INFO] adaboost.adaboost:25 - model is <base_models.logistic_regression.LogisticRegressionModel object at 0x0000024A22F17BB0>
2025-05-27 01:36:16 [INFO] base_models.logistic_regression:57 - LogisticRegression final iteration 0, max_iter=850, learning_rate = 0.00707
2025-05-27 01:36:17 [INFO] base_models.logistic_regression:57 - LogisticRegression final iteration 849, max_iter=850, learning_rate = 0.00707
2025-05-27 01:36:17 [INFO] adaboost.adaboost:25 - model is <base_models.logistic_regression.LogisticRegressionModel object at 0x0000024A22F17C40>
2025-05-27 01:36:17 [INFO] base_models.logistic_regression:57 - LogisticRegression final iteration 0, max_iter=850, learning_rate = 0.00707
2025-05-27 01:36:18 [INFO] base_models.logistic_regression:57 - LogisticRegression final iteration 849, max_iter=850, learning_rate = 0.00707
2025-05-27 01:36:18 [INFO] adaboost.adaboost:25 - model is <base_models.logistic_regression.LogisticRegressionModel object at 0x0000024A22F17CA0>
2025-05-27 01:36:18 [INFO] base_models.logistic_regression:57 - LogisticRegression final iteration 0, max_iter=850, learning_rate = 0.00707
2025-05-27 01:36:19 [INFO] base_models.logistic_regression:57 - LogisticRegression final iteration 849, max_iter=850, learning_rate = 0.00707
2025-05-27 01:36:19 [INFO] adaboost.adaboost:25 - model is <base_models.logistic_regression.LogisticRegressionModel object at 0x0000024A22F17D00>
2025-05-27 01:36:19 [INFO] base_models.logistic_regression:57 - LogisticRegression final iteration 0, max_iter=850, learning_rate = 0.00707
2025-05-27 01:36:20 [INFO] base_models.logistic_regression:57 - LogisticRegression final iteration 849, max_iter=850, learning_rate = 0.00707
2025-05-27 01:36:20 [INFO] adaboost.adaboost:25 - model is <base_models.logistic_regression.LogisticRegressionModel object at 0x0000024A22F17D60>
2025-05-27 01:36:20 [INFO] base_models.logistic_regression:57 - LogisticRegression final iteration 0, max_iter=850, learning_rate = 0.00707
2025-05-27 01:36:21 [INFO] base_models.logistic_regression:57 - LogisticRegression final iteration 849, max_iter=850, learning_rate = 0.00707
2025-05-27 01:36:21 [INFO] adaboost.adaboost:25 - model is <base_models.logistic_regression.LogisticRegressionModel object at 0x0000024A22F17DC0>
2025-05-27 01:36:21 [INFO] base_models.logistic_regression:57 - LogisticRegression final iteration 0, max_iter=850, learning_rate = 0.00707
2025-05-27 01:36:22 [INFO] base_models.logistic_regression:57 - LogisticRegression final iteration 849, max_iter=850, learning_rate = 0.00707
2025-05-27 01:36:22 [INFO] adaboost.adaboost:25 - model is <base_models.logistic_regression.LogisticRegressionModel object at 0x0000024A22F17E20>
2025-05-27 01:36:22 [INFO] base_models.logistic_regression:57 - LogisticRegression final iteration 0, max_iter=850, learning_rate = 0.00707
2025-05-27 01:36:23 [INFO] base_models.logistic_regression:57 - LogisticRegression final iteration 849, max_iter=850, learning_rate = 0.00707
2025-05-27 01:36:23 [INFO] adaboost.adaboost:25 - model is <base_models.logistic_regression.LogisticRegressionModel object at 0x0000024A22F17E80>
2025-05-27 01:36:23 [INFO] base_models.logistic_regression:57 - LogisticRegression final iteration 0, max_iter=850, learning_rate = 0.00707
2025-05-27 01:36:24 [INFO] base_models.logistic_regression:57 - LogisticRegression final iteration 849, max_iter=850, learning_rate = 0.00707
2025-05-27 01:36:24 [INFO] adaboost.adaboost:25 - model is <base_models.logistic_regression.LogisticRegressionModel object at 0x0000024A22F17EE0>
2025-05-27 01:36:24 [INFO] base_models.logistic_regression:57 - LogisticRegression final iteration 0, max_iter=850, learning_rate = 0.00707
2025-05-27 01:36:25 [INFO] base_models.logistic_regression:57 - LogisticRegression final iteration 849, max_iter=850, learning_rate = 0.00707
2025-05-27 01:36:25 [INFO] adaboost.adaboost:25 - model is <base_models.logistic_regression.LogisticRegressionModel object at 0x0000024A22F17F40>
2025-05-27 01:36:25 [INFO] base_models.logistic_regression:57 - LogisticRegression final iteration 0, max_iter=850, learning_rate = 0.00707
2025-05-27 01:36:26 [INFO] base_models.logistic_regression:57 - LogisticRegression final iteration 849, max_iter=850, learning_rate = 0.00707
2025-05-27 01:36:26 [INFO] adaboost.adaboost:25 - model is <base_models.logistic_regression.LogisticRegressionModel object at 0x0000024A22F17FA0>
2025-05-27 01:36:26 [INFO] base_models.logistic_regression:57 - LogisticRegression final iteration 0, max_iter=850, learning_rate = 0.00707
2025-05-27 01:36:27 [INFO] base_models.logistic_regression:57 - LogisticRegression final iteration 849, max_iter=850, learning_rate = 0.00707
2025-05-27 01:36:27 [INFO] adaboost.adaboost:25 - model is <base_models.logistic_regression.LogisticRegressionModel object at 0x0000024A22F170A0>
2025-05-27 01:36:27 [INFO] base_models.logistic_regression:57 - LogisticRegression final iteration 0, max_iter=850, learning_rate = 0.00707
2025-05-27 01:36:28 [INFO] base_models.logistic_regression:57 - LogisticRegression final iteration 849, max_iter=850, learning_rate = 0.00707
2025-05-27 01:36:28 [INFO] adaboost.adaboost:25 - model is <base_models.logistic_regression.LogisticRegressionModel object at 0x0000024A22F17220>
2025-05-27 01:36:28 [INFO] base_models.logistic_regression:57 - LogisticRegression final iteration 0, max_iter=850, learning_rate = 0.00707
2025-05-27 01:36:30 [INFO] base_models.logistic_regression:57 - LogisticRegression final iteration 849, max_iter=850, learning_rate = 0.00707
2025-05-27 01:36:30 [INFO] adaboost.adaboost:25 - model is <base_models.logistic_regression.LogisticRegressionModel object at 0x0000024A22F17130>
2025-05-27 01:36:30 [INFO] base_models.logistic_regression:57 - LogisticRegression final iteration 0, max_iter=850, learning_rate = 0.00707
2025-05-27 01:36:31 [INFO] base_models.logistic_regression:57 - LogisticRegression final iteration 849, max_iter=850, learning_rate = 0.00707
2025-05-27 01:36:31 [INFO] adaboost.adaboost:25 - model is <base_models.logistic_regression.LogisticRegressionModel object at 0x0000024A22F17310>
2025-05-27 01:36:31 [INFO] base_models.logistic_regression:57 - LogisticRegression final iteration 0, max_iter=850, learning_rate = 0.00707
2025-05-27 01:36:32 [INFO] base_models.logistic_regression:57 - LogisticRegression final iteration 849, max_iter=850, learning_rate = 0.00707
2025-05-27 01:36:32 [INFO] adaboost.adaboost:25 - model is <base_models.logistic_regression.LogisticRegressionModel object at 0x0000024A22F17370>
2025-05-27 01:36:32 [INFO] base_models.logistic_regression:57 - LogisticRegression final iteration 0, max_iter=850, learning_rate = 0.00707
2025-05-27 01:36:33 [INFO] base_models.logistic_regression:57 - LogisticRegression final iteration 849, max_iter=850, learning_rate = 0.00707
2025-05-27 01:36:33 [INFO] adaboost.adaboost:25 - model is <base_models.logistic_regression.LogisticRegressionModel object at 0x0000024A7F5BF0D0>
2025-05-27 01:36:33 [INFO] base_models.logistic_regression:57 - LogisticRegression final iteration 0, max_iter=850, learning_rate = 0.00707
2025-05-27 01:36:34 [INFO] base_models.logistic_regression:57 - LogisticRegression final iteration 849, max_iter=850, learning_rate = 0.00707
2025-05-27 01:36:34 [INFO] adaboost.adaboost:25 - model is <base_models.logistic_regression.LogisticRegressionModel object at 0x0000024A7F5BF190>
2025-05-27 01:36:34 [INFO] base_models.logistic_regression:57 - LogisticRegression final iteration 0, max_iter=850, learning_rate = 0.00707
2025-05-27 01:36:35 [INFO] base_models.logistic_regression:57 - LogisticRegression final iteration 849, max_iter=850, learning_rate = 0.00707
2025-05-27 01:36:35 [INFO] adaboost.adaboost:25 - model is <base_models.logistic_regression.LogisticRegressionModel object at 0x0000024A7F5BF1F0>
2025-05-27 01:36:35 [INFO] base_models.logistic_regression:57 - LogisticRegression final iteration 0, max_iter=850, learning_rate = 0.00707
2025-05-27 01:36:36 [INFO] base_models.logistic_regression:57 - LogisticRegression final iteration 849, max_iter=850, learning_rate = 0.00707
2025-05-27 01:36:36 [INFO] adaboost.adaboost:25 - model is <base_models.logistic_regression.LogisticRegressionModel object at 0x0000024A7F5BF040>
2025-05-27 01:36:36 [INFO] base_models.logistic_regression:57 - LogisticRegression final iteration 0, max_iter=850, learning_rate = 0.00707
2025-05-27 01:36:37 [INFO] base_models.logistic_regression:57 - LogisticRegression final iteration 849, max_iter=850, learning_rate = 0.00707
2025-05-27 01:36:37 [INFO] adaboost.adaboost:25 - model is <base_models.logistic_regression.LogisticRegressionModel object at 0x0000024A7F5BF220>
2025-05-27 01:36:37 [INFO] base_models.logistic_regression:57 - LogisticRegression final iteration 0, max_iter=850, learning_rate = 0.00707
2025-05-27 01:36:38 [INFO] base_models.logistic_regression:57 - LogisticRegression final iteration 849, max_iter=850, learning_rate = 0.00707
2025-05-27 01:36:38 [INFO] adaboost.adaboost:25 - model is <base_models.logistic_regression.LogisticRegressionModel object at 0x0000024A7F5BF0A0>
2025-05-27 01:36:38 [INFO] base_models.logistic_regression:57 - LogisticRegression final iteration 0, max_iter=850, learning_rate = 0.00707
2025-05-27 01:36:39 [INFO] base_models.logistic_regression:57 - LogisticRegression final iteration 849, max_iter=850, learning_rate = 0.00707
2025-05-27 01:36:39 [INFO] adaboost.adaboost:25 - model is <base_models.logistic_regression.LogisticRegressionModel object at 0x0000024A7F5BF160>
2025-05-27 01:36:39 [INFO] base_models.logistic_regression:57 - LogisticRegression final iteration 0, max_iter=850, learning_rate = 0.00707
2025-05-27 01:36:40 [INFO] base_models.logistic_regression:57 - LogisticRegression final iteration 849, max_iter=850, learning_rate = 0.00707
2025-05-27 01:36:40 [INFO] adaboost.adaboost:25 - model is <base_models.logistic_regression.LogisticRegressionModel object at 0x0000024A7F559700>
2025-05-27 01:36:40 [INFO] base_models.logistic_regression:57 - LogisticRegression final iteration 0, max_iter=850, learning_rate = 0.00707
2025-05-27 01:36:41 [INFO] base_models.logistic_regression:57 - LogisticRegression final iteration 849, max_iter=850, learning_rate = 0.00707
2025-05-27 01:36:41 [INFO] adaboost.adaboost:25 - model is <base_models.logistic_regression.LogisticRegressionModel object at 0x0000024A7F5597C0>
2025-05-27 01:36:41 [INFO] base_models.logistic_regression:57 - LogisticRegression final iteration 0, max_iter=850, learning_rate = 0.00707
2025-05-27 01:36:42 [INFO] base_models.logistic_regression:57 - LogisticRegression final iteration 849, max_iter=850, learning_rate = 0.00707
2025-05-27 01:36:42 [INFO] adaboost.adaboost:25 - model is <base_models.logistic_regression.LogisticRegressionModel object at 0x0000024A7F559790>
2025-05-27 01:36:42 [INFO] base_models.logistic_regression:57 - LogisticRegression final iteration 0, max_iter=850, learning_rate = 0.00707
2025-05-27 01:36:43 [INFO] base_models.logistic_regression:57 - LogisticRegression final iteration 849, max_iter=850, learning_rate = 0.00707
2025-05-27 01:36:43 [INFO] adaboost.adaboost:25 - model is <base_models.logistic_regression.LogisticRegressionModel object at 0x0000024A7F5596A0>
2025-05-27 01:36:43 [INFO] base_models.logistic_regression:57 - LogisticRegression final iteration 0, max_iter=850, learning_rate = 0.00707
2025-05-27 01:36:44 [INFO] base_models.logistic_regression:57 - LogisticRegression final iteration 849, max_iter=850, learning_rate = 0.00707
2025-05-27 01:36:44 [INFO] adaboost.adaboost:25 - model is <base_models.logistic_regression.LogisticRegressionModel object at 0x0000024A7F559550>
2025-05-27 01:36:44 [INFO] base_models.logistic_regression:57 - LogisticRegression final iteration 0, max_iter=850, learning_rate = 0.00707
2025-05-27 01:36:45 [INFO] base_models.logistic_regression:57 - LogisticRegression final iteration 849, max_iter=850, learning_rate = 0.00707
2025-05-27 01:36:45 [INFO] adaboost.adaboost:25 - model is <base_models.logistic_regression.LogisticRegressionModel object at 0x0000024A7F559730>
2025-05-27 01:36:45 [INFO] base_models.logistic_regression:57 - LogisticRegression final iteration 0, max_iter=850, learning_rate = 0.00707
2025-05-27 01:36:46 [INFO] base_models.logistic_regression:57 - LogisticRegression final iteration 849, max_iter=850, learning_rate = 0.00707
2025-05-27 01:36:46 [INFO] adaboost.adaboost:25 - model is <base_models.logistic_regression.LogisticRegressionModel object at 0x0000024A7F591310>
2025-05-27 01:36:46 [INFO] base_models.logistic_regression:57 - LogisticRegression final iteration 0, max_iter=850, learning_rate = 0.00707
2025-05-27 01:36:47 [INFO] base_models.logistic_regression:57 - LogisticRegression final iteration 849, max_iter=850, learning_rate = 0.00707
2025-05-27 01:36:47 [INFO] adaboost.adaboost:25 - model is <base_models.logistic_regression.LogisticRegressionModel object at 0x0000024A7F591430>
2025-05-27 01:36:47 [INFO] base_models.logistic_regression:57 - LogisticRegression final iteration 0, max_iter=850, learning_rate = 0.00707
2025-05-27 01:36:48 [INFO] base_models.logistic_regression:57 - LogisticRegression final iteration 849, max_iter=850, learning_rate = 0.00707
2025-05-27 01:36:48 [INFO] adaboost.adaboost:25 - model is <base_models.logistic_regression.LogisticRegressionModel object at 0x0000024A7F591490>
2025-05-27 01:36:48 [INFO] base_models.logistic_regression:57 - LogisticRegression final iteration 0, max_iter=850, learning_rate = 0.00707
2025-05-27 01:36:49 [INFO] base_models.logistic_regression:57 - LogisticRegression final iteration 849, max_iter=850, learning_rate = 0.00707
2025-05-27 01:36:49 [INFO] adaboost.adaboost:25 - model is <base_models.logistic_regression.LogisticRegressionModel object at 0x0000024A7F591550>
2025-05-27 01:36:49 [INFO] base_models.logistic_regression:57 - LogisticRegression final iteration 0, max_iter=850, learning_rate = 0.00707
2025-05-27 01:36:50 [INFO] base_models.logistic_regression:57 - LogisticRegression final iteration 849, max_iter=850, learning_rate = 0.00707
2025-05-27 01:36:50 [INFO] adaboost.adaboost:25 - model is <base_models.logistic_regression.LogisticRegressionModel object at 0x0000024A7F5916D0>
2025-05-27 01:36:50 [INFO] base_models.logistic_regression:57 - LogisticRegression final iteration 0, max_iter=850, learning_rate = 0.00707
2025-05-27 01:36:52 [INFO] base_models.logistic_regression:57 - LogisticRegression final iteration 849, max_iter=850, learning_rate = 0.00707
2025-05-27 01:36:52 [INFO] adaboost.adaboost:25 - model is <base_models.logistic_regression.LogisticRegressionModel object at 0x0000024A7F591730>
2025-05-27 01:36:52 [INFO] base_models.logistic_regression:57 - LogisticRegression final iteration 0, max_iter=850, learning_rate = 0.00707
2025-05-27 01:36:53 [INFO] base_models.logistic_regression:57 - LogisticRegression final iteration 849, max_iter=850, learning_rate = 0.00707
2025-05-27 01:36:53 [INFO] adaboost.adaboost:25 - model is <base_models.logistic_regression.LogisticRegressionModel object at 0x0000024A7F591790>
2025-05-27 01:36:53 [INFO] base_models.logistic_regression:57 - LogisticRegression final iteration 0, max_iter=850, learning_rate = 0.00707
2025-05-27 01:36:53 [INFO] base_models.logistic_regression:57 - LogisticRegression final iteration 849, max_iter=850, learning_rate = 0.00707
2025-05-27 01:36:53 [INFO] adaboost.adaboost:25 - model is <base_models.logistic_regression.LogisticRegressionModel object at 0x0000024A7F5917F0>
2025-05-27 01:36:53 [INFO] base_models.logistic_regression:57 - LogisticRegression final iteration 0, max_iter=850, learning_rate = 0.00707
2025-05-27 01:36:55 [INFO] base_models.logistic_regression:57 - LogisticRegression final iteration 849, max_iter=850, learning_rate = 0.00707
2025-05-27 01:36:55 [INFO] adaboost.adaboost:25 - model is <base_models.logistic_regression.LogisticRegressionModel object at 0x0000024A7F591850>
2025-05-27 01:36:55 [INFO] base_models.logistic_regression:57 - LogisticRegression final iteration 0, max_iter=850, learning_rate = 0.00707
2025-05-27 01:36:56 [INFO] base_models.logistic_regression:57 - LogisticRegression final iteration 849, max_iter=850, learning_rate = 0.00707
2025-05-27 01:36:56 [INFO] adaboost.adaboost:25 - model is <base_models.logistic_regression.LogisticRegressionModel object at 0x0000024A7F5918B0>
2025-05-27 01:36:56 [INFO] base_models.logistic_regression:57 - LogisticRegression final iteration 0, max_iter=850, learning_rate = 0.00707
2025-05-27 01:36:57 [INFO] base_models.logistic_regression:57 - LogisticRegression final iteration 849, max_iter=850, learning_rate = 0.00707
2025-05-27 01:36:57 [INFO] adaboost.adaboost:25 - model is <base_models.logistic_regression.LogisticRegressionModel object at 0x0000024A7F591910>
2025-05-27 01:36:57 [INFO] base_models.logistic_regression:57 - LogisticRegression final iteration 0, max_iter=850, learning_rate = 0.00707
2025-05-27 01:36:58 [INFO] base_models.logistic_regression:57 - LogisticRegression final iteration 849, max_iter=850, learning_rate = 0.00707
2025-05-27 01:36:58 [INFO] adaboost.adaboost:25 - model is <base_models.logistic_regression.LogisticRegressionModel object at 0x0000024A7F591970>
2025-05-27 01:36:58 [INFO] base_models.logistic_regression:57 - LogisticRegression final iteration 0, max_iter=850, learning_rate = 0.00707
2025-05-27 01:36:59 [INFO] base_models.logistic_regression:57 - LogisticRegression final iteration 849, max_iter=850, learning_rate = 0.00707
2025-05-27 01:36:59 [INFO] adaboost.adaboost:25 - model is <base_models.logistic_regression.LogisticRegressionModel object at 0x0000024A7F5919D0>
2025-05-27 01:36:59 [INFO] base_models.logistic_regression:57 - LogisticRegression final iteration 0, max_iter=850, learning_rate = 0.00707
2025-05-27 01:37:00 [INFO] base_models.logistic_regression:57 - LogisticRegression final iteration 849, max_iter=850, learning_rate = 0.00707
2025-05-27 01:37:00 [INFO] adaboost.adaboost:25 - model is <base_models.logistic_regression.LogisticRegressionModel object at 0x0000024A7F591A30>
2025-05-27 01:37:00 [INFO] base_models.logistic_regression:57 - LogisticRegression final iteration 0, max_iter=850, learning_rate = 0.00707
2025-05-27 01:37:01 [INFO] base_models.logistic_regression:57 - LogisticRegression final iteration 849, max_iter=850, learning_rate = 0.00707
2025-05-27 01:37:01 [INFO] adaboost.adaboost:25 - model is <base_models.logistic_regression.LogisticRegressionModel object at 0x0000024A7F591A90>
2025-05-27 01:37:01 [INFO] base_models.logistic_regression:57 - LogisticRegression final iteration 0, max_iter=850, learning_rate = 0.00707
2025-05-27 01:37:02 [INFO] base_models.logistic_regression:57 - LogisticRegression final iteration 849, max_iter=850, learning_rate = 0.00707
2025-05-27 01:37:02 [INFO] adaboost.adaboost:25 - model is <base_models.logistic_regression.LogisticRegressionModel object at 0x0000024A7F591AF0>
2025-05-27 01:37:02 [INFO] base_models.logistic_regression:57 - LogisticRegression final iteration 0, max_iter=850, learning_rate = 0.00707
2025-05-27 01:37:03 [INFO] base_models.logistic_regression:57 - LogisticRegression final iteration 849, max_iter=850, learning_rate = 0.00707
2025-05-27 01:37:03 [INFO] adaboost.adaboost:25 - model is <base_models.logistic_regression.LogisticRegressionModel object at 0x0000024A7F591B50>
2025-05-27 01:37:03 [INFO] base_models.logistic_regression:57 - LogisticRegression final iteration 0, max_iter=850, learning_rate = 0.00707
2025-05-27 01:37:04 [INFO] base_models.logistic_regression:57 - LogisticRegression final iteration 849, max_iter=850, learning_rate = 0.00707
2025-05-27 01:37:04 [INFO] adaboost.adaboost:25 - model is <base_models.logistic_regression.LogisticRegressionModel object at 0x0000024A7F591BB0>
2025-05-27 01:37:04 [INFO] base_models.logistic_regression:57 - LogisticRegression final iteration 0, max_iter=850, learning_rate = 0.00707
2025-05-27 01:37:05 [INFO] base_models.logistic_regression:57 - LogisticRegression final iteration 849, max_iter=850, learning_rate = 0.00707
2025-05-27 01:37:05 [INFO] adaboost.adaboost:25 - model is <base_models.logistic_regression.LogisticRegressionModel object at 0x0000024A7F591C40>
2025-05-27 01:37:05 [INFO] base_models.logistic_regression:57 - LogisticRegression final iteration 0, max_iter=850, learning_rate = 0.00707
2025-05-27 01:37:06 [INFO] base_models.logistic_regression:57 - LogisticRegression final iteration 849, max_iter=850, learning_rate = 0.00707
2025-05-27 01:37:06 [INFO] adaboost.adaboost:25 - model is <base_models.logistic_regression.LogisticRegressionModel object at 0x0000024A7F591D30>
2025-05-27 01:37:06 [INFO] base_models.logistic_regression:57 - LogisticRegression final iteration 0, max_iter=850, learning_rate = 0.00707
2025-05-27 01:37:07 [INFO] base_models.logistic_regression:57 - LogisticRegression final iteration 849, max_iter=850, learning_rate = 0.00707
2025-05-27 01:37:07 [INFO] adaboost.adaboost:25 - model is <base_models.logistic_regression.LogisticRegressionModel object at 0x0000024A7F591D90>
2025-05-27 01:37:07 [INFO] base_models.logistic_regression:57 - LogisticRegression final iteration 0, max_iter=850, learning_rate = 0.00707
2025-05-27 01:37:09 [INFO] base_models.logistic_regression:57 - LogisticRegression final iteration 849, max_iter=850, learning_rate = 0.00707
2025-05-27 01:37:09 [INFO] adaboost.adaboost:25 - model is <base_models.logistic_regression.LogisticRegressionModel object at 0x0000024A7F591DF0>
2025-05-27 01:37:09 [INFO] base_models.logistic_regression:57 - LogisticRegression final iteration 0, max_iter=850, learning_rate = 0.00707
2025-05-27 01:37:10 [INFO] base_models.logistic_regression:57 - LogisticRegression final iteration 849, max_iter=850, learning_rate = 0.00707
2025-05-27 01:37:10 [INFO] adaboost.adaboost:25 - model is <base_models.logistic_regression.LogisticRegressionModel object at 0x0000024A7F591E50>
2025-05-27 01:37:10 [INFO] base_models.logistic_regression:57 - LogisticRegression final iteration 0, max_iter=850, learning_rate = 0.00707
2025-05-27 01:37:11 [INFO] base_models.logistic_regression:57 - LogisticRegression final iteration 849, max_iter=850, learning_rate = 0.00707
2025-05-27 01:37:11 [INFO] adaboost.adaboost:25 - model is <base_models.logistic_regression.LogisticRegressionModel object at 0x0000024A7F591EB0>
2025-05-27 01:37:11 [INFO] base_models.logistic_regression:57 - LogisticRegression final iteration 0, max_iter=850, learning_rate = 0.00707
2025-05-27 01:37:12 [INFO] base_models.logistic_regression:57 - LogisticRegression final iteration 849, max_iter=850, learning_rate = 0.00707
2025-05-27 01:37:12 [INFO] adaboost.adaboost:25 - model is <base_models.logistic_regression.LogisticRegressionModel object at 0x0000024A7F591F10>
2025-05-27 01:37:12 [INFO] base_models.logistic_regression:57 - LogisticRegression final iteration 0, max_iter=850, learning_rate = 0.00707
2025-05-27 01:37:14 [INFO] base_models.logistic_regression:57 - LogisticRegression final iteration 849, max_iter=850, learning_rate = 0.00707
2025-05-27 01:37:14 [INFO] adaboost.adaboost:25 - model is <base_models.logistic_regression.LogisticRegressionModel object at 0x0000024A7F591F70>
2025-05-27 01:37:14 [INFO] base_models.logistic_regression:57 - LogisticRegression final iteration 0, max_iter=850, learning_rate = 0.00707
2025-05-27 01:37:15 [INFO] base_models.logistic_regression:57 - LogisticRegression final iteration 849, max_iter=850, learning_rate = 0.00707
2025-05-27 01:37:15 [INFO] adaboost.adaboost:25 - model is <base_models.logistic_regression.LogisticRegressionModel object at 0x0000024A7F591FD0>
2025-05-27 01:37:15 [INFO] base_models.logistic_regression:57 - LogisticRegression final iteration 0, max_iter=850, learning_rate = 0.00707
2025-05-27 01:37:16 [INFO] base_models.logistic_regression:57 - LogisticRegression final iteration 849, max_iter=850, learning_rate = 0.00707
2025-05-27 01:37:16 [INFO] adaboost.adaboost:25 - model is <base_models.logistic_regression.LogisticRegressionModel object at 0x0000024A7F591220>
2025-05-27 01:37:16 [INFO] base_models.logistic_regression:57 - LogisticRegression final iteration 0, max_iter=850, learning_rate = 0.00707
2025-05-27 01:37:18 [INFO] base_models.logistic_regression:57 - LogisticRegression final iteration 849, max_iter=850, learning_rate = 0.00707
2025-05-27 01:37:18 [INFO] adaboost.adaboost:25 - model is <base_models.logistic_regression.LogisticRegressionModel object at 0x0000024A7F591340>
2025-05-27 01:37:18 [INFO] base_models.logistic_regression:57 - LogisticRegression final iteration 0, max_iter=850, learning_rate = 0.00707
2025-05-27 01:37:19 [INFO] base_models.logistic_regression:57 - LogisticRegression final iteration 849, max_iter=850, learning_rate = 0.00707
2025-05-27 01:37:19 [INFO] adaboost.adaboost:25 - model is <base_models.logistic_regression.LogisticRegressionModel object at 0x0000024A7F5914C0>
2025-05-27 01:37:19 [INFO] base_models.logistic_regression:57 - LogisticRegression final iteration 0, max_iter=850, learning_rate = 0.00707
2025-05-27 01:37:20 [INFO] base_models.logistic_regression:57 - LogisticRegression final iteration 849, max_iter=850, learning_rate = 0.00707
2025-05-27 01:37:20 [INFO] adaboost.adaboost:25 - model is <base_models.logistic_regression.LogisticRegressionModel object at 0x0000024A7F5913D0>
2025-05-27 01:37:20 [INFO] base_models.logistic_regression:57 - LogisticRegression final iteration 0, max_iter=850, learning_rate = 0.00707
2025-05-27 01:37:21 [INFO] base_models.logistic_regression:57 - LogisticRegression final iteration 849, max_iter=850, learning_rate = 0.00707
2025-05-27 01:37:21 [INFO] adaboost.adaboost:25 - model is <base_models.logistic_regression.LogisticRegressionModel object at 0x0000024A7F5915B0>
2025-05-27 01:37:21 [INFO] base_models.logistic_regression:57 - LogisticRegression final iteration 0, max_iter=850, learning_rate = 0.00707
2025-05-27 01:37:23 [INFO] base_models.logistic_regression:57 - LogisticRegression final iteration 849, max_iter=850, learning_rate = 0.00707
2025-05-27 01:37:23 [INFO] adaboost.adaboost:25 - model is <base_models.logistic_regression.LogisticRegressionModel object at 0x0000024A7F591610>
2025-05-27 01:37:23 [INFO] base_models.logistic_regression:57 - LogisticRegression final iteration 0, max_iter=850, learning_rate = 0.00707
2025-05-27 01:37:24 [INFO] base_models.logistic_regression:57 - LogisticRegression final iteration 849, max_iter=850, learning_rate = 0.00707
2025-05-27 01:37:24 [INFO] adaboost.adaboost:25 - model is <base_models.logistic_regression.LogisticRegressionModel object at 0x0000024A7F591670>
2025-05-27 01:37:24 [INFO] base_models.logistic_regression:57 - LogisticRegression final iteration 0, max_iter=850, learning_rate = 0.00707
2025-05-27 01:37:25 [INFO] base_models.logistic_regression:57 - LogisticRegression final iteration 849, max_iter=850, learning_rate = 0.00707
2025-05-27 01:37:25 [INFO] adaboost.adaboost:25 - model is <base_models.logistic_regression.LogisticRegressionModel object at 0x0000024A2249A400>
2025-05-27 01:37:25 [INFO] base_models.logistic_regression:57 - LogisticRegression final iteration 0, max_iter=850, learning_rate = 0.00707
2025-05-27 01:37:27 [INFO] base_models.logistic_regression:57 - LogisticRegression final iteration 849, max_iter=850, learning_rate = 0.00707
2025-05-27 01:37:27 [INFO] adaboost.adaboost:25 - model is <base_models.logistic_regression.LogisticRegressionModel object at 0x0000024A2249A3A0>
2025-05-27 01:37:27 [INFO] base_models.logistic_regression:57 - LogisticRegression final iteration 0, max_iter=850, learning_rate = 0.00707
2025-05-27 01:37:28 [INFO] base_models.logistic_regression:57 - LogisticRegression final iteration 849, max_iter=850, learning_rate = 0.00707
2025-05-27 01:37:28 [INFO] adaboost.adaboost:25 - model is <base_models.logistic_regression.LogisticRegressionModel object at 0x0000024A2249A340>
2025-05-27 01:37:28 [INFO] base_models.logistic_regression:57 - LogisticRegression final iteration 0, max_iter=850, learning_rate = 0.00707
2025-05-27 01:37:29 [INFO] base_models.logistic_regression:57 - LogisticRegression final iteration 849, max_iter=850, learning_rate = 0.00707
2025-05-27 01:37:29 [INFO] adaboost.adaboost:25 - model is <base_models.logistic_regression.LogisticRegressionModel object at 0x0000024A2249A220>
2025-05-27 01:37:29 [INFO] base_models.logistic_regression:57 - LogisticRegression final iteration 0, max_iter=850, learning_rate = 0.00707
2025-05-27 01:37:31 [INFO] base_models.logistic_regression:57 - LogisticRegression final iteration 849, max_iter=850, learning_rate = 0.00707
2025-05-27 01:37:31 [INFO] adaboost.adaboost:25 - model is <base_models.logistic_regression.LogisticRegressionModel object at 0x0000024A2249A040>
2025-05-27 01:37:31 [INFO] base_models.logistic_regression:57 - LogisticRegression final iteration 0, max_iter=850, learning_rate = 0.00707
2025-05-27 01:37:32 [INFO] base_models.logistic_regression:57 - LogisticRegression final iteration 849, max_iter=850, learning_rate = 0.00707
2025-05-27 01:37:32 [INFO] adaboost.adaboost:25 - model is <base_models.logistic_regression.LogisticRegressionModel object at 0x0000024A7F555670>
2025-05-27 01:37:32 [INFO] base_models.logistic_regression:57 - LogisticRegression final iteration 0, max_iter=850, learning_rate = 0.00707
2025-05-27 01:37:33 [INFO] base_models.logistic_regression:57 - LogisticRegression final iteration 849, max_iter=850, learning_rate = 0.00707
2025-05-27 01:37:33 [INFO] adaboost.adaboost:25 - model is <base_models.logistic_regression.LogisticRegressionModel object at 0x0000024A7F5211F0>
2025-05-27 01:37:33 [INFO] base_models.logistic_regression:57 - LogisticRegression final iteration 0, max_iter=850, learning_rate = 0.00707
2025-05-27 01:37:34 [INFO] base_models.logistic_regression:57 - LogisticRegression final iteration 849, max_iter=850, learning_rate = 0.00707
2025-05-27 01:37:34 [INFO] adaboost.adaboost:25 - model is <base_models.logistic_regression.LogisticRegressionModel object at 0x0000024A78DC5C70>
2025-05-27 01:37:34 [INFO] base_models.logistic_regression:57 - LogisticRegression final iteration 0, max_iter=850, learning_rate = 0.00707
2025-05-27 01:37:35 [INFO] base_models.logistic_regression:57 - LogisticRegression final iteration 849, max_iter=850, learning_rate = 0.00707
2025-05-27 01:37:35 [INFO] adaboost.adaboost:25 - model is <base_models.logistic_regression.LogisticRegressionModel object at 0x0000024A7F4FFC40>
2025-05-27 01:37:35 [INFO] base_models.logistic_regression:57 - LogisticRegression final iteration 0, max_iter=850, learning_rate = 0.00707
2025-05-27 01:37:36 [INFO] base_models.logistic_regression:57 - LogisticRegression final iteration 849, max_iter=850, learning_rate = 0.00707
2025-05-27 01:37:36 [INFO] adaboost.adaboost:25 - model is <base_models.logistic_regression.LogisticRegressionModel object at 0x0000024A22492F10>
2025-05-27 01:37:36 [INFO] base_models.logistic_regression:57 - LogisticRegression final iteration 0, max_iter=850, learning_rate = 0.00707
2025-05-27 01:37:37 [INFO] base_models.logistic_regression:57 - LogisticRegression final iteration 849, max_iter=850, learning_rate = 0.00707
2025-05-27 01:37:37 [INFO] adaboost.adaboost:25 - model is <base_models.logistic_regression.LogisticRegressionModel object at 0x0000024A22492F70>
2025-05-27 01:37:37 [INFO] base_models.logistic_regression:57 - LogisticRegression final iteration 0, max_iter=850, learning_rate = 0.00707
2025-05-27 01:37:38 [INFO] base_models.logistic_regression:57 - LogisticRegression final iteration 849, max_iter=850, learning_rate = 0.00707
2025-05-27 01:37:38 [INFO] adaboost.adaboost:25 - model is <base_models.logistic_regression.LogisticRegressionModel object at 0x0000024A7F5122E0>
2025-05-27 01:37:38 [INFO] base_models.logistic_regression:57 - LogisticRegression final iteration 0, max_iter=850, learning_rate = 0.00707
2025-05-27 01:37:40 [INFO] base_models.logistic_regression:57 - LogisticRegression final iteration 849, max_iter=850, learning_rate = 0.00707
2025-05-27 01:37:40 [INFO] adaboost.adaboost:25 - model is <base_models.logistic_regression.LogisticRegressionModel object at 0x0000024A22F17070>
2025-05-27 01:37:40 [INFO] base_models.logistic_regression:57 - LogisticRegression final iteration 0, max_iter=850, learning_rate = 0.00707
2025-05-27 01:37:41 [INFO] base_models.logistic_regression:57 - LogisticRegression final iteration 849, max_iter=850, learning_rate = 0.00707
2025-05-27 01:37:41 [INFO] adaboost.adaboost:25 - model is <base_models.logistic_regression.LogisticRegressionModel object at 0x0000024A22F17190>
2025-05-27 01:37:41 [INFO] base_models.logistic_regression:57 - LogisticRegression final iteration 0, max_iter=850, learning_rate = 0.00707
2025-05-27 01:37:42 [INFO] base_models.logistic_regression:57 - LogisticRegression final iteration 849, max_iter=850, learning_rate = 0.00707
2025-05-27 01:37:42 [INFO] adaboost.adaboost:25 - model is <base_models.logistic_regression.LogisticRegressionModel object at 0x0000024A22F171F0>
2025-05-27 01:37:42 [INFO] base_models.logistic_regression:57 - LogisticRegression final iteration 0, max_iter=850, learning_rate = 0.00707
2025-05-27 01:37:43 [INFO] base_models.logistic_regression:57 - LogisticRegression final iteration 849, max_iter=850, learning_rate = 0.00707
2025-05-27 01:37:43 [INFO] adaboost.adaboost:25 - model is <base_models.logistic_regression.LogisticRegressionModel object at 0x0000024A22F172B0>
2025-05-27 01:37:43 [INFO] base_models.logistic_regression:57 - LogisticRegression final iteration 0, max_iter=850, learning_rate = 0.00707
2025-05-27 01:37:44 [INFO] base_models.logistic_regression:57 - LogisticRegression final iteration 849, max_iter=850, learning_rate = 0.00707
2025-05-27 01:37:44 [INFO] adaboost.adaboost:25 - model is <base_models.logistic_regression.LogisticRegressionModel object at 0x0000024A22F173D0>
2025-05-27 01:37:44 [INFO] base_models.logistic_regression:57 - LogisticRegression final iteration 0, max_iter=850, learning_rate = 0.00707
2025-05-27 01:37:45 [INFO] base_models.logistic_regression:57 - LogisticRegression final iteration 849, max_iter=850, learning_rate = 0.00707
2025-05-27 01:37:45 [INFO] adaboost.adaboost:25 - model is <base_models.logistic_regression.LogisticRegressionModel object at 0x0000024A22F17430>
2025-05-27 01:37:45 [INFO] base_models.logistic_regression:57 - LogisticRegression final iteration 0, max_iter=850, learning_rate = 0.00707
2025-05-27 01:37:46 [INFO] base_models.logistic_regression:57 - LogisticRegression final iteration 849, max_iter=850, learning_rate = 0.00707
2025-05-27 01:37:46 [INFO] adaboost.adaboost:25 - model is <base_models.logistic_regression.LogisticRegressionModel object at 0x0000024A22F17490>
2025-05-27 01:37:46 [INFO] base_models.logistic_regression:57 - LogisticRegression final iteration 0, max_iter=850, learning_rate = 0.00707
2025-05-27 01:37:47 [INFO] base_models.logistic_regression:57 - LogisticRegression final iteration 849, max_iter=850, learning_rate = 0.00707
2025-05-27 01:37:47 [INFO] adaboost.adaboost:25 - model is <base_models.logistic_regression.LogisticRegressionModel object at 0x0000024A22F174F0>
2025-05-27 01:37:47 [INFO] base_models.logistic_regression:57 - LogisticRegression final iteration 0, max_iter=850, learning_rate = 0.00707
2025-05-27 01:37:48 [INFO] base_models.logistic_regression:57 - LogisticRegression final iteration 849, max_iter=850, learning_rate = 0.00707
2025-05-27 01:37:48 [INFO] adaboost.adaboost:25 - model is <base_models.logistic_regression.LogisticRegressionModel object at 0x0000024A22F17550>
2025-05-27 01:37:48 [INFO] base_models.logistic_regression:57 - LogisticRegression final iteration 0, max_iter=850, learning_rate = 0.00707
2025-05-27 01:37:49 [INFO] base_models.logistic_regression:57 - LogisticRegression final iteration 849, max_iter=850, learning_rate = 0.00707
2025-05-27 01:37:49 [INFO] adaboost.adaboost:25 - model is <base_models.logistic_regression.LogisticRegressionModel object at 0x0000024A22F175B0>
2025-05-27 01:37:49 [INFO] base_models.logistic_regression:57 - LogisticRegression final iteration 0, max_iter=850, learning_rate = 0.00707
2025-05-27 01:37:50 [INFO] base_models.logistic_regression:57 - LogisticRegression final iteration 849, max_iter=850, learning_rate = 0.00707
2025-05-27 01:37:50 [INFO] adaboost.adaboost:25 - model is <base_models.logistic_regression.LogisticRegressionModel object at 0x0000024A22F17610>
2025-05-27 01:37:50 [INFO] base_models.logistic_regression:57 - LogisticRegression final iteration 0, max_iter=850, learning_rate = 0.00707
2025-05-27 01:37:51 [INFO] base_models.logistic_regression:57 - LogisticRegression final iteration 849, max_iter=850, learning_rate = 0.00707
2025-05-27 01:37:51 [INFO] adaboost.adaboost:25 - model is <base_models.logistic_regression.LogisticRegressionModel object at 0x0000024A22F17670>
2025-05-27 01:37:51 [INFO] base_models.logistic_regression:57 - LogisticRegression final iteration 0, max_iter=850, learning_rate = 0.00707
2025-05-27 01:37:52 [INFO] base_models.logistic_regression:57 - LogisticRegression final iteration 849, max_iter=850, learning_rate = 0.00707
2025-05-27 01:37:52 [INFO] adaboost.adaboost:25 - model is <base_models.logistic_regression.LogisticRegressionModel object at 0x0000024A22F176D0>
2025-05-27 01:37:52 [INFO] base_models.logistic_regression:57 - LogisticRegression final iteration 0, max_iter=850, learning_rate = 0.00707
2025-05-27 01:37:53 [INFO] base_models.logistic_regression:57 - LogisticRegression final iteration 849, max_iter=850, learning_rate = 0.00707
2025-05-27 01:37:53 [INFO] adaboost.adaboost:25 - model is <base_models.logistic_regression.LogisticRegressionModel object at 0x0000024A22F17730>
2025-05-27 01:37:53 [INFO] base_models.logistic_regression:57 - LogisticRegression final iteration 0, max_iter=850, learning_rate = 0.00707
2025-05-27 01:37:55 [INFO] base_models.logistic_regression:57 - LogisticRegression final iteration 849, max_iter=850, learning_rate = 0.00707
2025-05-27 01:37:55 [INFO] adaboost.adaboost:25 - model is <base_models.logistic_regression.LogisticRegressionModel object at 0x0000024A22F17790>
2025-05-27 01:37:55 [INFO] base_models.logistic_regression:57 - LogisticRegression final iteration 0, max_iter=850, learning_rate = 0.00707
2025-05-27 01:37:56 [INFO] base_models.logistic_regression:57 - LogisticRegression final iteration 849, max_iter=850, learning_rate = 0.00707
2025-05-27 01:37:56 [INFO] adaboost.adaboost:25 - model is <base_models.logistic_regression.LogisticRegressionModel object at 0x0000024A22F177F0>
2025-05-27 01:37:56 [INFO] base_models.logistic_regression:57 - LogisticRegression final iteration 0, max_iter=850, learning_rate = 0.00707
2025-05-27 01:37:57 [INFO] base_models.logistic_regression:57 - LogisticRegression final iteration 849, max_iter=850, learning_rate = 0.00707
2025-05-27 01:37:57 [INFO] adaboost.adaboost:25 - model is <base_models.logistic_regression.LogisticRegressionModel object at 0x0000024A22F17850>
2025-05-27 01:37:57 [INFO] base_models.logistic_regression:57 - LogisticRegression final iteration 0, max_iter=850, learning_rate = 0.00707
2025-05-27 01:37:58 [INFO] base_models.logistic_regression:57 - LogisticRegression final iteration 849, max_iter=850, learning_rate = 0.00707
2025-05-27 01:37:58 [INFO] adaboost.adaboost:25 - model is <base_models.logistic_regression.LogisticRegressionModel object at 0x0000024A22F178B0>
2025-05-27 01:37:58 [INFO] base_models.logistic_regression:57 - LogisticRegression final iteration 0, max_iter=850, learning_rate = 0.00707
2025-05-27 01:37:59 [INFO] base_models.logistic_regression:57 - LogisticRegression final iteration 849, max_iter=850, learning_rate = 0.00707
2025-05-27 01:37:59 [INFO] adaboost.adaboost:25 - model is <base_models.logistic_regression.LogisticRegressionModel object at 0x0000024A22F17910>
2025-05-27 01:37:59 [INFO] base_models.logistic_regression:57 - LogisticRegression final iteration 0, max_iter=850, learning_rate = 0.00707
2025-05-27 01:38:00 [INFO] base_models.logistic_regression:57 - LogisticRegression final iteration 849, max_iter=850, learning_rate = 0.00707
2025-05-27 01:38:00 [INFO] adaboost.adaboost:25 - model is <base_models.logistic_regression.LogisticRegressionModel object at 0x0000024A22F17970>
2025-05-27 01:38:00 [INFO] base_models.logistic_regression:57 - LogisticRegression final iteration 0, max_iter=850, learning_rate = 0.00707
2025-05-27 01:38:01 [INFO] base_models.logistic_regression:57 - LogisticRegression final iteration 849, max_iter=850, learning_rate = 0.00707
2025-05-27 01:38:01 [INFO] adaboost.adaboost:25 - model is <base_models.logistic_regression.LogisticRegressionModel object at 0x0000024A22F179D0>
2025-05-27 01:38:01 [INFO] base_models.logistic_regression:57 - LogisticRegression final iteration 0, max_iter=850, learning_rate = 0.00707
2025-05-27 01:38:02 [INFO] base_models.logistic_regression:57 - LogisticRegression final iteration 849, max_iter=850, learning_rate = 0.00707
2025-05-27 01:38:02 [INFO] adaboost.adaboost:25 - model is <base_models.logistic_regression.LogisticRegressionModel object at 0x0000024A22F17A30>
2025-05-27 01:38:02 [INFO] base_models.logistic_regression:57 - LogisticRegression final iteration 0, max_iter=850, learning_rate = 0.00707
2025-05-27 01:38:03 [INFO] base_models.logistic_regression:57 - LogisticRegression final iteration 849, max_iter=850, learning_rate = 0.00707
2025-05-27 01:38:03 [INFO] adaboost.adaboost:25 - model is <base_models.logistic_regression.LogisticRegressionModel object at 0x0000024A22F17A90>
2025-05-27 01:38:03 [INFO] base_models.logistic_regression:57 - LogisticRegression final iteration 0, max_iter=850, learning_rate = 0.00707
2025-05-27 01:38:04 [INFO] base_models.logistic_regression:57 - LogisticRegression final iteration 849, max_iter=850, learning_rate = 0.00707
2025-05-27 01:38:04 [INFO] adaboost.adaboost:25 - model is <base_models.logistic_regression.LogisticRegressionModel object at 0x0000024A22F17AF0>
2025-05-27 01:38:04 [INFO] base_models.logistic_regression:57 - LogisticRegression final iteration 0, max_iter=850, learning_rate = 0.00707
2025-05-27 01:38:05 [INFO] base_models.logistic_regression:57 - LogisticRegression final iteration 849, max_iter=850, learning_rate = 0.00707
2025-05-27 01:38:05 [INFO] adaboost.adaboost:25 - model is <base_models.logistic_regression.LogisticRegressionModel object at 0x0000024A22F17B50>
2025-05-27 01:38:05 [INFO] base_models.logistic_regression:57 - LogisticRegression final iteration 0, max_iter=850, learning_rate = 0.00707
2025-05-27 01:38:06 [INFO] base_models.logistic_regression:57 - LogisticRegression final iteration 849, max_iter=850, learning_rate = 0.00707
2025-05-27 01:38:06 [INFO] adaboost.adaboost:25 - model is <base_models.logistic_regression.LogisticRegressionModel object at 0x0000024A22F17BB0>
2025-05-27 01:38:06 [INFO] base_models.logistic_regression:57 - LogisticRegression final iteration 0, max_iter=850, learning_rate = 0.00707
2025-05-27 01:38:07 [INFO] base_models.logistic_regression:57 - LogisticRegression final iteration 849, max_iter=850, learning_rate = 0.00707
2025-05-27 01:38:07 [INFO] adaboost.adaboost:25 - model is <base_models.logistic_regression.LogisticRegressionModel object at 0x0000024A22F17C40>
2025-05-27 01:38:07 [INFO] base_models.logistic_regression:57 - LogisticRegression final iteration 0, max_iter=850, learning_rate = 0.00707
2025-05-27 01:38:08 [INFO] base_models.logistic_regression:57 - LogisticRegression final iteration 849, max_iter=850, learning_rate = 0.00707
2025-05-27 01:38:08 [INFO] adaboost.adaboost:25 - model is <base_models.logistic_regression.LogisticRegressionModel object at 0x0000024A22F17CA0>
2025-05-27 01:38:08 [INFO] base_models.logistic_regression:57 - LogisticRegression final iteration 0, max_iter=850, learning_rate = 0.00707
2025-05-27 01:38:09 [INFO] base_models.logistic_regression:57 - LogisticRegression final iteration 849, max_iter=850, learning_rate = 0.00707
2025-05-27 01:38:09 [INFO] adaboost.adaboost:25 - model is <base_models.logistic_regression.LogisticRegressionModel object at 0x0000024A22F17D00>
2025-05-27 01:38:09 [INFO] base_models.logistic_regression:57 - LogisticRegression final iteration 0, max_iter=850, learning_rate = 0.00707
2025-05-27 01:38:10 [INFO] base_models.logistic_regression:57 - LogisticRegression final iteration 849, max_iter=850, learning_rate = 0.00707
2025-05-27 01:38:10 [INFO] adaboost.adaboost:25 - model is <base_models.logistic_regression.LogisticRegressionModel object at 0x0000024A22F17D60>
2025-05-27 01:38:10 [INFO] base_models.logistic_regression:57 - LogisticRegression final iteration 0, max_iter=850, learning_rate = 0.00707
2025-05-27 01:38:11 [INFO] base_models.logistic_regression:57 - LogisticRegression final iteration 849, max_iter=850, learning_rate = 0.00707
2025-05-27 01:38:11 [INFO] adaboost.adaboost:25 - model is <base_models.logistic_regression.LogisticRegressionModel object at 0x0000024A22F17DC0>
2025-05-27 01:38:11 [INFO] base_models.logistic_regression:57 - LogisticRegression final iteration 0, max_iter=850, learning_rate = 0.00707
2025-05-27 01:38:12 [INFO] base_models.logistic_regression:57 - LogisticRegression final iteration 849, max_iter=850, learning_rate = 0.00707
2025-05-27 01:38:12 [INFO] adaboost.adaboost:25 - model is <base_models.logistic_regression.LogisticRegressionModel object at 0x0000024A22F17E20>
2025-05-27 01:38:12 [INFO] base_models.logistic_regression:57 - LogisticRegression final iteration 0, max_iter=850, learning_rate = 0.00707
2025-05-27 01:38:13 [INFO] base_models.logistic_regression:57 - LogisticRegression final iteration 849, max_iter=850, learning_rate = 0.00707
2025-05-27 01:38:13 [INFO] adaboost.adaboost:25 - model is <base_models.logistic_regression.LogisticRegressionModel object at 0x0000024A22F17E80>
2025-05-27 01:38:13 [INFO] base_models.logistic_regression:57 - LogisticRegression final iteration 0, max_iter=850, learning_rate = 0.00707
2025-05-27 01:38:14 [INFO] base_models.logistic_regression:57 - LogisticRegression final iteration 849, max_iter=850, learning_rate = 0.00707
2025-05-27 01:38:14 [INFO] adaboost.adaboost:25 - model is <base_models.logistic_regression.LogisticRegressionModel object at 0x0000024A22F17EE0>
2025-05-27 01:38:14 [INFO] base_models.logistic_regression:57 - LogisticRegression final iteration 0, max_iter=850, learning_rate = 0.00707
2025-05-27 01:38:15 [INFO] base_models.logistic_regression:57 - LogisticRegression final iteration 849, max_iter=850, learning_rate = 0.00707
2025-05-27 01:38:15 [INFO] adaboost.adaboost:25 - model is <base_models.logistic_regression.LogisticRegressionModel object at 0x0000024A22F17F40>
2025-05-27 01:38:15 [INFO] base_models.logistic_regression:57 - LogisticRegression final iteration 0, max_iter=850, learning_rate = 0.00707
2025-05-27 01:38:16 [INFO] base_models.logistic_regression:57 - LogisticRegression final iteration 849, max_iter=850, learning_rate = 0.00707
2025-05-27 01:38:16 [INFO] adaboost.adaboost:25 - model is <base_models.logistic_regression.LogisticRegressionModel object at 0x0000024A22F17FA0>
2025-05-27 01:38:16 [INFO] base_models.logistic_regression:57 - LogisticRegression final iteration 0, max_iter=850, learning_rate = 0.00707
2025-05-27 01:38:17 [INFO] base_models.logistic_regression:57 - LogisticRegression final iteration 849, max_iter=850, learning_rate = 0.00707
2025-05-27 01:38:17 [INFO] adaboost.adaboost:25 - model is <base_models.logistic_regression.LogisticRegressionModel object at 0x0000024A22F170A0>
2025-05-27 01:38:17 [INFO] base_models.logistic_regression:57 - LogisticRegression final iteration 0, max_iter=850, learning_rate = 0.00707
2025-05-27 01:38:19 [INFO] base_models.logistic_regression:57 - LogisticRegression final iteration 849, max_iter=850, learning_rate = 0.00707
2025-05-27 01:38:19 [INFO] adaboost.adaboost:25 - model is <base_models.logistic_regression.LogisticRegressionModel object at 0x0000024A22F17220>
2025-05-27 01:38:19 [INFO] base_models.logistic_regression:57 - LogisticRegression final iteration 0, max_iter=850, learning_rate = 0.00707
2025-05-27 01:38:20 [INFO] base_models.logistic_regression:57 - LogisticRegression final iteration 849, max_iter=850, learning_rate = 0.00707
2025-05-27 01:38:20 [INFO] adaboost.adaboost:25 - model is <base_models.logistic_regression.LogisticRegressionModel object at 0x0000024A22F17130>
2025-05-27 01:38:20 [INFO] base_models.logistic_regression:57 - LogisticRegression final iteration 0, max_iter=850, learning_rate = 0.00707
2025-05-27 01:38:21 [INFO] base_models.logistic_regression:57 - LogisticRegression final iteration 849, max_iter=850, learning_rate = 0.00707
2025-05-27 01:38:21 [INFO] adaboost.adaboost:25 - model is <base_models.logistic_regression.LogisticRegressionModel object at 0x0000024A22F17310>
2025-05-27 01:38:21 [INFO] base_models.logistic_regression:57 - LogisticRegression final iteration 0, max_iter=850, learning_rate = 0.00707
2025-05-27 01:38:22 [INFO] base_models.logistic_regression:57 - LogisticRegression final iteration 849, max_iter=850, learning_rate = 0.00707
2025-05-27 01:38:22 [INFO] adaboost.adaboost:25 - model is <base_models.logistic_regression.LogisticRegressionModel object at 0x0000024A22F17370>
2025-05-27 01:38:22 [INFO] base_models.logistic_regression:57 - LogisticRegression final iteration 0, max_iter=850, learning_rate = 0.00707
2025-05-27 01:38:23 [INFO] base_models.logistic_regression:57 - LogisticRegression final iteration 849, max_iter=850, learning_rate = 0.00707
2025-05-27 01:38:23 [INFO] adaboost.adaboost:25 - model is <base_models.logistic_regression.LogisticRegressionModel object at 0x0000024A7F5BF0D0>
2025-05-27 01:38:23 [INFO] base_models.logistic_regression:57 - LogisticRegression final iteration 0, max_iter=850, learning_rate = 0.00707
2025-05-27 01:38:24 [INFO] base_models.logistic_regression:57 - LogisticRegression final iteration 849, max_iter=850, learning_rate = 0.00707
2025-05-27 01:38:24 [INFO] adaboost.adaboost:25 - model is <base_models.logistic_regression.LogisticRegressionModel object at 0x0000024A7F5BF190>
2025-05-27 01:38:24 [INFO] base_models.logistic_regression:57 - LogisticRegression final iteration 0, max_iter=850, learning_rate = 0.00707
2025-05-27 01:38:25 [INFO] base_models.logistic_regression:57 - LogisticRegression final iteration 849, max_iter=850, learning_rate = 0.00707
2025-05-27 01:38:25 [INFO] adaboost.adaboost:25 - model is <base_models.logistic_regression.LogisticRegressionModel object at 0x0000024A7F5BF1F0>
2025-05-27 01:38:25 [INFO] base_models.logistic_regression:57 - LogisticRegression final iteration 0, max_iter=850, learning_rate = 0.00707
2025-05-27 01:38:26 [INFO] base_models.logistic_regression:57 - LogisticRegression final iteration 849, max_iter=850, learning_rate = 0.00707
2025-05-27 01:38:26 [INFO] adaboost.adaboost:25 - model is <base_models.logistic_regression.LogisticRegressionModel object at 0x0000024A7F5BF040>
2025-05-27 01:38:26 [INFO] base_models.logistic_regression:57 - LogisticRegression final iteration 0, max_iter=850, learning_rate = 0.00707
2025-05-27 01:38:27 [INFO] base_models.logistic_regression:57 - LogisticRegression final iteration 849, max_iter=850, learning_rate = 0.00707
2025-05-27 01:38:27 [INFO] adaboost.adaboost:25 - model is <base_models.logistic_regression.LogisticRegressionModel object at 0x0000024A7F5BF220>
2025-05-27 01:38:27 [INFO] base_models.logistic_regression:57 - LogisticRegression final iteration 0, max_iter=850, learning_rate = 0.00707
2025-05-27 01:38:28 [INFO] base_models.logistic_regression:57 - LogisticRegression final iteration 849, max_iter=850, learning_rate = 0.00707
2025-05-27 01:38:28 [INFO] adaboost.adaboost:25 - model is <base_models.logistic_regression.LogisticRegressionModel object at 0x0000024A7F5BF0A0>
2025-05-27 01:38:28 [INFO] base_models.logistic_regression:57 - LogisticRegression final iteration 0, max_iter=850, learning_rate = 0.00707
2025-05-27 01:38:29 [INFO] base_models.logistic_regression:57 - LogisticRegression final iteration 849, max_iter=850, learning_rate = 0.00707
2025-05-27 01:38:29 [INFO] adaboost.adaboost:25 - model is <base_models.logistic_regression.LogisticRegressionModel object at 0x0000024A7F5BF160>
2025-05-27 01:38:29 [INFO] base_models.logistic_regression:57 - LogisticRegression final iteration 0, max_iter=850, learning_rate = 0.00707
2025-05-27 01:38:30 [INFO] base_models.logistic_regression:57 - LogisticRegression final iteration 849, max_iter=850, learning_rate = 0.00707
2025-05-27 01:38:30 [INFO] adaboost.adaboost:25 - model is <base_models.logistic_regression.LogisticRegressionModel object at 0x0000024A7F559700>
2025-05-27 01:38:30 [INFO] base_models.logistic_regression:57 - LogisticRegression final iteration 0, max_iter=850, learning_rate = 0.00707
2025-05-27 01:38:31 [INFO] base_models.logistic_regression:57 - LogisticRegression final iteration 849, max_iter=850, learning_rate = 0.00707
2025-05-27 01:38:31 [INFO] adaboost.adaboost:25 - model is <base_models.logistic_regression.LogisticRegressionModel object at 0x0000024A7F5597C0>
2025-05-27 01:38:31 [INFO] base_models.logistic_regression:57 - LogisticRegression final iteration 0, max_iter=850, learning_rate = 0.00707
2025-05-27 01:38:33 [INFO] base_models.logistic_regression:57 - LogisticRegression final iteration 849, max_iter=850, learning_rate = 0.00707
2025-05-27 01:38:33 [INFO] adaboost.adaboost:25 - model is <base_models.logistic_regression.LogisticRegressionModel object at 0x0000024A7F559790>
2025-05-27 01:38:33 [INFO] base_models.logistic_regression:57 - LogisticRegression final iteration 0, max_iter=850, learning_rate = 0.00707
2025-05-27 01:38:33 [INFO] base_models.logistic_regression:57 - LogisticRegression final iteration 849, max_iter=850, learning_rate = 0.00707
2025-05-27 01:38:34 [INFO] adaboost.adaboost:25 - model is <base_models.logistic_regression.LogisticRegressionModel object at 0x0000024A7F5596A0>
2025-05-27 01:38:34 [INFO] base_models.logistic_regression:57 - LogisticRegression final iteration 0, max_iter=850, learning_rate = 0.00707
2025-05-27 01:38:35 [INFO] base_models.logistic_regression:57 - LogisticRegression final iteration 849, max_iter=850, learning_rate = 0.00707
2025-05-27 01:38:35 [INFO] adaboost.adaboost:25 - model is <base_models.logistic_regression.LogisticRegressionModel object at 0x0000024A7F559550>
2025-05-27 01:38:35 [INFO] base_models.logistic_regression:57 - LogisticRegression final iteration 0, max_iter=850, learning_rate = 0.00707
2025-05-27 01:38:36 [INFO] base_models.logistic_regression:57 - LogisticRegression final iteration 849, max_iter=850, learning_rate = 0.00707
2025-05-27 01:38:36 [INFO] adaboost.adaboost:25 - model is <base_models.logistic_regression.LogisticRegressionModel object at 0x0000024A7F559730>
2025-05-27 01:38:36 [INFO] base_models.logistic_regression:57 - LogisticRegression final iteration 0, max_iter=850, learning_rate = 0.00707
2025-05-27 01:38:37 [INFO] base_models.logistic_regression:57 - LogisticRegression final iteration 849, max_iter=850, learning_rate = 0.00707
2025-05-27 01:38:37 [INFO] adaboost.adaboost:25 - model is <base_models.logistic_regression.LogisticRegressionModel object at 0x0000024A7F591310>
2025-05-27 01:38:37 [INFO] base_models.logistic_regression:57 - LogisticRegression final iteration 0, max_iter=850, learning_rate = 0.00707
2025-05-27 01:38:38 [INFO] base_models.logistic_regression:57 - LogisticRegression final iteration 849, max_iter=850, learning_rate = 0.00707
2025-05-27 01:38:38 [INFO] adaboost.adaboost:25 - model is <base_models.logistic_regression.LogisticRegressionModel object at 0x0000024A7F591430>
2025-05-27 01:38:38 [INFO] base_models.logistic_regression:57 - LogisticRegression final iteration 0, max_iter=850, learning_rate = 0.00707
2025-05-27 01:38:40 [INFO] base_models.logistic_regression:57 - LogisticRegression final iteration 849, max_iter=850, learning_rate = 0.00707
2025-05-27 01:38:40 [INFO] adaboost.adaboost:25 - model is <base_models.logistic_regression.LogisticRegressionModel object at 0x0000024A7F591490>
2025-05-27 01:38:40 [INFO] base_models.logistic_regression:57 - LogisticRegression final iteration 0, max_iter=850, learning_rate = 0.00707
2025-05-27 01:38:41 [INFO] base_models.logistic_regression:57 - LogisticRegression final iteration 849, max_iter=850, learning_rate = 0.00707
2025-05-27 01:38:41 [INFO] adaboost.adaboost:25 - model is <base_models.logistic_regression.LogisticRegressionModel object at 0x0000024A7F591550>
2025-05-27 01:38:41 [INFO] base_models.logistic_regression:57 - LogisticRegression final iteration 0, max_iter=850, learning_rate = 0.00707
2025-05-27 01:38:42 [INFO] base_models.logistic_regression:57 - LogisticRegression final iteration 849, max_iter=850, learning_rate = 0.00707
2025-05-27 01:38:42 [INFO] adaboost.adaboost:25 - model is <base_models.logistic_regression.LogisticRegressionModel object at 0x0000024A7F5916D0>
2025-05-27 01:38:42 [INFO] base_models.logistic_regression:57 - LogisticRegression final iteration 0, max_iter=850, learning_rate = 0.00707
2025-05-27 01:38:43 [INFO] base_models.logistic_regression:57 - LogisticRegression final iteration 849, max_iter=850, learning_rate = 0.00707
2025-05-27 01:38:43 [INFO] adaboost.adaboost:25 - model is <base_models.logistic_regression.LogisticRegressionModel object at 0x0000024A7F591730>
2025-05-27 01:38:43 [INFO] base_models.logistic_regression:57 - LogisticRegression final iteration 0, max_iter=850, learning_rate = 0.00707
2025-05-27 01:38:44 [INFO] base_models.logistic_regression:57 - LogisticRegression final iteration 849, max_iter=850, learning_rate = 0.00707
2025-05-27 01:38:44 [INFO] adaboost.adaboost:25 - model is <base_models.logistic_regression.LogisticRegressionModel object at 0x0000024A7F591790>
2025-05-27 01:38:44 [INFO] base_models.logistic_regression:57 - LogisticRegression final iteration 0, max_iter=850, learning_rate = 0.00707
2025-05-27 01:38:45 [INFO] base_models.logistic_regression:57 - LogisticRegression final iteration 849, max_iter=850, learning_rate = 0.00707
2025-05-27 01:38:45 [INFO] adaboost.adaboost:25 - model is <base_models.logistic_regression.LogisticRegressionModel object at 0x0000024A7F5917F0>
2025-05-27 01:38:45 [INFO] base_models.logistic_regression:57 - LogisticRegression final iteration 0, max_iter=850, learning_rate = 0.00707
2025-05-27 01:38:46 [INFO] base_models.logistic_regression:57 - LogisticRegression final iteration 849, max_iter=850, learning_rate = 0.00707
2025-05-27 01:38:46 [INFO] adaboost.adaboost:25 - model is <base_models.logistic_regression.LogisticRegressionModel object at 0x0000024A7F591850>
2025-05-27 01:38:46 [INFO] base_models.logistic_regression:57 - LogisticRegression final iteration 0, max_iter=850, learning_rate = 0.00707
2025-05-27 01:38:47 [INFO] base_models.logistic_regression:57 - LogisticRegression final iteration 849, max_iter=850, learning_rate = 0.00707
2025-05-27 01:38:47 [INFO] adaboost.adaboost:25 - model is <base_models.logistic_regression.LogisticRegressionModel object at 0x0000024A7F5918B0>
2025-05-27 01:38:47 [INFO] base_models.logistic_regression:57 - LogisticRegression final iteration 0, max_iter=850, learning_rate = 0.00707
2025-05-27 01:38:49 [INFO] base_models.logistic_regression:57 - LogisticRegression final iteration 849, max_iter=850, learning_rate = 0.00707
2025-05-27 01:38:49 [INFO] adaboost.adaboost:25 - model is <base_models.logistic_regression.LogisticRegressionModel object at 0x0000024A7F591910>
2025-05-27 01:38:49 [INFO] base_models.logistic_regression:57 - LogisticRegression final iteration 0, max_iter=850, learning_rate = 0.00707
2025-05-27 01:38:50 [INFO] base_models.logistic_regression:57 - LogisticRegression final iteration 849, max_iter=850, learning_rate = 0.00707
2025-05-27 01:38:50 [INFO] adaboost.adaboost:25 - model is <base_models.logistic_regression.LogisticRegressionModel object at 0x0000024A7F591970>
2025-05-27 01:38:50 [INFO] base_models.logistic_regression:57 - LogisticRegression final iteration 0, max_iter=850, learning_rate = 0.00707
2025-05-27 01:38:51 [INFO] base_models.logistic_regression:57 - LogisticRegression final iteration 849, max_iter=850, learning_rate = 0.00707
2025-05-27 01:38:51 [INFO] adaboost.adaboost:25 - model is <base_models.logistic_regression.LogisticRegressionModel object at 0x0000024A7F5919D0>
2025-05-27 01:38:51 [INFO] base_models.logistic_regression:57 - LogisticRegression final iteration 0, max_iter=850, learning_rate = 0.00707
2025-05-27 01:38:52 [INFO] base_models.logistic_regression:57 - LogisticRegression final iteration 849, max_iter=850, learning_rate = 0.00707
2025-05-27 01:38:52 [INFO] adaboost.adaboost:25 - model is <base_models.logistic_regression.LogisticRegressionModel object at 0x0000024A7F591A30>
2025-05-27 01:38:52 [INFO] base_models.logistic_regression:57 - LogisticRegression final iteration 0, max_iter=850, learning_rate = 0.00707
2025-05-27 01:38:53 [INFO] base_models.logistic_regression:57 - LogisticRegression final iteration 849, max_iter=850, learning_rate = 0.00707
2025-05-27 01:38:53 [INFO] adaboost.adaboost:25 - model is <base_models.logistic_regression.LogisticRegressionModel object at 0x0000024A7F591A90>
2025-05-27 01:38:53 [INFO] base_models.logistic_regression:57 - LogisticRegression final iteration 0, max_iter=850, learning_rate = 0.00707
2025-05-27 01:38:54 [INFO] base_models.logistic_regression:57 - LogisticRegression final iteration 849, max_iter=850, learning_rate = 0.00707
2025-05-27 01:38:54 [INFO] adaboost.adaboost:25 - model is <base_models.logistic_regression.LogisticRegressionModel object at 0x0000024A7F591AF0>
2025-05-27 01:38:54 [INFO] base_models.logistic_regression:57 - LogisticRegression final iteration 0, max_iter=850, learning_rate = 0.00707
2025-05-27 01:38:55 [INFO] base_models.logistic_regression:57 - LogisticRegression final iteration 849, max_iter=850, learning_rate = 0.00707
2025-05-27 01:38:55 [INFO] adaboost.adaboost:25 - model is <base_models.logistic_regression.LogisticRegressionModel object at 0x0000024A7F591B50>
2025-05-27 01:38:55 [INFO] base_models.logistic_regression:57 - LogisticRegression final iteration 0, max_iter=850, learning_rate = 0.00707
2025-05-27 01:38:56 [INFO] base_models.logistic_regression:57 - LogisticRegression final iteration 849, max_iter=850, learning_rate = 0.00707
2025-05-27 01:38:56 [INFO] adaboost.adaboost:25 - model is <base_models.logistic_regression.LogisticRegressionModel object at 0x0000024A7F591BB0>
2025-05-27 01:38:56 [INFO] base_models.logistic_regression:57 - LogisticRegression final iteration 0, max_iter=850, learning_rate = 0.00707
2025-05-27 01:38:57 [INFO] base_models.logistic_regression:57 - LogisticRegression final iteration 849, max_iter=850, learning_rate = 0.00707
2025-05-27 01:38:57 [INFO] adaboost.adaboost:25 - model is <base_models.logistic_regression.LogisticRegressionModel object at 0x0000024A7F591C40>
2025-05-27 01:38:57 [INFO] base_models.logistic_regression:57 - LogisticRegression final iteration 0, max_iter=850, learning_rate = 0.00707
2025-05-27 01:38:58 [INFO] base_models.logistic_regression:57 - LogisticRegression final iteration 849, max_iter=850, learning_rate = 0.00707
2025-05-27 01:38:58 [INFO] adaboost.adaboost:25 - model is <base_models.logistic_regression.LogisticRegressionModel object at 0x0000024A7F591D30>
2025-05-27 01:38:58 [INFO] base_models.logistic_regression:57 - LogisticRegression final iteration 0, max_iter=850, learning_rate = 0.00707
2025-05-27 01:39:00 [INFO] base_models.logistic_regression:57 - LogisticRegression final iteration 849, max_iter=850, learning_rate = 0.00707
2025-05-27 01:39:00 [INFO] adaboost.adaboost:25 - model is <base_models.logistic_regression.LogisticRegressionModel object at 0x0000024A7F591D90>
2025-05-27 01:39:00 [INFO] base_models.logistic_regression:57 - LogisticRegression final iteration 0, max_iter=850, learning_rate = 0.00707
2025-05-27 01:39:01 [INFO] base_models.logistic_regression:57 - LogisticRegression final iteration 849, max_iter=850, learning_rate = 0.00707
2025-05-27 01:39:01 [INFO] adaboost.adaboost:25 - model is <base_models.logistic_regression.LogisticRegressionModel object at 0x0000024A7F591DF0>
2025-05-27 01:39:01 [INFO] base_models.logistic_regression:57 - LogisticRegression final iteration 0, max_iter=850, learning_rate = 0.00707
2025-05-27 01:39:03 [INFO] base_models.logistic_regression:57 - LogisticRegression final iteration 849, max_iter=850, learning_rate = 0.00707
2025-05-27 01:39:03 [INFO] adaboost.adaboost:25 - model is <base_models.logistic_regression.LogisticRegressionModel object at 0x0000024A7F591E50>
2025-05-27 01:39:03 [INFO] base_models.logistic_regression:57 - LogisticRegression final iteration 0, max_iter=850, learning_rate = 0.00707
2025-05-27 01:39:04 [INFO] base_models.logistic_regression:57 - LogisticRegression final iteration 849, max_iter=850, learning_rate = 0.00707
2025-05-27 01:39:04 [INFO] adaboost.adaboost:25 - model is <base_models.logistic_regression.LogisticRegressionModel object at 0x0000024A7F591EB0>
2025-05-27 01:39:04 [INFO] base_models.logistic_regression:57 - LogisticRegression final iteration 0, max_iter=850, learning_rate = 0.00707
2025-05-27 01:39:06 [INFO] base_models.logistic_regression:57 - LogisticRegression final iteration 849, max_iter=850, learning_rate = 0.00707
2025-05-27 01:39:06 [INFO] adaboost.adaboost:25 - model is <base_models.logistic_regression.LogisticRegressionModel object at 0x0000024A7F591F10>
2025-05-27 01:39:06 [INFO] base_models.logistic_regression:57 - LogisticRegression final iteration 0, max_iter=850, learning_rate = 0.00707
2025-05-27 01:39:07 [INFO] base_models.logistic_regression:57 - LogisticRegression final iteration 849, max_iter=850, learning_rate = 0.00707
2025-05-27 01:39:07 [INFO] adaboost.adaboost:25 - model is <base_models.logistic_regression.LogisticRegressionModel object at 0x0000024A7F591F70>
2025-05-27 01:39:07 [INFO] base_models.logistic_regression:57 - LogisticRegression final iteration 0, max_iter=850, learning_rate = 0.00707
2025-05-27 01:39:09 [INFO] base_models.logistic_regression:57 - LogisticRegression final iteration 849, max_iter=850, learning_rate = 0.00707
2025-05-27 01:39:09 [INFO] adaboost.adaboost:25 - model is <base_models.logistic_regression.LogisticRegressionModel object at 0x0000024A7F591FD0>
2025-05-27 01:39:09 [INFO] base_models.logistic_regression:57 - LogisticRegression final iteration 0, max_iter=850, learning_rate = 0.00707
2025-05-27 01:39:10 [INFO] base_models.logistic_regression:57 - LogisticRegression final iteration 849, max_iter=850, learning_rate = 0.00707
2025-05-27 01:39:10 [INFO] adaboost.adaboost:25 - model is <base_models.logistic_regression.LogisticRegressionModel object at 0x0000024A7F591220>
2025-05-27 01:39:10 [INFO] base_models.logistic_regression:57 - LogisticRegression final iteration 0, max_iter=850, learning_rate = 0.00707
2025-05-27 01:39:12 [INFO] base_models.logistic_regression:57 - LogisticRegression final iteration 849, max_iter=850, learning_rate = 0.00707
2025-05-27 01:39:12 [INFO] adaboost.adaboost:25 - model is <base_models.logistic_regression.LogisticRegressionModel object at 0x0000024A7F591340>
2025-05-27 01:39:12 [INFO] base_models.logistic_regression:57 - LogisticRegression final iteration 0, max_iter=850, learning_rate = 0.00707
2025-05-27 01:39:13 [INFO] base_models.logistic_regression:57 - LogisticRegression final iteration 849, max_iter=850, learning_rate = 0.00707
2025-05-27 01:39:13 [INFO] adaboost.adaboost:25 - model is <base_models.logistic_regression.LogisticRegressionModel object at 0x0000024A7F5914C0>
2025-05-27 01:39:13 [INFO] base_models.logistic_regression:57 - LogisticRegression final iteration 0, max_iter=850, learning_rate = 0.00707
2025-05-27 01:39:15 [INFO] base_models.logistic_regression:57 - LogisticRegression final iteration 849, max_iter=850, learning_rate = 0.00707
2025-05-27 01:39:15 [INFO] adaboost.adaboost:25 - model is <base_models.logistic_regression.LogisticRegressionModel object at 0x0000024A7F5913D0>
2025-05-27 01:39:15 [INFO] base_models.logistic_regression:57 - LogisticRegression final iteration 0, max_iter=850, learning_rate = 0.00707
2025-05-27 01:39:16 [INFO] base_models.logistic_regression:57 - LogisticRegression final iteration 849, max_iter=850, learning_rate = 0.00707
2025-05-27 01:39:16 [INFO] adaboost.adaboost:25 - model is <base_models.logistic_regression.LogisticRegressionModel object at 0x0000024A7F5915B0>
2025-05-27 01:39:16 [INFO] base_models.logistic_regression:57 - LogisticRegression final iteration 0, max_iter=850, learning_rate = 0.00707
2025-05-27 01:39:17 [INFO] base_models.logistic_regression:57 - LogisticRegression final iteration 849, max_iter=850, learning_rate = 0.00707
2025-05-27 01:39:17 [INFO] adaboost.adaboost:25 - model is <base_models.logistic_regression.LogisticRegressionModel object at 0x0000024A7F591610>
2025-05-27 01:39:17 [INFO] base_models.logistic_regression:57 - LogisticRegression final iteration 0, max_iter=850, learning_rate = 0.00707
2025-05-27 01:39:18 [INFO] base_models.logistic_regression:57 - LogisticRegression final iteration 849, max_iter=850, learning_rate = 0.00707
2025-05-27 01:39:18 [INFO] adaboost.adaboost:25 - model is <base_models.logistic_regression.LogisticRegressionModel object at 0x0000024A7F591670>
2025-05-27 01:39:18 [INFO] base_models.logistic_regression:57 - LogisticRegression final iteration 0, max_iter=850, learning_rate = 0.00707
2025-05-27 01:39:19 [INFO] base_models.logistic_regression:57 - LogisticRegression final iteration 849, max_iter=850, learning_rate = 0.00707
2025-05-27 01:39:19 [INFO] adaboost.adaboost:25 - model is <base_models.logistic_regression.LogisticRegressionModel object at 0x0000024A2249A460>
2025-05-27 01:39:19 [INFO] base_models.logistic_regression:57 - LogisticRegression final iteration 0, max_iter=850, learning_rate = 0.00707
2025-05-27 01:39:21 [INFO] base_models.logistic_regression:57 - LogisticRegression final iteration 849, max_iter=850, learning_rate = 0.00707
2025-05-27 01:39:21 [INFO] adaboost.adaboost:25 - model is <base_models.logistic_regression.LogisticRegressionModel object at 0x0000024A2249A400>
2025-05-27 01:39:21 [INFO] base_models.logistic_regression:57 - LogisticRegression final iteration 0, max_iter=850, learning_rate = 0.00707
2025-05-27 01:39:22 [INFO] base_models.logistic_regression:57 - LogisticRegression final iteration 849, max_iter=850, learning_rate = 0.00707
2025-05-27 01:39:22 [INFO] adaboost.adaboost:25 - model is <base_models.logistic_regression.LogisticRegressionModel object at 0x0000024A2249A3A0>
2025-05-27 01:39:22 [INFO] base_models.logistic_regression:57 - LogisticRegression final iteration 0, max_iter=850, learning_rate = 0.00707
2025-05-27 01:39:23 [INFO] base_models.logistic_regression:57 - LogisticRegression final iteration 849, max_iter=850, learning_rate = 0.00707
2025-05-27 01:39:23 [INFO] adaboost.adaboost:25 - model is <base_models.logistic_regression.LogisticRegressionModel object at 0x0000024A2249A340>
2025-05-27 01:39:23 [INFO] base_models.logistic_regression:57 - LogisticRegression final iteration 0, max_iter=850, learning_rate = 0.00707
2025-05-27 01:39:24 [INFO] base_models.logistic_regression:57 - LogisticRegression final iteration 849, max_iter=850, learning_rate = 0.00707
2025-05-27 01:39:24 [INFO] adaboost.adaboost:25 - model is <base_models.logistic_regression.LogisticRegressionModel object at 0x0000024A2249A220>
2025-05-27 01:39:24 [INFO] base_models.logistic_regression:57 - LogisticRegression final iteration 0, max_iter=850, learning_rate = 0.00707
2025-05-27 01:39:25 [INFO] base_models.logistic_regression:57 - LogisticRegression final iteration 849, max_iter=850, learning_rate = 0.00707
2025-05-27 01:39:25 [INFO] adaboost.adaboost:25 - model is <base_models.logistic_regression.LogisticRegressionModel object at 0x0000024A7F555670>
2025-05-27 01:39:25 [INFO] base_models.logistic_regression:57 - LogisticRegression final iteration 0, max_iter=850, learning_rate = 0.00707
2025-05-27 01:39:27 [INFO] base_models.logistic_regression:57 - LogisticRegression final iteration 849, max_iter=850, learning_rate = 0.00707
2025-05-27 01:39:27 [INFO] adaboost.adaboost:25 - model is <base_models.logistic_regression.LogisticRegressionModel object at 0x0000024A7F5211F0>
2025-05-27 01:39:27 [INFO] base_models.logistic_regression:57 - LogisticRegression final iteration 0, max_iter=850, learning_rate = 0.00707
2025-05-27 01:39:28 [INFO] base_models.logistic_regression:57 - LogisticRegression final iteration 849, max_iter=850, learning_rate = 0.00707
2025-05-27 01:39:28 [INFO] adaboost.adaboost:25 - model is <base_models.logistic_regression.LogisticRegressionModel object at 0x0000024A78DC5C70>
2025-05-27 01:39:28 [INFO] base_models.logistic_regression:57 - LogisticRegression final iteration 0, max_iter=850, learning_rate = 0.00707
2025-05-27 01:39:30 [INFO] base_models.logistic_regression:57 - LogisticRegression final iteration 849, max_iter=850, learning_rate = 0.00707
2025-05-27 01:39:30 [INFO] adaboost.adaboost:25 - model is <base_models.logistic_regression.LogisticRegressionModel object at 0x0000024A7F4FFC40>
2025-05-27 01:39:30 [INFO] base_models.logistic_regression:57 - LogisticRegression final iteration 0, max_iter=850, learning_rate = 0.00707
2025-05-27 01:39:31 [INFO] base_models.logistic_regression:57 - LogisticRegression final iteration 849, max_iter=850, learning_rate = 0.00707
2025-05-27 01:39:31 [INFO] adaboost.adaboost:25 - model is <base_models.logistic_regression.LogisticRegressionModel object at 0x0000024A22492F10>
2025-05-27 01:39:31 [INFO] base_models.logistic_regression:57 - LogisticRegression final iteration 0, max_iter=850, learning_rate = 0.00707
2025-05-27 01:39:32 [INFO] base_models.logistic_regression:57 - LogisticRegression final iteration 849, max_iter=850, learning_rate = 0.00707
2025-05-27 01:39:32 [INFO] adaboost.adaboost:25 - model is <base_models.logistic_regression.LogisticRegressionModel object at 0x0000024A22492F70>
2025-05-27 01:39:32 [INFO] base_models.logistic_regression:57 - LogisticRegression final iteration 0, max_iter=850, learning_rate = 0.00707
2025-05-27 01:39:33 [INFO] base_models.logistic_regression:57 - LogisticRegression final iteration 849, max_iter=850, learning_rate = 0.00707
2025-05-27 01:39:33 [INFO] adaboost.adaboost:25 - model is <base_models.logistic_regression.LogisticRegressionModel object at 0x0000024A7F5122E0>
2025-05-27 01:39:33 [INFO] base_models.logistic_regression:57 - LogisticRegression final iteration 0, max_iter=850, learning_rate = 0.00707
2025-05-27 01:39:34 [INFO] base_models.logistic_regression:57 - LogisticRegression final iteration 849, max_iter=850, learning_rate = 0.00707
2025-05-27 01:39:34 [INFO] adaboost.adaboost:25 - model is <base_models.logistic_regression.LogisticRegressionModel object at 0x0000024A22F17070>
2025-05-27 01:39:34 [INFO] base_models.logistic_regression:57 - LogisticRegression final iteration 0, max_iter=850, learning_rate = 0.00707
2025-05-27 01:39:36 [INFO] base_models.logistic_regression:57 - LogisticRegression final iteration 849, max_iter=850, learning_rate = 0.00707
2025-05-27 01:39:36 [INFO] adaboost.adaboost:25 - model is <base_models.logistic_regression.LogisticRegressionModel object at 0x0000024A22F17190>
2025-05-27 01:39:36 [INFO] base_models.logistic_regression:57 - LogisticRegression final iteration 0, max_iter=850, learning_rate = 0.00707
2025-05-27 01:39:37 [INFO] base_models.logistic_regression:57 - LogisticRegression final iteration 849, max_iter=850, learning_rate = 0.00707
2025-05-27 01:39:37 [INFO] adaboost.adaboost:25 - model is <base_models.logistic_regression.LogisticRegressionModel object at 0x0000024A22F171F0>
2025-05-27 01:39:37 [INFO] base_models.logistic_regression:57 - LogisticRegression final iteration 0, max_iter=850, learning_rate = 0.00707
2025-05-27 01:39:39 [INFO] base_models.logistic_regression:57 - LogisticRegression final iteration 849, max_iter=850, learning_rate = 0.00707
2025-05-27 01:39:39 [INFO] adaboost.adaboost:25 - model is <base_models.logistic_regression.LogisticRegressionModel object at 0x0000024A22F172B0>
2025-05-27 01:39:39 [INFO] base_models.logistic_regression:57 - LogisticRegression final iteration 0, max_iter=850, learning_rate = 0.00707
2025-05-27 01:39:40 [INFO] base_models.logistic_regression:57 - LogisticRegression final iteration 849, max_iter=850, learning_rate = 0.00707
2025-05-27 01:39:40 [INFO] adaboost.adaboost:25 - model is <base_models.logistic_regression.LogisticRegressionModel object at 0x0000024A22F173D0>
2025-05-27 01:39:40 [INFO] base_models.logistic_regression:57 - LogisticRegression final iteration 0, max_iter=850, learning_rate = 0.00707
2025-05-27 01:39:41 [INFO] base_models.logistic_regression:57 - LogisticRegression final iteration 849, max_iter=850, learning_rate = 0.00707
2025-05-27 01:39:41 [INFO] adaboost.adaboost:25 - model is <base_models.logistic_regression.LogisticRegressionModel object at 0x0000024A22F17430>
2025-05-27 01:39:41 [INFO] base_models.logistic_regression:57 - LogisticRegression final iteration 0, max_iter=850, learning_rate = 0.00707
2025-05-27 01:39:42 [INFO] base_models.logistic_regression:57 - LogisticRegression final iteration 849, max_iter=850, learning_rate = 0.00707
2025-05-27 01:39:42 [INFO] adaboost.adaboost:25 - model is <base_models.logistic_regression.LogisticRegressionModel object at 0x0000024A22F17490>
2025-05-27 01:39:42 [INFO] base_models.logistic_regression:57 - LogisticRegression final iteration 0, max_iter=850, learning_rate = 0.00707
2025-05-27 01:39:42 [INFO] base_models.logistic_regression:57 - LogisticRegression final iteration 849, max_iter=850, learning_rate = 0.00707
2025-05-27 01:39:42 [INFO] adaboost.adaboost:25 - model is <base_models.logistic_regression.LogisticRegressionModel object at 0x0000024A22F174F0>
2025-05-27 01:39:42 [INFO] base_models.logistic_regression:57 - LogisticRegression final iteration 0, max_iter=850, learning_rate = 0.00707
2025-05-27 01:39:44 [INFO] base_models.logistic_regression:57 - LogisticRegression final iteration 849, max_iter=850, learning_rate = 0.00707
2025-05-27 01:39:44 [INFO] adaboost.adaboost:25 - model is <base_models.logistic_regression.LogisticRegressionModel object at 0x0000024A22F17550>
2025-05-27 01:39:44 [INFO] base_models.logistic_regression:57 - LogisticRegression final iteration 0, max_iter=850, learning_rate = 0.00707
2025-05-27 01:39:45 [INFO] base_models.logistic_regression:57 - LogisticRegression final iteration 849, max_iter=850, learning_rate = 0.00707
2025-05-27 01:39:45 [INFO] adaboost.adaboost:25 - model is <base_models.logistic_regression.LogisticRegressionModel object at 0x0000024A22F175B0>
2025-05-27 01:39:45 [INFO] base_models.logistic_regression:57 - LogisticRegression final iteration 0, max_iter=850, learning_rate = 0.00707
2025-05-27 01:39:46 [INFO] base_models.logistic_regression:57 - LogisticRegression final iteration 849, max_iter=850, learning_rate = 0.00707
2025-05-27 01:39:46 [INFO] adaboost.adaboost:25 - model is <base_models.logistic_regression.LogisticRegressionModel object at 0x0000024A22F17610>
2025-05-27 01:39:46 [INFO] base_models.logistic_regression:57 - LogisticRegression final iteration 0, max_iter=850, learning_rate = 0.00707
2025-05-27 01:39:47 [INFO] base_models.logistic_regression:57 - LogisticRegression final iteration 849, max_iter=850, learning_rate = 0.00707
2025-05-27 01:39:47 [INFO] adaboost.adaboost:25 - model is <base_models.logistic_regression.LogisticRegressionModel object at 0x0000024A22F17670>
2025-05-27 01:39:47 [INFO] base_models.logistic_regression:57 - LogisticRegression final iteration 0, max_iter=850, learning_rate = 0.00707
2025-05-27 01:39:48 [INFO] base_models.logistic_regression:57 - LogisticRegression final iteration 849, max_iter=850, learning_rate = 0.00707
2025-05-27 01:39:48 [INFO] adaboost.adaboost:25 - model is <base_models.logistic_regression.LogisticRegressionModel object at 0x0000024A22F176D0>
2025-05-27 01:39:48 [INFO] base_models.logistic_regression:57 - LogisticRegression final iteration 0, max_iter=850, learning_rate = 0.00707
2025-05-27 01:39:49 [INFO] base_models.logistic_regression:57 - LogisticRegression final iteration 849, max_iter=850, learning_rate = 0.00707
2025-05-27 01:39:49 [INFO] adaboost.adaboost:25 - model is <base_models.logistic_regression.LogisticRegressionModel object at 0x0000024A22F17730>
2025-05-27 01:39:49 [INFO] base_models.logistic_regression:57 - LogisticRegression final iteration 0, max_iter=850, learning_rate = 0.00707
2025-05-27 01:39:50 [INFO] base_models.logistic_regression:57 - LogisticRegression final iteration 849, max_iter=850, learning_rate = 0.00707
2025-05-27 01:39:50 [INFO] adaboost.adaboost:25 - model is <base_models.logistic_regression.LogisticRegressionModel object at 0x0000024A22F17790>
2025-05-27 01:39:50 [INFO] base_models.logistic_regression:57 - LogisticRegression final iteration 0, max_iter=850, learning_rate = 0.00707
2025-05-27 01:39:52 [INFO] base_models.logistic_regression:57 - LogisticRegression final iteration 849, max_iter=850, learning_rate = 0.00707
2025-05-27 01:39:52 [INFO] adaboost.adaboost:25 - model is <base_models.logistic_regression.LogisticRegressionModel object at 0x0000024A22F177F0>
2025-05-27 01:39:52 [INFO] base_models.logistic_regression:57 - LogisticRegression final iteration 0, max_iter=850, learning_rate = 0.00707
2025-05-27 01:39:53 [INFO] base_models.logistic_regression:57 - LogisticRegression final iteration 849, max_iter=850, learning_rate = 0.00707
2025-05-27 01:39:53 [INFO] adaboost.adaboost:25 - model is <base_models.logistic_regression.LogisticRegressionModel object at 0x0000024A22F17850>
2025-05-27 01:39:53 [INFO] base_models.logistic_regression:57 - LogisticRegression final iteration 0, max_iter=850, learning_rate = 0.00707
2025-05-27 01:39:54 [INFO] base_models.logistic_regression:57 - LogisticRegression final iteration 849, max_iter=850, learning_rate = 0.00707
2025-05-27 01:39:54 [INFO] adaboost.adaboost:25 - model is <base_models.logistic_regression.LogisticRegressionModel object at 0x0000024A22F178B0>
2025-05-27 01:39:54 [INFO] base_models.logistic_regression:57 - LogisticRegression final iteration 0, max_iter=850, learning_rate = 0.00707
2025-05-27 01:39:56 [INFO] base_models.logistic_regression:57 - LogisticRegression final iteration 849, max_iter=850, learning_rate = 0.00707
2025-05-27 01:39:56 [INFO] adaboost.adaboost:25 - model is <base_models.logistic_regression.LogisticRegressionModel object at 0x0000024A22F17910>
2025-05-27 01:39:56 [INFO] base_models.logistic_regression:57 - LogisticRegression final iteration 0, max_iter=850, learning_rate = 0.00707
2025-05-27 01:39:57 [INFO] base_models.logistic_regression:57 - LogisticRegression final iteration 849, max_iter=850, learning_rate = 0.00707
2025-05-27 01:39:57 [INFO] adaboost.adaboost:25 - model is <base_models.logistic_regression.LogisticRegressionModel object at 0x0000024A22F17970>
2025-05-27 01:39:57 [INFO] base_models.logistic_regression:57 - LogisticRegression final iteration 0, max_iter=850, learning_rate = 0.00707
2025-05-27 01:39:58 [INFO] base_models.logistic_regression:57 - LogisticRegression final iteration 849, max_iter=850, learning_rate = 0.00707
2025-05-27 01:39:58 [INFO] adaboost.adaboost:25 - model is <base_models.logistic_regression.LogisticRegressionModel object at 0x0000024A22F179D0>
2025-05-27 01:39:58 [INFO] base_models.logistic_regression:57 - LogisticRegression final iteration 0, max_iter=850, learning_rate = 0.00707
2025-05-27 01:39:59 [INFO] base_models.logistic_regression:57 - LogisticRegression final iteration 849, max_iter=850, learning_rate = 0.00707
2025-05-27 01:39:59 [INFO] adaboost.adaboost:25 - model is <base_models.logistic_regression.LogisticRegressionModel object at 0x0000024A22F17A30>
2025-05-27 01:39:59 [INFO] base_models.logistic_regression:57 - LogisticRegression final iteration 0, max_iter=850, learning_rate = 0.00707
2025-05-27 01:40:00 [INFO] base_models.logistic_regression:57 - LogisticRegression final iteration 849, max_iter=850, learning_rate = 0.00707
2025-05-27 01:40:00 [INFO] adaboost.adaboost:25 - model is <base_models.logistic_regression.LogisticRegressionModel object at 0x0000024A22F17A90>
2025-05-27 01:40:00 [INFO] base_models.logistic_regression:57 - LogisticRegression final iteration 0, max_iter=850, learning_rate = 0.00707
2025-05-27 01:40:01 [INFO] base_models.logistic_regression:57 - LogisticRegression final iteration 849, max_iter=850, learning_rate = 0.00707
2025-05-27 01:40:01 [INFO] adaboost.adaboost:25 - model is <base_models.logistic_regression.LogisticRegressionModel object at 0x0000024A22F17AF0>
2025-05-27 01:40:01 [INFO] base_models.logistic_regression:57 - LogisticRegression final iteration 0, max_iter=850, learning_rate = 0.00707
2025-05-27 01:40:02 [INFO] base_models.logistic_regression:57 - LogisticRegression final iteration 849, max_iter=850, learning_rate = 0.00707
2025-05-27 01:40:02 [INFO] adaboost.adaboost:25 - model is <base_models.logistic_regression.LogisticRegressionModel object at 0x0000024A22F17B50>
2025-05-27 01:40:02 [INFO] base_models.logistic_regression:57 - LogisticRegression final iteration 0, max_iter=850, learning_rate = 0.00707
2025-05-27 01:40:04 [INFO] base_models.logistic_regression:57 - LogisticRegression final iteration 849, max_iter=850, learning_rate = 0.00707
2025-05-27 01:40:04 [INFO] adaboost.adaboost:25 - model is <base_models.logistic_regression.LogisticRegressionModel object at 0x0000024A22F17BB0>
2025-05-27 01:40:04 [INFO] base_models.logistic_regression:57 - LogisticRegression final iteration 0, max_iter=850, learning_rate = 0.00707
2025-05-27 01:40:06 [INFO] base_models.logistic_regression:57 - LogisticRegression final iteration 849, max_iter=850, learning_rate = 0.00707
2025-05-27 01:40:06 [INFO] adaboost.adaboost:25 - model is <base_models.logistic_regression.LogisticRegressionModel object at 0x0000024A22F17C40>
2025-05-27 01:40:06 [INFO] base_models.logistic_regression:57 - LogisticRegression final iteration 0, max_iter=850, learning_rate = 0.00707
2025-05-27 01:40:07 [INFO] base_models.logistic_regression:57 - LogisticRegression final iteration 849, max_iter=850, learning_rate = 0.00707
2025-05-27 01:40:07 [INFO] adaboost.adaboost:25 - model is <base_models.logistic_regression.LogisticRegressionModel object at 0x0000024A22F17CA0>
2025-05-27 01:40:07 [INFO] base_models.logistic_regression:57 - LogisticRegression final iteration 0, max_iter=850, learning_rate = 0.00707
2025-05-27 01:40:08 [INFO] base_models.logistic_regression:57 - LogisticRegression final iteration 849, max_iter=850, learning_rate = 0.00707
2025-05-27 01:40:08 [INFO] adaboost.adaboost:25 - model is <base_models.logistic_regression.LogisticRegressionModel object at 0x0000024A22F17D00>
2025-05-27 01:40:08 [INFO] base_models.logistic_regression:57 - LogisticRegression final iteration 0, max_iter=850, learning_rate = 0.00707
2025-05-27 01:40:09 [INFO] base_models.logistic_regression:57 - LogisticRegression final iteration 849, max_iter=850, learning_rate = 0.00707
2025-05-27 01:40:09 [INFO] adaboost.adaboost:25 - model is <base_models.logistic_regression.LogisticRegressionModel object at 0x0000024A22F17D60>
2025-05-27 01:40:09 [INFO] base_models.logistic_regression:57 - LogisticRegression final iteration 0, max_iter=850, learning_rate = 0.00707
2025-05-27 01:40:10 [INFO] base_models.logistic_regression:57 - LogisticRegression final iteration 849, max_iter=850, learning_rate = 0.00707
2025-05-27 01:40:10 [INFO] adaboost.adaboost:25 - model is <base_models.logistic_regression.LogisticRegressionModel object at 0x0000024A22F17DC0>
2025-05-27 01:40:10 [INFO] base_models.logistic_regression:57 - LogisticRegression final iteration 0, max_iter=850, learning_rate = 0.00707
2025-05-27 01:40:11 [INFO] base_models.logistic_regression:57 - LogisticRegression final iteration 849, max_iter=850, learning_rate = 0.00707
2025-05-27 01:40:11 [INFO] adaboost.adaboost:25 - model is <base_models.logistic_regression.LogisticRegressionModel object at 0x0000024A22F17E20>
2025-05-27 01:40:11 [INFO] base_models.logistic_regression:57 - LogisticRegression final iteration 0, max_iter=850, learning_rate = 0.00707
2025-05-27 01:40:13 [INFO] base_models.logistic_regression:57 - LogisticRegression final iteration 849, max_iter=850, learning_rate = 0.00707
2025-05-27 01:40:13 [INFO] adaboost.adaboost:25 - model is <base_models.logistic_regression.LogisticRegressionModel object at 0x0000024A22F17E80>
2025-05-27 01:40:13 [INFO] base_models.logistic_regression:57 - LogisticRegression final iteration 0, max_iter=850, learning_rate = 0.00707
2025-05-27 01:40:14 [INFO] base_models.logistic_regression:57 - LogisticRegression final iteration 849, max_iter=850, learning_rate = 0.00707
2025-05-27 01:40:14 [INFO] adaboost.adaboost:25 - model is <base_models.logistic_regression.LogisticRegressionModel object at 0x0000024A22F17EE0>
2025-05-27 01:40:14 [INFO] base_models.logistic_regression:57 - LogisticRegression final iteration 0, max_iter=850, learning_rate = 0.00707
2025-05-27 01:40:15 [INFO] base_models.logistic_regression:57 - LogisticRegression final iteration 849, max_iter=850, learning_rate = 0.00707
2025-05-27 01:40:15 [INFO] adaboost.adaboost:25 - model is <base_models.logistic_regression.LogisticRegressionModel object at 0x0000024A22F17F40>
2025-05-27 01:40:15 [INFO] base_models.logistic_regression:57 - LogisticRegression final iteration 0, max_iter=850, learning_rate = 0.00707
2025-05-27 01:40:16 [INFO] base_models.logistic_regression:57 - LogisticRegression final iteration 849, max_iter=850, learning_rate = 0.00707
2025-05-27 01:40:16 [INFO] adaboost.adaboost:25 - model is <base_models.logistic_regression.LogisticRegressionModel object at 0x0000024A22F17FA0>
2025-05-27 01:40:16 [INFO] base_models.logistic_regression:57 - LogisticRegression final iteration 0, max_iter=850, learning_rate = 0.00707
2025-05-27 01:40:17 [INFO] base_models.logistic_regression:57 - LogisticRegression final iteration 849, max_iter=850, learning_rate = 0.00707
2025-05-27 01:40:17 [INFO] adaboost.adaboost:25 - model is <base_models.logistic_regression.LogisticRegressionModel object at 0x0000024A22F170A0>
2025-05-27 01:40:17 [INFO] base_models.logistic_regression:57 - LogisticRegression final iteration 0, max_iter=850, learning_rate = 0.00707
2025-05-27 01:40:18 [INFO] base_models.logistic_regression:57 - LogisticRegression final iteration 849, max_iter=850, learning_rate = 0.00707
2025-05-27 01:40:18 [INFO] adaboost.adaboost:25 - model is <base_models.logistic_regression.LogisticRegressionModel object at 0x0000024A22F17220>
2025-05-27 01:40:18 [INFO] base_models.logistic_regression:57 - LogisticRegression final iteration 0, max_iter=850, learning_rate = 0.00707
2025-05-27 01:40:19 [INFO] base_models.logistic_regression:57 - LogisticRegression final iteration 849, max_iter=850, learning_rate = 0.00707
2025-05-27 01:40:19 [INFO] adaboost.adaboost:25 - model is <base_models.logistic_regression.LogisticRegressionModel object at 0x0000024A22F17130>
2025-05-27 01:40:19 [INFO] base_models.logistic_regression:57 - LogisticRegression final iteration 0, max_iter=850, learning_rate = 0.00707
2025-05-27 01:40:21 [INFO] base_models.logistic_regression:57 - LogisticRegression final iteration 849, max_iter=850, learning_rate = 0.00707
2025-05-27 01:40:21 [INFO] adaboost.adaboost:25 - model is <base_models.logistic_regression.LogisticRegressionModel object at 0x0000024A22F17310>
2025-05-27 01:40:21 [INFO] base_models.logistic_regression:57 - LogisticRegression final iteration 0, max_iter=850, learning_rate = 0.00707
2025-05-27 01:40:22 [INFO] base_models.logistic_regression:57 - LogisticRegression final iteration 849, max_iter=850, learning_rate = 0.00707
2025-05-27 01:40:22 [INFO] adaboost.adaboost:25 - model is <base_models.logistic_regression.LogisticRegressionModel object at 0x0000024A22F17370>
2025-05-27 01:40:22 [INFO] base_models.logistic_regression:57 - LogisticRegression final iteration 0, max_iter=850, learning_rate = 0.00707
2025-05-27 01:40:23 [INFO] base_models.logistic_regression:57 - LogisticRegression final iteration 849, max_iter=850, learning_rate = 0.00707
2025-05-27 01:40:23 [INFO] adaboost.adaboost:25 - model is <base_models.logistic_regression.LogisticRegressionModel object at 0x0000024A7F5BF0D0>
2025-05-27 01:40:23 [INFO] base_models.logistic_regression:57 - LogisticRegression final iteration 0, max_iter=850, learning_rate = 0.00707
2025-05-27 01:40:24 [INFO] base_models.logistic_regression:57 - LogisticRegression final iteration 849, max_iter=850, learning_rate = 0.00707
2025-05-27 01:40:24 [INFO] adaboost.adaboost:25 - model is <base_models.logistic_regression.LogisticRegressionModel object at 0x0000024A7F5BF190>
2025-05-27 01:40:24 [INFO] base_models.logistic_regression:57 - LogisticRegression final iteration 0, max_iter=850, learning_rate = 0.00707
2025-05-27 01:40:25 [INFO] base_models.logistic_regression:57 - LogisticRegression final iteration 849, max_iter=850, learning_rate = 0.00707
2025-05-27 01:40:25 [INFO] adaboost.adaboost:25 - model is <base_models.logistic_regression.LogisticRegressionModel object at 0x0000024A7F5BF1F0>
2025-05-27 01:40:25 [INFO] base_models.logistic_regression:57 - LogisticRegression final iteration 0, max_iter=850, learning_rate = 0.00707
2025-05-27 01:40:26 [INFO] base_models.logistic_regression:57 - LogisticRegression final iteration 849, max_iter=850, learning_rate = 0.00707
2025-05-27 01:40:26 [INFO] adaboost.adaboost:25 - model is <base_models.logistic_regression.LogisticRegressionModel object at 0x0000024A7F5BF040>
2025-05-27 01:40:26 [INFO] base_models.logistic_regression:57 - LogisticRegression final iteration 0, max_iter=850, learning_rate = 0.00707
2025-05-27 01:40:27 [INFO] base_models.logistic_regression:57 - LogisticRegression final iteration 849, max_iter=850, learning_rate = 0.00707
2025-05-27 01:40:27 [INFO] adaboost.adaboost:25 - model is <base_models.logistic_regression.LogisticRegressionModel object at 0x0000024A7F5BF220>
2025-05-27 01:40:27 [INFO] base_models.logistic_regression:57 - LogisticRegression final iteration 0, max_iter=850, learning_rate = 0.00707
2025-05-27 01:40:28 [INFO] base_models.logistic_regression:57 - LogisticRegression final iteration 849, max_iter=850, learning_rate = 0.00707
2025-05-27 01:40:28 [INFO] adaboost.adaboost:25 - model is <base_models.logistic_regression.LogisticRegressionModel object at 0x0000024A7F5BF0A0>
2025-05-27 01:40:28 [INFO] base_models.logistic_regression:57 - LogisticRegression final iteration 0, max_iter=850, learning_rate = 0.00707
2025-05-27 01:40:29 [INFO] base_models.logistic_regression:57 - LogisticRegression final iteration 849, max_iter=850, learning_rate = 0.00707
2025-05-27 01:40:29 [INFO] adaboost.adaboost:25 - model is <base_models.logistic_regression.LogisticRegressionModel object at 0x0000024A7F5BF160>
2025-05-27 01:40:29 [INFO] base_models.logistic_regression:57 - LogisticRegression final iteration 0, max_iter=850, learning_rate = 0.00707
2025-05-27 01:40:30 [INFO] base_models.logistic_regression:57 - LogisticRegression final iteration 849, max_iter=850, learning_rate = 0.00707
2025-05-27 01:40:30 [INFO] adaboost.adaboost:25 - model is <base_models.logistic_regression.LogisticRegressionModel object at 0x0000024A7F559700>
2025-05-27 01:40:30 [INFO] base_models.logistic_regression:57 - LogisticRegression final iteration 0, max_iter=850, learning_rate = 0.00707
2025-05-27 01:40:31 [INFO] base_models.logistic_regression:57 - LogisticRegression final iteration 849, max_iter=850, learning_rate = 0.00707
2025-05-27 01:40:31 [INFO] adaboost.adaboost:25 - model is <base_models.logistic_regression.LogisticRegressionModel object at 0x0000024A7F5597C0>
2025-05-27 01:40:31 [INFO] base_models.logistic_regression:57 - LogisticRegression final iteration 0, max_iter=850, learning_rate = 0.00707
2025-05-27 01:40:33 [INFO] base_models.logistic_regression:57 - LogisticRegression final iteration 849, max_iter=850, learning_rate = 0.00707
2025-05-27 01:40:33 [INFO] adaboost.adaboost:25 - model is <base_models.logistic_regression.LogisticRegressionModel object at 0x0000024A7F559790>
2025-05-27 01:40:33 [INFO] base_models.logistic_regression:57 - LogisticRegression final iteration 0, max_iter=850, learning_rate = 0.00707
2025-05-27 01:40:34 [INFO] base_models.logistic_regression:57 - LogisticRegression final iteration 849, max_iter=850, learning_rate = 0.00707
2025-05-27 01:40:34 [INFO] adaboost.adaboost:25 - model is <base_models.logistic_regression.LogisticRegressionModel object at 0x0000024A7F5596A0>
2025-05-27 01:40:34 [INFO] base_models.logistic_regression:57 - LogisticRegression final iteration 0, max_iter=850, learning_rate = 0.00707
2025-05-27 01:40:35 [INFO] base_models.logistic_regression:57 - LogisticRegression final iteration 849, max_iter=850, learning_rate = 0.00707
2025-05-27 01:40:35 [INFO] adaboost.adaboost:25 - model is <base_models.logistic_regression.LogisticRegressionModel object at 0x0000024A7F559550>
2025-05-27 01:40:35 [INFO] base_models.logistic_regression:57 - LogisticRegression final iteration 0, max_iter=850, learning_rate = 0.00707
2025-05-27 01:40:36 [INFO] base_models.logistic_regression:57 - LogisticRegression final iteration 849, max_iter=850, learning_rate = 0.00707
2025-05-27 01:40:36 [INFO] adaboost.adaboost:25 - model is <base_models.logistic_regression.LogisticRegressionModel object at 0x0000024A7F559730>
2025-05-27 01:40:36 [INFO] base_models.logistic_regression:57 - LogisticRegression final iteration 0, max_iter=850, learning_rate = 0.00707
2025-05-27 01:40:37 [INFO] base_models.logistic_regression:57 - LogisticRegression final iteration 849, max_iter=850, learning_rate = 0.00707
2025-05-27 01:40:37 [INFO] adaboost.adaboost:25 - model is <base_models.logistic_regression.LogisticRegressionModel object at 0x0000024A7F591310>
2025-05-27 01:40:37 [INFO] base_models.logistic_regression:57 - LogisticRegression final iteration 0, max_iter=850, learning_rate = 0.00707
2025-05-27 01:40:38 [INFO] base_models.logistic_regression:57 - LogisticRegression final iteration 849, max_iter=850, learning_rate = 0.00707
2025-05-27 01:40:38 [INFO] adaboost.adaboost:25 - model is <base_models.logistic_regression.LogisticRegressionModel object at 0x0000024A7F591430>
2025-05-27 01:40:38 [INFO] base_models.logistic_regression:57 - LogisticRegression final iteration 0, max_iter=850, learning_rate = 0.00707
2025-05-27 01:40:39 [INFO] base_models.logistic_regression:57 - LogisticRegression final iteration 849, max_iter=850, learning_rate = 0.00707
2025-05-27 01:40:39 [INFO] adaboost.adaboost:25 - model is <base_models.logistic_regression.LogisticRegressionModel object at 0x0000024A7F591490>
2025-05-27 01:40:39 [INFO] base_models.logistic_regression:57 - LogisticRegression final iteration 0, max_iter=850, learning_rate = 0.00707
2025-05-27 01:40:40 [INFO] base_models.logistic_regression:57 - LogisticRegression final iteration 849, max_iter=850, learning_rate = 0.00707
2025-05-27 01:40:40 [INFO] adaboost.adaboost:25 - model is <base_models.logistic_regression.LogisticRegressionModel object at 0x0000024A7F591550>
2025-05-27 01:40:40 [INFO] base_models.logistic_regression:57 - LogisticRegression final iteration 0, max_iter=850, learning_rate = 0.00707
2025-05-27 01:40:41 [INFO] base_models.logistic_regression:57 - LogisticRegression final iteration 849, max_iter=850, learning_rate = 0.00707
2025-05-27 01:40:41 [INFO] adaboost.adaboost:25 - model is <base_models.logistic_regression.LogisticRegressionModel object at 0x0000024A7F5916D0>
2025-05-27 01:40:41 [INFO] base_models.logistic_regression:57 - LogisticRegression final iteration 0, max_iter=850, learning_rate = 0.00707
2025-05-27 01:40:42 [INFO] base_models.logistic_regression:57 - LogisticRegression final iteration 849, max_iter=850, learning_rate = 0.00707
2025-05-27 01:40:42 [INFO] adaboost.adaboost:25 - model is <base_models.logistic_regression.LogisticRegressionModel object at 0x0000024A7F591730>
2025-05-27 01:40:42 [INFO] base_models.logistic_regression:57 - LogisticRegression final iteration 0, max_iter=850, learning_rate = 0.00707
2025-05-27 01:40:43 [INFO] base_models.logistic_regression:57 - LogisticRegression final iteration 849, max_iter=850, learning_rate = 0.00707
2025-05-27 01:40:43 [INFO] adaboost.adaboost:25 - model is <base_models.logistic_regression.LogisticRegressionModel object at 0x0000024A7F591790>
2025-05-27 01:40:43 [INFO] base_models.logistic_regression:57 - LogisticRegression final iteration 0, max_iter=850, learning_rate = 0.00707
2025-05-27 01:40:44 [INFO] base_models.logistic_regression:57 - LogisticRegression final iteration 849, max_iter=850, learning_rate = 0.00707
2025-05-27 01:40:44 [INFO] adaboost.adaboost:25 - model is <base_models.logistic_regression.LogisticRegressionModel object at 0x0000024A7F5917F0>
2025-05-27 01:40:44 [INFO] base_models.logistic_regression:57 - LogisticRegression final iteration 0, max_iter=850, learning_rate = 0.00707
2025-05-27 01:40:45 [INFO] base_models.logistic_regression:57 - LogisticRegression final iteration 849, max_iter=850, learning_rate = 0.00707
2025-05-27 01:40:45 [INFO] adaboost.adaboost:25 - model is <base_models.logistic_regression.LogisticRegressionModel object at 0x0000024A7F591850>
2025-05-27 01:40:45 [INFO] base_models.logistic_regression:57 - LogisticRegression final iteration 0, max_iter=850, learning_rate = 0.00707
2025-05-27 01:40:46 [INFO] base_models.logistic_regression:57 - LogisticRegression final iteration 849, max_iter=850, learning_rate = 0.00707
2025-05-27 01:40:46 [INFO] adaboost.adaboost:25 - model is <base_models.logistic_regression.LogisticRegressionModel object at 0x0000024A7F5918B0>
2025-05-27 01:40:46 [INFO] base_models.logistic_regression:57 - LogisticRegression final iteration 0, max_iter=850, learning_rate = 0.00707
2025-05-27 01:40:48 [INFO] base_models.logistic_regression:57 - LogisticRegression final iteration 849, max_iter=850, learning_rate = 0.00707
2025-05-27 01:40:48 [INFO] adaboost.adaboost:25 - model is <base_models.logistic_regression.LogisticRegressionModel object at 0x0000024A7F591910>
2025-05-27 01:40:48 [INFO] base_models.logistic_regression:57 - LogisticRegression final iteration 0, max_iter=850, learning_rate = 0.00707
2025-05-27 01:40:50 [INFO] base_models.logistic_regression:57 - LogisticRegression final iteration 849, max_iter=850, learning_rate = 0.00707
2025-05-27 01:40:50 [INFO] adaboost.adaboost:25 - model is <base_models.logistic_regression.LogisticRegressionModel object at 0x0000024A7F591970>
2025-05-27 01:40:50 [INFO] base_models.logistic_regression:57 - LogisticRegression final iteration 0, max_iter=850, learning_rate = 0.00707
2025-05-27 01:40:51 [INFO] base_models.logistic_regression:57 - LogisticRegression final iteration 849, max_iter=850, learning_rate = 0.00707
2025-05-27 01:40:51 [INFO] adaboost.adaboost:25 - model is <base_models.logistic_regression.LogisticRegressionModel object at 0x0000024A7F5919D0>
2025-05-27 01:40:51 [INFO] base_models.logistic_regression:57 - LogisticRegression final iteration 0, max_iter=850, learning_rate = 0.00707
2025-05-27 01:40:52 [INFO] base_models.logistic_regression:57 - LogisticRegression final iteration 849, max_iter=850, learning_rate = 0.00707
2025-05-27 01:40:52 [INFO] adaboost.adaboost:25 - model is <base_models.logistic_regression.LogisticRegressionModel object at 0x0000024A7F591A30>
2025-05-27 01:40:52 [INFO] base_models.logistic_regression:57 - LogisticRegression final iteration 0, max_iter=850, learning_rate = 0.00707
2025-05-27 01:40:53 [INFO] base_models.logistic_regression:57 - LogisticRegression final iteration 849, max_iter=850, learning_rate = 0.00707
2025-05-27 01:40:53 [INFO] adaboost.adaboost:25 - model is <base_models.logistic_regression.LogisticRegressionModel object at 0x0000024A7F591A90>
2025-05-27 01:40:53 [INFO] base_models.logistic_regression:57 - LogisticRegression final iteration 0, max_iter=850, learning_rate = 0.00707
2025-05-27 01:40:54 [INFO] base_models.logistic_regression:57 - LogisticRegression final iteration 849, max_iter=850, learning_rate = 0.00707
2025-05-27 01:40:54 [INFO] adaboost.adaboost:25 - model is <base_models.logistic_regression.LogisticRegressionModel object at 0x0000024A7F591AF0>
2025-05-27 01:40:54 [INFO] base_models.logistic_regression:57 - LogisticRegression final iteration 0, max_iter=850, learning_rate = 0.00707
2025-05-27 01:40:55 [INFO] base_models.logistic_regression:57 - LogisticRegression final iteration 849, max_iter=850, learning_rate = 0.00707
2025-05-27 01:40:55 [INFO] adaboost.adaboost:25 - model is <base_models.logistic_regression.LogisticRegressionModel object at 0x0000024A7F591B50>
2025-05-27 01:40:55 [INFO] base_models.logistic_regression:57 - LogisticRegression final iteration 0, max_iter=850, learning_rate = 0.00707
2025-05-27 01:40:56 [INFO] base_models.logistic_regression:57 - LogisticRegression final iteration 849, max_iter=850, learning_rate = 0.00707
2025-05-27 01:40:56 [INFO] adaboost.adaboost:25 - model is <base_models.logistic_regression.LogisticRegressionModel object at 0x0000024A7F591BB0>
2025-05-27 01:40:56 [INFO] base_models.logistic_regression:57 - LogisticRegression final iteration 0, max_iter=850, learning_rate = 0.00707
2025-05-27 01:40:58 [INFO] base_models.logistic_regression:57 - LogisticRegression final iteration 849, max_iter=850, learning_rate = 0.00707
2025-05-27 01:40:58 [INFO] adaboost.adaboost:25 - model is <base_models.logistic_regression.LogisticRegressionModel object at 0x0000024A7F591C40>
2025-05-27 01:40:58 [INFO] base_models.logistic_regression:57 - LogisticRegression final iteration 0, max_iter=850, learning_rate = 0.00707
2025-05-27 01:40:59 [INFO] base_models.logistic_regression:57 - LogisticRegression final iteration 849, max_iter=850, learning_rate = 0.00707
2025-05-27 01:40:59 [INFO] adaboost.adaboost:25 - model is <base_models.logistic_regression.LogisticRegressionModel object at 0x0000024A7F591D30>
2025-05-27 01:40:59 [INFO] base_models.logistic_regression:57 - LogisticRegression final iteration 0, max_iter=850, learning_rate = 0.00707
2025-05-27 01:41:00 [INFO] base_models.logistic_regression:57 - LogisticRegression final iteration 849, max_iter=850, learning_rate = 0.00707
2025-05-27 01:41:00 [INFO] adaboost.adaboost:25 - model is <base_models.logistic_regression.LogisticRegressionModel object at 0x0000024A7F591D90>
2025-05-27 01:41:00 [INFO] base_models.logistic_regression:57 - LogisticRegression final iteration 0, max_iter=850, learning_rate = 0.00707
2025-05-27 01:41:01 [INFO] base_models.logistic_regression:57 - LogisticRegression final iteration 849, max_iter=850, learning_rate = 0.00707
2025-05-27 01:41:01 [INFO] adaboost.adaboost:25 - model is <base_models.logistic_regression.LogisticRegressionModel object at 0x0000024A7F591DF0>
2025-05-27 01:41:01 [INFO] base_models.logistic_regression:57 - LogisticRegression final iteration 0, max_iter=850, learning_rate = 0.00707
2025-05-27 01:41:01 [INFO] base_models.logistic_regression:57 - LogisticRegression final iteration 849, max_iter=850, learning_rate = 0.00707
2025-05-27 01:41:01 [INFO] adaboost.adaboost:25 - model is <base_models.logistic_regression.LogisticRegressionModel object at 0x0000024A7F591E50>
2025-05-27 01:41:01 [INFO] base_models.logistic_regression:57 - LogisticRegression final iteration 0, max_iter=850, learning_rate = 0.00707
2025-05-27 01:41:02 [INFO] base_models.logistic_regression:57 - LogisticRegression final iteration 849, max_iter=850, learning_rate = 0.00707
2025-05-27 01:41:02 [INFO] adaboost.adaboost:25 - model is <base_models.logistic_regression.LogisticRegressionModel object at 0x0000024A7F591EB0>
2025-05-27 01:41:02 [INFO] base_models.logistic_regression:57 - LogisticRegression final iteration 0, max_iter=850, learning_rate = 0.00707
2025-05-27 01:41:03 [INFO] base_models.logistic_regression:57 - LogisticRegression final iteration 849, max_iter=850, learning_rate = 0.00707
2025-05-27 01:41:03 [INFO] adaboost.adaboost:25 - model is <base_models.logistic_regression.LogisticRegressionModel object at 0x0000024A7F591F10>
2025-05-27 01:41:03 [INFO] base_models.logistic_regression:57 - LogisticRegression final iteration 0, max_iter=850, learning_rate = 0.00707
2025-05-27 01:41:04 [INFO] base_models.logistic_regression:57 - LogisticRegression final iteration 849, max_iter=850, learning_rate = 0.00707
2025-05-27 01:41:04 [INFO] adaboost.adaboost:25 - model is <base_models.logistic_regression.LogisticRegressionModel object at 0x0000024A7F591F70>
2025-05-27 01:41:04 [INFO] base_models.logistic_regression:57 - LogisticRegression final iteration 0, max_iter=850, learning_rate = 0.00707
2025-05-27 01:41:05 [INFO] base_models.logistic_regression:57 - LogisticRegression final iteration 849, max_iter=850, learning_rate = 0.00707
2025-05-27 01:41:05 [INFO] adaboost.adaboost:25 - model is <base_models.logistic_regression.LogisticRegressionModel object at 0x0000024A7F591FD0>
2025-05-27 01:41:05 [INFO] base_models.logistic_regression:57 - LogisticRegression final iteration 0, max_iter=850, learning_rate = 0.00707
2025-05-27 01:41:06 [INFO] base_models.logistic_regression:57 - LogisticRegression final iteration 849, max_iter=850, learning_rate = 0.00707
2025-05-27 01:41:06 [INFO] adaboost.adaboost:25 - model is <base_models.logistic_regression.LogisticRegressionModel object at 0x0000024A7F591220>
2025-05-27 01:41:06 [INFO] base_models.logistic_regression:57 - LogisticRegression final iteration 0, max_iter=850, learning_rate = 0.00707
2025-05-27 01:41:07 [INFO] base_models.logistic_regression:57 - LogisticRegression final iteration 849, max_iter=850, learning_rate = 0.00707
2025-05-27 01:41:07 [INFO] adaboost.adaboost:25 - model is <base_models.logistic_regression.LogisticRegressionModel object at 0x0000024A7F591340>
2025-05-27 01:41:07 [INFO] base_models.logistic_regression:57 - LogisticRegression final iteration 0, max_iter=850, learning_rate = 0.00707
2025-05-27 01:41:08 [INFO] base_models.logistic_regression:57 - LogisticRegression final iteration 849, max_iter=850, learning_rate = 0.00707
2025-05-27 01:41:08 [INFO] adaboost.adaboost:25 - model is <base_models.logistic_regression.LogisticRegressionModel object at 0x0000024A7F5914C0>
2025-05-27 01:41:08 [INFO] base_models.logistic_regression:57 - LogisticRegression final iteration 0, max_iter=850, learning_rate = 0.00707
2025-05-27 01:41:09 [INFO] base_models.logistic_regression:57 - LogisticRegression final iteration 849, max_iter=850, learning_rate = 0.00707
2025-05-27 01:41:09 [INFO] adaboost.adaboost:25 - model is <base_models.logistic_regression.LogisticRegressionModel object at 0x0000024A7F5913D0>
2025-05-27 01:41:09 [INFO] base_models.logistic_regression:57 - LogisticRegression final iteration 0, max_iter=850, learning_rate = 0.00707
2025-05-27 01:41:10 [INFO] base_models.logistic_regression:57 - LogisticRegression final iteration 849, max_iter=850, learning_rate = 0.00707
2025-05-27 01:41:10 [INFO] adaboost.adaboost:25 - model is <base_models.logistic_regression.LogisticRegressionModel object at 0x0000024A7F5915B0>
2025-05-27 01:41:10 [INFO] base_models.logistic_regression:57 - LogisticRegression final iteration 0, max_iter=850, learning_rate = 0.00707
2025-05-27 01:41:11 [INFO] base_models.logistic_regression:57 - LogisticRegression final iteration 849, max_iter=850, learning_rate = 0.00707
2025-05-27 01:41:11 [INFO] adaboost.adaboost:25 - model is <base_models.logistic_regression.LogisticRegressionModel object at 0x0000024A7F591610>
2025-05-27 01:41:11 [INFO] base_models.logistic_regression:57 - LogisticRegression final iteration 0, max_iter=850, learning_rate = 0.00707
2025-05-27 01:41:12 [INFO] base_models.logistic_regression:57 - LogisticRegression final iteration 849, max_iter=850, learning_rate = 0.00707
2025-05-27 01:41:12 [INFO] adaboost.adaboost:25 - model is <base_models.logistic_regression.LogisticRegressionModel object at 0x0000024A7F591670>
2025-05-27 01:41:12 [INFO] base_models.logistic_regression:57 - LogisticRegression final iteration 0, max_iter=850, learning_rate = 0.00707
2025-05-27 01:41:13 [INFO] base_models.logistic_regression:57 - LogisticRegression final iteration 849, max_iter=850, learning_rate = 0.00707
2025-05-27 01:41:13 [INFO] adaboost.adaboost:25 - model is <base_models.logistic_regression.LogisticRegressionModel object at 0x0000024A2249A4C0>
2025-05-27 01:41:13 [INFO] base_models.logistic_regression:57 - LogisticRegression final iteration 0, max_iter=850, learning_rate = 0.00707
2025-05-27 01:41:14 [INFO] base_models.logistic_regression:57 - LogisticRegression final iteration 849, max_iter=850, learning_rate = 0.00707
2025-05-27 01:41:14 [INFO] adaboost.adaboost:25 - model is <base_models.logistic_regression.LogisticRegressionModel object at 0x0000024A2249A460>
2025-05-27 01:41:14 [INFO] base_models.logistic_regression:57 - LogisticRegression final iteration 0, max_iter=850, learning_rate = 0.00707
2025-05-27 01:41:15 [INFO] base_models.logistic_regression:57 - LogisticRegression final iteration 849, max_iter=850, learning_rate = 0.00707
2025-05-27 01:41:15 [INFO] adaboost.adaboost:25 - model is <base_models.logistic_regression.LogisticRegressionModel object at 0x0000024A2249A400>
2025-05-27 01:41:15 [INFO] base_models.logistic_regression:57 - LogisticRegression final iteration 0, max_iter=850, learning_rate = 0.00707
2025-05-27 01:41:16 [INFO] base_models.logistic_regression:57 - LogisticRegression final iteration 849, max_iter=850, learning_rate = 0.00707
2025-05-27 01:41:16 [INFO] adaboost.adaboost:25 - model is <base_models.logistic_regression.LogisticRegressionModel object at 0x0000024A2249A3A0>
2025-05-27 01:41:16 [INFO] base_models.logistic_regression:57 - LogisticRegression final iteration 0, max_iter=850, learning_rate = 0.00707
2025-05-27 01:41:17 [INFO] base_models.logistic_regression:57 - LogisticRegression final iteration 849, max_iter=850, learning_rate = 0.00707
2025-05-27 01:41:17 [INFO] adaboost.adaboost:25 - model is <base_models.logistic_regression.LogisticRegressionModel object at 0x0000024A2249A340>
2025-05-27 01:41:17 [INFO] base_models.logistic_regression:57 - LogisticRegression final iteration 0, max_iter=850, learning_rate = 0.00707
2025-05-27 01:41:18 [INFO] base_models.logistic_regression:57 - LogisticRegression final iteration 849, max_iter=850, learning_rate = 0.00707
2025-05-27 01:41:18 [INFO] adaboost.adaboost:25 - model is <base_models.logistic_regression.LogisticRegressionModel object at 0x0000024A7F555670>
2025-05-27 01:41:18 [INFO] base_models.logistic_regression:57 - LogisticRegression final iteration 0, max_iter=850, learning_rate = 0.00707
2025-05-27 01:41:19 [INFO] base_models.logistic_regression:57 - LogisticRegression final iteration 849, max_iter=850, learning_rate = 0.00707
2025-05-27 01:41:19 [INFO] adaboost.adaboost:25 - model is <base_models.logistic_regression.LogisticRegressionModel object at 0x0000024A7F5211F0>
2025-05-27 01:41:19 [INFO] base_models.logistic_regression:57 - LogisticRegression final iteration 0, max_iter=850, learning_rate = 0.00707
2025-05-27 01:41:20 [INFO] base_models.logistic_regression:57 - LogisticRegression final iteration 849, max_iter=850, learning_rate = 0.00707
2025-05-27 01:41:20 [INFO] adaboost.adaboost:25 - model is <base_models.logistic_regression.LogisticRegressionModel object at 0x0000024A78DC5C70>
2025-05-27 01:41:20 [INFO] base_models.logistic_regression:57 - LogisticRegression final iteration 0, max_iter=850, learning_rate = 0.00707
2025-05-27 01:41:21 [INFO] base_models.logistic_regression:57 - LogisticRegression final iteration 849, max_iter=850, learning_rate = 0.00707
2025-05-27 01:41:21 [INFO] adaboost.adaboost:25 - model is <base_models.logistic_regression.LogisticRegressionModel object at 0x0000024A7F4FFC40>
2025-05-27 01:41:21 [INFO] base_models.logistic_regression:57 - LogisticRegression final iteration 0, max_iter=850, learning_rate = 0.00707
2025-05-27 01:41:22 [INFO] base_models.logistic_regression:57 - LogisticRegression final iteration 849, max_iter=850, learning_rate = 0.00707
2025-05-27 01:41:22 [INFO] adaboost.adaboost:25 - model is <base_models.logistic_regression.LogisticRegressionModel object at 0x0000024A22492F10>
2025-05-27 01:41:22 [INFO] base_models.logistic_regression:57 - LogisticRegression final iteration 0, max_iter=850, learning_rate = 0.00707
2025-05-27 01:41:23 [INFO] base_models.logistic_regression:57 - LogisticRegression final iteration 849, max_iter=850, learning_rate = 0.00707
2025-05-27 01:41:23 [INFO] adaboost.adaboost:25 - model is <base_models.logistic_regression.LogisticRegressionModel object at 0x0000024A22492F70>
2025-05-27 01:41:23 [INFO] base_models.logistic_regression:57 - LogisticRegression final iteration 0, max_iter=850, learning_rate = 0.00707
2025-05-27 01:41:24 [INFO] base_models.logistic_regression:57 - LogisticRegression final iteration 849, max_iter=850, learning_rate = 0.00707
2025-05-27 01:41:24 [INFO] adaboost.adaboost:25 - model is <base_models.logistic_regression.LogisticRegressionModel object at 0x0000024A7F5122E0>
2025-05-27 01:41:24 [INFO] base_models.logistic_regression:57 - LogisticRegression final iteration 0, max_iter=850, learning_rate = 0.00707
2025-05-27 01:41:25 [INFO] base_models.logistic_regression:57 - LogisticRegression final iteration 849, max_iter=850, learning_rate = 0.00707
2025-05-27 01:41:25 [INFO] adaboost.adaboost:25 - model is <base_models.logistic_regression.LogisticRegressionModel object at 0x0000024A22F17070>
2025-05-27 01:41:25 [INFO] base_models.logistic_regression:57 - LogisticRegression final iteration 0, max_iter=850, learning_rate = 0.00707
2025-05-27 01:41:26 [INFO] base_models.logistic_regression:57 - LogisticRegression final iteration 849, max_iter=850, learning_rate = 0.00707
2025-05-27 01:41:26 [INFO] adaboost.adaboost:25 - model is <base_models.logistic_regression.LogisticRegressionModel object at 0x0000024A22F17190>
2025-05-27 01:41:26 [INFO] base_models.logistic_regression:57 - LogisticRegression final iteration 0, max_iter=850, learning_rate = 0.00707
2025-05-27 01:41:27 [INFO] base_models.logistic_regression:57 - LogisticRegression final iteration 849, max_iter=850, learning_rate = 0.00707
2025-05-27 01:41:27 [INFO] adaboost.adaboost:25 - model is <base_models.logistic_regression.LogisticRegressionModel object at 0x0000024A22F171F0>
2025-05-27 01:41:27 [INFO] base_models.logistic_regression:57 - LogisticRegression final iteration 0, max_iter=850, learning_rate = 0.00707
2025-05-27 01:41:28 [INFO] base_models.logistic_regression:57 - LogisticRegression final iteration 849, max_iter=850, learning_rate = 0.00707
2025-05-27 01:41:28 [INFO] adaboost.adaboost:25 - model is <base_models.logistic_regression.LogisticRegressionModel object at 0x0000024A22F172B0>
2025-05-27 01:41:28 [INFO] base_models.logistic_regression:57 - LogisticRegression final iteration 0, max_iter=850, learning_rate = 0.00707
2025-05-27 01:41:29 [INFO] base_models.logistic_regression:57 - LogisticRegression final iteration 849, max_iter=850, learning_rate = 0.00707
2025-05-27 01:41:29 [INFO] adaboost.adaboost:25 - model is <base_models.logistic_regression.LogisticRegressionModel object at 0x0000024A22F173D0>
2025-05-27 01:41:29 [INFO] base_models.logistic_regression:57 - LogisticRegression final iteration 0, max_iter=850, learning_rate = 0.00707
2025-05-27 01:41:30 [INFO] base_models.logistic_regression:57 - LogisticRegression final iteration 849, max_iter=850, learning_rate = 0.00707
2025-05-27 01:41:30 [INFO] adaboost.adaboost:25 - model is <base_models.logistic_regression.LogisticRegressionModel object at 0x0000024A22F17430>
2025-05-27 01:41:30 [INFO] base_models.logistic_regression:57 - LogisticRegression final iteration 0, max_iter=850, learning_rate = 0.00707
2025-05-27 01:41:31 [INFO] base_models.logistic_regression:57 - LogisticRegression final iteration 849, max_iter=850, learning_rate = 0.00707
2025-05-27 01:41:31 [INFO] adaboost.adaboost:25 - model is <base_models.logistic_regression.LogisticRegressionModel object at 0x0000024A22F17490>
2025-05-27 01:41:31 [INFO] base_models.logistic_regression:57 - LogisticRegression final iteration 0, max_iter=850, learning_rate = 0.00707
2025-05-27 01:41:32 [INFO] base_models.logistic_regression:57 - LogisticRegression final iteration 849, max_iter=850, learning_rate = 0.00707
2025-05-27 01:41:32 [INFO] adaboost.adaboost:25 - model is <base_models.logistic_regression.LogisticRegressionModel object at 0x0000024A22F174F0>
2025-05-27 01:41:32 [INFO] base_models.logistic_regression:57 - LogisticRegression final iteration 0, max_iter=850, learning_rate = 0.00707
2025-05-27 01:41:33 [INFO] base_models.logistic_regression:57 - LogisticRegression final iteration 849, max_iter=850, learning_rate = 0.00707
2025-05-27 01:41:33 [INFO] adaboost.adaboost:25 - model is <base_models.logistic_regression.LogisticRegressionModel object at 0x0000024A22F17550>
2025-05-27 01:41:33 [INFO] base_models.logistic_regression:57 - LogisticRegression final iteration 0, max_iter=850, learning_rate = 0.00707
2025-05-27 01:41:34 [INFO] base_models.logistic_regression:57 - LogisticRegression final iteration 849, max_iter=850, learning_rate = 0.00707
2025-05-27 01:41:34 [INFO] adaboost.adaboost:25 - model is <base_models.logistic_regression.LogisticRegressionModel object at 0x0000024A22F175B0>
2025-05-27 01:41:34 [INFO] base_models.logistic_regression:57 - LogisticRegression final iteration 0, max_iter=850, learning_rate = 0.00707
2025-05-27 01:41:35 [INFO] base_models.logistic_regression:57 - LogisticRegression final iteration 849, max_iter=850, learning_rate = 0.00707
2025-05-27 01:41:35 [INFO] adaboost.adaboost:25 - model is <base_models.logistic_regression.LogisticRegressionModel object at 0x0000024A22F17610>
2025-05-27 01:41:35 [INFO] base_models.logistic_regression:57 - LogisticRegression final iteration 0, max_iter=850, learning_rate = 0.00707
2025-05-27 01:41:36 [INFO] base_models.logistic_regression:57 - LogisticRegression final iteration 849, max_iter=850, learning_rate = 0.00707
2025-05-27 01:41:36 [INFO] adaboost.adaboost:25 - model is <base_models.logistic_regression.LogisticRegressionModel object at 0x0000024A22F17670>
2025-05-27 01:41:36 [INFO] base_models.logistic_regression:57 - LogisticRegression final iteration 0, max_iter=850, learning_rate = 0.00707
2025-05-27 01:41:38 [INFO] base_models.logistic_regression:57 - LogisticRegression final iteration 849, max_iter=850, learning_rate = 0.00707
2025-05-27 01:41:38 [INFO] adaboost.adaboost:25 - model is <base_models.logistic_regression.LogisticRegressionModel object at 0x0000024A22F176D0>
2025-05-27 01:41:38 [INFO] base_models.logistic_regression:57 - LogisticRegression final iteration 0, max_iter=850, learning_rate = 0.00707
2025-05-27 01:41:39 [INFO] base_models.logistic_regression:57 - LogisticRegression final iteration 849, max_iter=850, learning_rate = 0.00707
2025-05-27 01:41:39 [INFO] adaboost.adaboost:25 - model is <base_models.logistic_regression.LogisticRegressionModel object at 0x0000024A22F17730>
2025-05-27 01:41:39 [INFO] base_models.logistic_regression:57 - LogisticRegression final iteration 0, max_iter=850, learning_rate = 0.00707
2025-05-27 01:41:40 [INFO] base_models.logistic_regression:57 - LogisticRegression final iteration 849, max_iter=850, learning_rate = 0.00707
2025-05-27 01:41:40 [INFO] adaboost.adaboost:25 - model is <base_models.logistic_regression.LogisticRegressionModel object at 0x0000024A22F17790>
2025-05-27 01:41:40 [INFO] base_models.logistic_regression:57 - LogisticRegression final iteration 0, max_iter=850, learning_rate = 0.00707
2025-05-27 01:41:41 [INFO] base_models.logistic_regression:57 - LogisticRegression final iteration 849, max_iter=850, learning_rate = 0.00707
2025-05-27 01:41:41 [INFO] adaboost.adaboost:25 - model is <base_models.logistic_regression.LogisticRegressionModel object at 0x0000024A22F177F0>
2025-05-27 01:41:41 [INFO] base_models.logistic_regression:57 - LogisticRegression final iteration 0, max_iter=850, learning_rate = 0.00707
2025-05-27 01:41:43 [INFO] base_models.logistic_regression:57 - LogisticRegression final iteration 849, max_iter=850, learning_rate = 0.00707
2025-05-27 01:41:43 [INFO] adaboost.adaboost:25 - model is <base_models.logistic_regression.LogisticRegressionModel object at 0x0000024A22F17850>
2025-05-27 01:41:43 [INFO] base_models.logistic_regression:57 - LogisticRegression final iteration 0, max_iter=850, learning_rate = 0.00707
2025-05-27 01:41:44 [INFO] base_models.logistic_regression:57 - LogisticRegression final iteration 849, max_iter=850, learning_rate = 0.00707
2025-05-27 01:41:44 [INFO] adaboost.adaboost:25 - model is <base_models.logistic_regression.LogisticRegressionModel object at 0x0000024A22F178B0>
2025-05-27 01:41:44 [INFO] base_models.logistic_regression:57 - LogisticRegression final iteration 0, max_iter=850, learning_rate = 0.00707
2025-05-27 01:41:45 [INFO] base_models.logistic_regression:57 - LogisticRegression final iteration 849, max_iter=850, learning_rate = 0.00707
2025-05-27 01:41:45 [INFO] adaboost.adaboost:25 - model is <base_models.logistic_regression.LogisticRegressionModel object at 0x0000024A22F17910>
2025-05-27 01:41:45 [INFO] base_models.logistic_regression:57 - LogisticRegression final iteration 0, max_iter=850, learning_rate = 0.00707
2025-05-27 01:41:46 [INFO] base_models.logistic_regression:57 - LogisticRegression final iteration 849, max_iter=850, learning_rate = 0.00707
2025-05-27 01:41:46 [INFO] adaboost.adaboost:25 - model is <base_models.logistic_regression.LogisticRegressionModel object at 0x0000024A22F17970>
2025-05-27 01:41:46 [INFO] base_models.logistic_regression:57 - LogisticRegression final iteration 0, max_iter=850, learning_rate = 0.00707
2025-05-27 01:41:47 [INFO] base_models.logistic_regression:57 - LogisticRegression final iteration 849, max_iter=850, learning_rate = 0.00707
2025-05-27 01:41:47 [INFO] adaboost.adaboost:25 - model is <base_models.logistic_regression.LogisticRegressionModel object at 0x0000024A22F179D0>
2025-05-27 01:41:47 [INFO] base_models.logistic_regression:57 - LogisticRegression final iteration 0, max_iter=850, learning_rate = 0.00707
2025-05-27 01:41:48 [INFO] base_models.logistic_regression:57 - LogisticRegression final iteration 849, max_iter=850, learning_rate = 0.00707
2025-05-27 01:41:48 [INFO] adaboost.adaboost:25 - model is <base_models.logistic_regression.LogisticRegressionModel object at 0x0000024A22F17A30>
2025-05-27 01:41:48 [INFO] base_models.logistic_regression:57 - LogisticRegression final iteration 0, max_iter=850, learning_rate = 0.00707
2025-05-27 01:41:49 [INFO] base_models.logistic_regression:57 - LogisticRegression final iteration 849, max_iter=850, learning_rate = 0.00707
2025-05-27 01:41:49 [INFO] adaboost.adaboost:25 - model is <base_models.logistic_regression.LogisticRegressionModel object at 0x0000024A22F17A90>
2025-05-27 01:41:49 [INFO] base_models.logistic_regression:57 - LogisticRegression final iteration 0, max_iter=850, learning_rate = 0.00707
2025-05-27 01:41:50 [INFO] base_models.logistic_regression:57 - LogisticRegression final iteration 849, max_iter=850, learning_rate = 0.00707
2025-05-27 01:41:50 [INFO] adaboost.adaboost:25 - model is <base_models.logistic_regression.LogisticRegressionModel object at 0x0000024A22F17AF0>
2025-05-27 01:41:50 [INFO] base_models.logistic_regression:57 - LogisticRegression final iteration 0, max_iter=850, learning_rate = 0.00707
2025-05-27 01:41:51 [INFO] base_models.logistic_regression:57 - LogisticRegression final iteration 849, max_iter=850, learning_rate = 0.00707
2025-05-27 01:41:51 [INFO] adaboost.adaboost:25 - model is <base_models.logistic_regression.LogisticRegressionModel object at 0x0000024A22F17B50>
2025-05-27 01:41:51 [INFO] base_models.logistic_regression:57 - LogisticRegression final iteration 0, max_iter=850, learning_rate = 0.00707
2025-05-27 01:41:52 [INFO] base_models.logistic_regression:57 - LogisticRegression final iteration 849, max_iter=850, learning_rate = 0.00707
2025-05-27 01:41:52 [INFO] adaboost.adaboost:25 - model is <base_models.logistic_regression.LogisticRegressionModel object at 0x0000024A22F17BB0>
2025-05-27 01:41:52 [INFO] base_models.logistic_regression:57 - LogisticRegression final iteration 0, max_iter=850, learning_rate = 0.00707
2025-05-27 01:41:53 [INFO] base_models.logistic_regression:57 - LogisticRegression final iteration 849, max_iter=850, learning_rate = 0.00707
2025-05-27 01:41:53 [INFO] adaboost.adaboost:25 - model is <base_models.logistic_regression.LogisticRegressionModel object at 0x0000024A22F17C40>
2025-05-27 01:41:53 [INFO] base_models.logistic_regression:57 - LogisticRegression final iteration 0, max_iter=850, learning_rate = 0.00707
2025-05-27 01:41:54 [INFO] base_models.logistic_regression:57 - LogisticRegression final iteration 849, max_iter=850, learning_rate = 0.00707
2025-05-27 01:41:54 [INFO] adaboost.adaboost:25 - model is <base_models.logistic_regression.LogisticRegressionModel object at 0x0000024A22F17CA0>
2025-05-27 01:41:54 [INFO] base_models.logistic_regression:57 - LogisticRegression final iteration 0, max_iter=850, learning_rate = 0.00707
2025-05-27 01:41:55 [INFO] base_models.logistic_regression:57 - LogisticRegression final iteration 849, max_iter=850, learning_rate = 0.00707
2025-05-27 01:41:55 [INFO] adaboost.adaboost:25 - model is <base_models.logistic_regression.LogisticRegressionModel object at 0x0000024A22F17D00>
2025-05-27 01:41:55 [INFO] base_models.logistic_regression:57 - LogisticRegression final iteration 0, max_iter=850, learning_rate = 0.00707
2025-05-27 01:41:56 [INFO] base_models.logistic_regression:57 - LogisticRegression final iteration 849, max_iter=850, learning_rate = 0.00707
2025-05-27 01:41:56 [INFO] adaboost.adaboost:25 - model is <base_models.logistic_regression.LogisticRegressionModel object at 0x0000024A22F17D60>
2025-05-27 01:41:56 [INFO] base_models.logistic_regression:57 - LogisticRegression final iteration 0, max_iter=850, learning_rate = 0.00707
2025-05-27 01:41:57 [INFO] base_models.logistic_regression:57 - LogisticRegression final iteration 849, max_iter=850, learning_rate = 0.00707
2025-05-27 01:41:57 [INFO] adaboost.adaboost:25 - model is <base_models.logistic_regression.LogisticRegressionModel object at 0x0000024A22F17DC0>
2025-05-27 01:41:57 [INFO] base_models.logistic_regression:57 - LogisticRegression final iteration 0, max_iter=850, learning_rate = 0.00707
2025-05-27 01:41:58 [INFO] base_models.logistic_regression:57 - LogisticRegression final iteration 849, max_iter=850, learning_rate = 0.00707
2025-05-27 01:41:58 [INFO] adaboost.adaboost:25 - model is <base_models.logistic_regression.LogisticRegressionModel object at 0x0000024A22F17E20>
2025-05-27 01:41:58 [INFO] base_models.logistic_regression:57 - LogisticRegression final iteration 0, max_iter=850, learning_rate = 0.00707
2025-05-27 01:41:59 [INFO] base_models.logistic_regression:57 - LogisticRegression final iteration 849, max_iter=850, learning_rate = 0.00707
2025-05-27 01:41:59 [INFO] adaboost.adaboost:25 - model is <base_models.logistic_regression.LogisticRegressionModel object at 0x0000024A22F17E80>
2025-05-27 01:41:59 [INFO] base_models.logistic_regression:57 - LogisticRegression final iteration 0, max_iter=850, learning_rate = 0.00707
2025-05-27 01:42:00 [INFO] base_models.logistic_regression:57 - LogisticRegression final iteration 849, max_iter=850, learning_rate = 0.00707
2025-05-27 01:42:00 [INFO] adaboost.adaboost:25 - model is <base_models.logistic_regression.LogisticRegressionModel object at 0x0000024A22F17EE0>
2025-05-27 01:42:00 [INFO] base_models.logistic_regression:57 - LogisticRegression final iteration 0, max_iter=850, learning_rate = 0.00707
2025-05-27 01:42:01 [INFO] base_models.logistic_regression:57 - LogisticRegression final iteration 849, max_iter=850, learning_rate = 0.00707
2025-05-27 01:42:01 [INFO] adaboost.adaboost:25 - model is <base_models.logistic_regression.LogisticRegressionModel object at 0x0000024A22F17F40>
2025-05-27 01:42:01 [INFO] base_models.logistic_regression:57 - LogisticRegression final iteration 0, max_iter=850, learning_rate = 0.00707
2025-05-27 01:42:02 [INFO] base_models.logistic_regression:57 - LogisticRegression final iteration 849, max_iter=850, learning_rate = 0.00707
2025-05-27 01:42:02 [INFO] adaboost.adaboost:25 - model is <base_models.logistic_regression.LogisticRegressionModel object at 0x0000024A22F17FA0>
2025-05-27 01:42:02 [INFO] base_models.logistic_regression:57 - LogisticRegression final iteration 0, max_iter=850, learning_rate = 0.00707
2025-05-27 01:42:03 [INFO] base_models.logistic_regression:57 - LogisticRegression final iteration 849, max_iter=850, learning_rate = 0.00707
2025-05-27 01:42:03 [INFO] adaboost.adaboost:25 - model is <base_models.logistic_regression.LogisticRegressionModel object at 0x0000024A22F170A0>
2025-05-27 01:42:03 [INFO] base_models.logistic_regression:57 - LogisticRegression final iteration 0, max_iter=850, learning_rate = 0.00707
2025-05-27 01:42:04 [INFO] base_models.logistic_regression:57 - LogisticRegression final iteration 849, max_iter=850, learning_rate = 0.00707
2025-05-27 01:42:04 [INFO] adaboost.adaboost:25 - model is <base_models.logistic_regression.LogisticRegressionModel object at 0x0000024A22F17220>
2025-05-27 01:42:04 [INFO] base_models.logistic_regression:57 - LogisticRegression final iteration 0, max_iter=850, learning_rate = 0.00707
2025-05-27 01:42:05 [INFO] base_models.logistic_regression:57 - LogisticRegression final iteration 849, max_iter=850, learning_rate = 0.00707
2025-05-27 01:42:05 [INFO] adaboost.adaboost:25 - model is <base_models.logistic_regression.LogisticRegressionModel object at 0x0000024A22F17130>
2025-05-27 01:42:05 [INFO] base_models.logistic_regression:57 - LogisticRegression final iteration 0, max_iter=850, learning_rate = 0.00707
2025-05-27 01:42:06 [INFO] base_models.logistic_regression:57 - LogisticRegression final iteration 849, max_iter=850, learning_rate = 0.00707
2025-05-27 01:42:06 [INFO] adaboost.adaboost:25 - model is <base_models.logistic_regression.LogisticRegressionModel object at 0x0000024A22F17310>
2025-05-27 01:42:06 [INFO] base_models.logistic_regression:57 - LogisticRegression final iteration 0, max_iter=850, learning_rate = 0.00707
2025-05-27 01:42:07 [INFO] base_models.logistic_regression:57 - LogisticRegression final iteration 849, max_iter=850, learning_rate = 0.00707
2025-05-27 01:42:07 [INFO] adaboost.adaboost:25 - model is <base_models.logistic_regression.LogisticRegressionModel object at 0x0000024A22F17370>
2025-05-27 01:42:07 [INFO] base_models.logistic_regression:57 - LogisticRegression final iteration 0, max_iter=850, learning_rate = 0.00707
2025-05-27 01:42:08 [INFO] base_models.logistic_regression:57 - LogisticRegression final iteration 849, max_iter=850, learning_rate = 0.00707
2025-05-27 01:42:08 [INFO] adaboost.adaboost:25 - model is <base_models.logistic_regression.LogisticRegressionModel object at 0x0000024A7F5BF0D0>
2025-05-27 01:42:08 [INFO] base_models.logistic_regression:57 - LogisticRegression final iteration 0, max_iter=850, learning_rate = 0.00707
2025-05-27 01:42:09 [INFO] base_models.logistic_regression:57 - LogisticRegression final iteration 849, max_iter=850, learning_rate = 0.00707
2025-05-27 01:42:09 [INFO] adaboost.adaboost:25 - model is <base_models.logistic_regression.LogisticRegressionModel object at 0x0000024A7F5BF190>
2025-05-27 01:42:09 [INFO] base_models.logistic_regression:57 - LogisticRegression final iteration 0, max_iter=850, learning_rate = 0.00707
2025-05-27 01:42:10 [INFO] base_models.logistic_regression:57 - LogisticRegression final iteration 849, max_iter=850, learning_rate = 0.00707
2025-05-27 01:42:10 [INFO] adaboost.adaboost:25 - model is <base_models.logistic_regression.LogisticRegressionModel object at 0x0000024A7F5BF1F0>
2025-05-27 01:42:10 [INFO] base_models.logistic_regression:57 - LogisticRegression final iteration 0, max_iter=850, learning_rate = 0.00707
2025-05-27 01:42:11 [INFO] base_models.logistic_regression:57 - LogisticRegression final iteration 849, max_iter=850, learning_rate = 0.00707
2025-05-27 01:42:11 [INFO] adaboost.adaboost:25 - model is <base_models.logistic_regression.LogisticRegressionModel object at 0x0000024A7F5BF040>
2025-05-27 01:42:11 [INFO] base_models.logistic_regression:57 - LogisticRegression final iteration 0, max_iter=850, learning_rate = 0.00707
2025-05-27 01:42:12 [INFO] base_models.logistic_regression:57 - LogisticRegression final iteration 849, max_iter=850, learning_rate = 0.00707
2025-05-27 01:42:12 [INFO] adaboost.adaboost:25 - model is <base_models.logistic_regression.LogisticRegressionModel object at 0x0000024A7F5BF220>
2025-05-27 01:42:12 [INFO] base_models.logistic_regression:57 - LogisticRegression final iteration 0, max_iter=850, learning_rate = 0.00707
2025-05-27 01:42:13 [INFO] base_models.logistic_regression:57 - LogisticRegression final iteration 849, max_iter=850, learning_rate = 0.00707
2025-05-27 01:42:13 [INFO] adaboost.adaboost:25 - model is <base_models.logistic_regression.LogisticRegressionModel object at 0x0000024A7F5BF0A0>
2025-05-27 01:42:13 [INFO] base_models.logistic_regression:57 - LogisticRegression final iteration 0, max_iter=850, learning_rate = 0.00707
2025-05-27 01:42:14 [INFO] base_models.logistic_regression:57 - LogisticRegression final iteration 849, max_iter=850, learning_rate = 0.00707
2025-05-27 01:42:14 [INFO] adaboost.adaboost:25 - model is <base_models.logistic_regression.LogisticRegressionModel object at 0x0000024A7F5BF160>
2025-05-27 01:42:14 [INFO] base_models.logistic_regression:57 - LogisticRegression final iteration 0, max_iter=850, learning_rate = 0.00707
2025-05-27 01:42:15 [INFO] base_models.logistic_regression:57 - LogisticRegression final iteration 849, max_iter=850, learning_rate = 0.00707
2025-05-27 01:42:15 [INFO] adaboost.adaboost:25 - model is <base_models.logistic_regression.LogisticRegressionModel object at 0x0000024A7F559700>
2025-05-27 01:42:15 [INFO] base_models.logistic_regression:57 - LogisticRegression final iteration 0, max_iter=850, learning_rate = 0.00707
2025-05-27 01:42:16 [INFO] base_models.logistic_regression:57 - LogisticRegression final iteration 849, max_iter=850, learning_rate = 0.00707
2025-05-27 01:42:16 [INFO] adaboost.adaboost:25 - model is <base_models.logistic_regression.LogisticRegressionModel object at 0x0000024A7F5597C0>
2025-05-27 01:42:16 [INFO] base_models.logistic_regression:57 - LogisticRegression final iteration 0, max_iter=850, learning_rate = 0.00707
2025-05-27 01:42:17 [INFO] base_models.logistic_regression:57 - LogisticRegression final iteration 849, max_iter=850, learning_rate = 0.00707
2025-05-27 01:42:17 [INFO] adaboost.adaboost:25 - model is <base_models.logistic_regression.LogisticRegressionModel object at 0x0000024A7F559790>
2025-05-27 01:42:17 [INFO] base_models.logistic_regression:57 - LogisticRegression final iteration 0, max_iter=850, learning_rate = 0.00707
2025-05-27 01:42:18 [INFO] base_models.logistic_regression:57 - LogisticRegression final iteration 849, max_iter=850, learning_rate = 0.00707
2025-05-27 01:42:18 [INFO] adaboost.adaboost:25 - model is <base_models.logistic_regression.LogisticRegressionModel object at 0x0000024A7F5596A0>
2025-05-27 01:42:18 [INFO] base_models.logistic_regression:57 - LogisticRegression final iteration 0, max_iter=850, learning_rate = 0.00707
2025-05-27 01:42:19 [INFO] base_models.logistic_regression:57 - LogisticRegression final iteration 849, max_iter=850, learning_rate = 0.00707
2025-05-27 01:42:19 [INFO] adaboost.adaboost:25 - model is <base_models.logistic_regression.LogisticRegressionModel object at 0x0000024A7F559550>
2025-05-27 01:42:19 [INFO] base_models.logistic_regression:57 - LogisticRegression final iteration 0, max_iter=850, learning_rate = 0.00707
2025-05-27 01:42:20 [INFO] base_models.logistic_regression:57 - LogisticRegression final iteration 849, max_iter=850, learning_rate = 0.00707
2025-05-27 01:42:20 [INFO] adaboost.adaboost:25 - model is <base_models.logistic_regression.LogisticRegressionModel object at 0x0000024A7F559730>
2025-05-27 01:42:20 [INFO] base_models.logistic_regression:57 - LogisticRegression final iteration 0, max_iter=850, learning_rate = 0.00707
2025-05-27 01:42:21 [INFO] base_models.logistic_regression:57 - LogisticRegression final iteration 849, max_iter=850, learning_rate = 0.00707
2025-05-27 01:42:21 [INFO] adaboost.adaboost:25 - model is <base_models.logistic_regression.LogisticRegressionModel object at 0x0000024A7F591310>
2025-05-27 01:42:21 [INFO] base_models.logistic_regression:57 - LogisticRegression final iteration 0, max_iter=850, learning_rate = 0.00707
2025-05-27 01:42:22 [INFO] base_models.logistic_regression:57 - LogisticRegression final iteration 849, max_iter=850, learning_rate = 0.00707
2025-05-27 01:42:22 [INFO] adaboost.adaboost:25 - model is <base_models.logistic_regression.LogisticRegressionModel object at 0x0000024A7F591430>
2025-05-27 01:42:22 [INFO] base_models.logistic_regression:57 - LogisticRegression final iteration 0, max_iter=850, learning_rate = 0.00707
2025-05-27 01:42:23 [INFO] base_models.logistic_regression:57 - LogisticRegression final iteration 849, max_iter=850, learning_rate = 0.00707
2025-05-27 01:42:23 [INFO] adaboost.adaboost:25 - model is <base_models.logistic_regression.LogisticRegressionModel object at 0x0000024A7F591490>
2025-05-27 01:42:23 [INFO] base_models.logistic_regression:57 - LogisticRegression final iteration 0, max_iter=850, learning_rate = 0.00707
2025-05-27 01:42:24 [INFO] base_models.logistic_regression:57 - LogisticRegression final iteration 849, max_iter=850, learning_rate = 0.00707
2025-05-27 01:42:24 [INFO] adaboost.adaboost:25 - model is <base_models.logistic_regression.LogisticRegressionModel object at 0x0000024A7F591550>
2025-05-27 01:42:24 [INFO] base_models.logistic_regression:57 - LogisticRegression final iteration 0, max_iter=850, learning_rate = 0.00707
2025-05-27 01:42:25 [INFO] base_models.logistic_regression:57 - LogisticRegression final iteration 849, max_iter=850, learning_rate = 0.00707
2025-05-27 01:42:25 [INFO] adaboost.adaboost:25 - model is <base_models.logistic_regression.LogisticRegressionModel object at 0x0000024A7F5916D0>
2025-05-27 01:42:25 [INFO] base_models.logistic_regression:57 - LogisticRegression final iteration 0, max_iter=850, learning_rate = 0.00707
2025-05-27 01:42:26 [INFO] base_models.logistic_regression:57 - LogisticRegression final iteration 849, max_iter=850, learning_rate = 0.00707
2025-05-27 01:42:26 [INFO] adaboost.adaboost:25 - model is <base_models.logistic_regression.LogisticRegressionModel object at 0x0000024A7F591730>
2025-05-27 01:42:26 [INFO] base_models.logistic_regression:57 - LogisticRegression final iteration 0, max_iter=850, learning_rate = 0.00707
2025-05-27 01:42:27 [INFO] base_models.logistic_regression:57 - LogisticRegression final iteration 849, max_iter=850, learning_rate = 0.00707
2025-05-27 01:42:27 [INFO] adaboost.adaboost:25 - model is <base_models.logistic_regression.LogisticRegressionModel object at 0x0000024A7F591790>
2025-05-27 01:42:27 [INFO] base_models.logistic_regression:57 - LogisticRegression final iteration 0, max_iter=850, learning_rate = 0.00707
2025-05-27 01:42:28 [INFO] base_models.logistic_regression:57 - LogisticRegression final iteration 849, max_iter=850, learning_rate = 0.00707
2025-05-27 01:42:28 [INFO] adaboost.adaboost:25 - model is <base_models.logistic_regression.LogisticRegressionModel object at 0x0000024A7F5917F0>
2025-05-27 01:42:28 [INFO] base_models.logistic_regression:57 - LogisticRegression final iteration 0, max_iter=850, learning_rate = 0.00707
2025-05-27 01:42:29 [INFO] base_models.logistic_regression:57 - LogisticRegression final iteration 849, max_iter=850, learning_rate = 0.00707
2025-05-27 01:42:29 [INFO] adaboost.adaboost:25 - model is <base_models.logistic_regression.LogisticRegressionModel object at 0x0000024A7F591850>
2025-05-27 01:42:29 [INFO] base_models.logistic_regression:57 - LogisticRegression final iteration 0, max_iter=850, learning_rate = 0.00707
2025-05-27 01:42:30 [INFO] base_models.logistic_regression:57 - LogisticRegression final iteration 849, max_iter=850, learning_rate = 0.00707
2025-05-27 01:42:30 [INFO] adaboost.adaboost:25 - model is <base_models.logistic_regression.LogisticRegressionModel object at 0x0000024A7F5918B0>
2025-05-27 01:42:30 [INFO] base_models.logistic_regression:57 - LogisticRegression final iteration 0, max_iter=850, learning_rate = 0.00707
2025-05-27 01:42:31 [INFO] base_models.logistic_regression:57 - LogisticRegression final iteration 849, max_iter=850, learning_rate = 0.00707
2025-05-27 01:42:31 [INFO] adaboost.adaboost:25 - model is <base_models.logistic_regression.LogisticRegressionModel object at 0x0000024A7F591910>
2025-05-27 01:42:31 [INFO] base_models.logistic_regression:57 - LogisticRegression final iteration 0, max_iter=850, learning_rate = 0.00707
2025-05-27 01:42:32 [INFO] base_models.logistic_regression:57 - LogisticRegression final iteration 849, max_iter=850, learning_rate = 0.00707
2025-05-27 01:42:32 [INFO] adaboost.adaboost:25 - model is <base_models.logistic_regression.LogisticRegressionModel object at 0x0000024A7F591970>
2025-05-27 01:42:32 [INFO] base_models.logistic_regression:57 - LogisticRegression final iteration 0, max_iter=850, learning_rate = 0.00707
2025-05-27 01:42:33 [INFO] base_models.logistic_regression:57 - LogisticRegression final iteration 849, max_iter=850, learning_rate = 0.00707
2025-05-27 01:42:33 [INFO] adaboost.adaboost:25 - model is <base_models.logistic_regression.LogisticRegressionModel object at 0x0000024A7F5919D0>
2025-05-27 01:42:33 [INFO] base_models.logistic_regression:57 - LogisticRegression final iteration 0, max_iter=850, learning_rate = 0.00707
2025-05-27 01:42:34 [INFO] base_models.logistic_regression:57 - LogisticRegression final iteration 849, max_iter=850, learning_rate = 0.00707
2025-05-27 01:42:34 [INFO] adaboost.adaboost:25 - model is <base_models.logistic_regression.LogisticRegressionModel object at 0x0000024A7F591A30>
2025-05-27 01:42:34 [INFO] base_models.logistic_regression:57 - LogisticRegression final iteration 0, max_iter=850, learning_rate = 0.00707
2025-05-27 01:42:35 [INFO] base_models.logistic_regression:57 - LogisticRegression final iteration 849, max_iter=850, learning_rate = 0.00707
2025-05-27 01:42:35 [INFO] adaboost.adaboost:25 - model is <base_models.logistic_regression.LogisticRegressionModel object at 0x0000024A7F591A90>
2025-05-27 01:42:35 [INFO] base_models.logistic_regression:57 - LogisticRegression final iteration 0, max_iter=850, learning_rate = 0.00707
2025-05-27 01:42:36 [INFO] base_models.logistic_regression:57 - LogisticRegression final iteration 849, max_iter=850, learning_rate = 0.00707
2025-05-27 01:42:36 [INFO] adaboost.adaboost:25 - model is <base_models.logistic_regression.LogisticRegressionModel object at 0x0000024A7F591AF0>
2025-05-27 01:42:36 [INFO] base_models.logistic_regression:57 - LogisticRegression final iteration 0, max_iter=850, learning_rate = 0.00707
2025-05-27 01:42:37 [INFO] base_models.logistic_regression:57 - LogisticRegression final iteration 849, max_iter=850, learning_rate = 0.00707
2025-05-27 01:42:37 [INFO] adaboost.adaboost:25 - model is <base_models.logistic_regression.LogisticRegressionModel object at 0x0000024A7F591B50>
2025-05-27 01:42:37 [INFO] base_models.logistic_regression:57 - LogisticRegression final iteration 0, max_iter=850, learning_rate = 0.00707
2025-05-27 01:42:38 [INFO] base_models.logistic_regression:57 - LogisticRegression final iteration 849, max_iter=850, learning_rate = 0.00707
2025-05-27 01:42:38 [INFO] adaboost.adaboost:25 - model is <base_models.logistic_regression.LogisticRegressionModel object at 0x0000024A7F591BB0>
2025-05-27 01:42:38 [INFO] base_models.logistic_regression:57 - LogisticRegression final iteration 0, max_iter=850, learning_rate = 0.00707
2025-05-27 01:42:39 [INFO] base_models.logistic_regression:57 - LogisticRegression final iteration 849, max_iter=850, learning_rate = 0.00707
2025-05-27 01:42:39 [INFO] adaboost.adaboost:25 - model is <base_models.logistic_regression.LogisticRegressionModel object at 0x0000024A7F591C40>
2025-05-27 01:42:39 [INFO] base_models.logistic_regression:57 - LogisticRegression final iteration 0, max_iter=850, learning_rate = 0.00707
2025-05-27 01:42:40 [INFO] base_models.logistic_regression:57 - LogisticRegression final iteration 849, max_iter=850, learning_rate = 0.00707
2025-05-27 01:42:40 [INFO] adaboost.adaboost:25 - model is <base_models.logistic_regression.LogisticRegressionModel object at 0x0000024A7F591D30>
2025-05-27 01:42:40 [INFO] base_models.logistic_regression:57 - LogisticRegression final iteration 0, max_iter=850, learning_rate = 0.00707
2025-05-27 01:42:41 [INFO] base_models.logistic_regression:57 - LogisticRegression final iteration 849, max_iter=850, learning_rate = 0.00707
2025-05-27 01:42:41 [INFO] adaboost.adaboost:25 - model is <base_models.logistic_regression.LogisticRegressionModel object at 0x0000024A7F591D90>
2025-05-27 01:42:41 [INFO] base_models.logistic_regression:57 - LogisticRegression final iteration 0, max_iter=850, learning_rate = 0.00707
2025-05-27 01:42:42 [INFO] base_models.logistic_regression:57 - LogisticRegression final iteration 849, max_iter=850, learning_rate = 0.00707
2025-05-27 01:42:42 [INFO] adaboost.adaboost:25 - model is <base_models.logistic_regression.LogisticRegressionModel object at 0x0000024A7F591DF0>
2025-05-27 01:42:42 [INFO] base_models.logistic_regression:57 - LogisticRegression final iteration 0, max_iter=850, learning_rate = 0.00707
2025-05-27 01:42:43 [INFO] base_models.logistic_regression:57 - LogisticRegression final iteration 849, max_iter=850, learning_rate = 0.00707
2025-05-27 01:42:43 [INFO] adaboost.adaboost:25 - model is <base_models.logistic_regression.LogisticRegressionModel object at 0x0000024A7F591E50>
2025-05-27 01:42:43 [INFO] base_models.logistic_regression:57 - LogisticRegression final iteration 0, max_iter=850, learning_rate = 0.00707
2025-05-27 01:42:44 [INFO] base_models.logistic_regression:57 - LogisticRegression final iteration 849, max_iter=850, learning_rate = 0.00707
2025-05-27 01:42:44 [INFO] adaboost.adaboost:25 - model is <base_models.logistic_regression.LogisticRegressionModel object at 0x0000024A7F591EB0>
2025-05-27 01:42:44 [INFO] base_models.logistic_regression:57 - LogisticRegression final iteration 0, max_iter=850, learning_rate = 0.00707
2025-05-27 01:42:44 [INFO] base_models.logistic_regression:57 - LogisticRegression final iteration 849, max_iter=850, learning_rate = 0.00707
2025-05-27 01:42:44 [INFO] adaboost.adaboost:25 - model is <base_models.logistic_regression.LogisticRegressionModel object at 0x0000024A7F591F10>
2025-05-27 01:42:44 [INFO] base_models.logistic_regression:57 - LogisticRegression final iteration 0, max_iter=850, learning_rate = 0.00707
2025-05-27 01:42:45 [INFO] base_models.logistic_regression:57 - LogisticRegression final iteration 849, max_iter=850, learning_rate = 0.00707
2025-05-27 01:42:45 [INFO] adaboost.adaboost:25 - model is <base_models.logistic_regression.LogisticRegressionModel object at 0x0000024A7F591F70>
2025-05-27 01:42:45 [INFO] base_models.logistic_regression:57 - LogisticRegression final iteration 0, max_iter=850, learning_rate = 0.00707
2025-05-27 01:42:46 [INFO] base_models.logistic_regression:57 - LogisticRegression final iteration 849, max_iter=850, learning_rate = 0.00707
2025-05-27 01:42:46 [INFO] adaboost.adaboost:25 - model is <base_models.logistic_regression.LogisticRegressionModel object at 0x0000024A7F591FD0>
2025-05-27 01:42:46 [INFO] base_models.logistic_regression:57 - LogisticRegression final iteration 0, max_iter=850, learning_rate = 0.00707
2025-05-27 01:42:47 [INFO] base_models.logistic_regression:57 - LogisticRegression final iteration 849, max_iter=850, learning_rate = 0.00707
2025-05-27 01:42:47 [INFO] adaboost.adaboost:25 - model is <base_models.logistic_regression.LogisticRegressionModel object at 0x0000024A7F591220>
2025-05-27 01:42:47 [INFO] base_models.logistic_regression:57 - LogisticRegression final iteration 0, max_iter=850, learning_rate = 0.00707
2025-05-27 01:42:48 [INFO] base_models.logistic_regression:57 - LogisticRegression final iteration 849, max_iter=850, learning_rate = 0.00707
2025-05-27 01:42:48 [INFO] adaboost.adaboost:25 - model is <base_models.logistic_regression.LogisticRegressionModel object at 0x0000024A7F591340>
2025-05-27 01:42:48 [INFO] base_models.logistic_regression:57 - LogisticRegression final iteration 0, max_iter=850, learning_rate = 0.00707
2025-05-27 01:42:49 [INFO] base_models.logistic_regression:57 - LogisticRegression final iteration 849, max_iter=850, learning_rate = 0.00707
2025-05-27 01:42:49 [INFO] adaboost.adaboost:25 - model is <base_models.logistic_regression.LogisticRegressionModel object at 0x0000024A7F5914C0>
2025-05-27 01:42:49 [INFO] base_models.logistic_regression:57 - LogisticRegression final iteration 0, max_iter=850, learning_rate = 0.00707
2025-05-27 01:42:50 [INFO] base_models.logistic_regression:57 - LogisticRegression final iteration 849, max_iter=850, learning_rate = 0.00707
2025-05-27 01:42:50 [INFO] adaboost.adaboost:25 - model is <base_models.logistic_regression.LogisticRegressionModel object at 0x0000024A7F5913D0>
2025-05-27 01:42:50 [INFO] base_models.logistic_regression:57 - LogisticRegression final iteration 0, max_iter=850, learning_rate = 0.00707
2025-05-27 01:42:51 [INFO] base_models.logistic_regression:57 - LogisticRegression final iteration 849, max_iter=850, learning_rate = 0.00707
2025-05-27 01:42:51 [INFO] adaboost.adaboost:25 - model is <base_models.logistic_regression.LogisticRegressionModel object at 0x0000024A7F5915B0>
2025-05-27 01:42:51 [INFO] base_models.logistic_regression:57 - LogisticRegression final iteration 0, max_iter=850, learning_rate = 0.00707
2025-05-27 01:42:51 [INFO] base_models.logistic_regression:57 - LogisticRegression final iteration 849, max_iter=850, learning_rate = 0.00707
2025-05-27 01:42:51 [INFO] adaboost.adaboost:25 - model is <base_models.logistic_regression.LogisticRegressionModel object at 0x0000024A7F591610>
2025-05-27 01:42:51 [INFO] base_models.logistic_regression:57 - LogisticRegression final iteration 0, max_iter=850, learning_rate = 0.00707
2025-05-27 01:42:52 [INFO] base_models.logistic_regression:57 - LogisticRegression final iteration 849, max_iter=850, learning_rate = 0.00707
2025-05-27 01:42:52 [INFO] adaboost.adaboost:25 - model is <base_models.logistic_regression.LogisticRegressionModel object at 0x0000024A7F591670>
2025-05-27 01:42:52 [INFO] base_models.logistic_regression:57 - LogisticRegression final iteration 0, max_iter=850, learning_rate = 0.00707
2025-05-27 01:42:53 [INFO] base_models.logistic_regression:57 - LogisticRegression final iteration 849, max_iter=850, learning_rate = 0.00707
2025-05-27 01:42:53 [INFO] adaboost.adaboost:25 - model is <base_models.logistic_regression.LogisticRegressionModel object at 0x0000024A2249A520>
2025-05-27 01:42:53 [INFO] base_models.logistic_regression:57 - LogisticRegression final iteration 0, max_iter=850, learning_rate = 0.00707
2025-05-27 01:42:54 [INFO] base_models.logistic_regression:57 - LogisticRegression final iteration 849, max_iter=850, learning_rate = 0.00707
2025-05-27 01:42:54 [INFO] adaboost.adaboost:25 - model is <base_models.logistic_regression.LogisticRegressionModel object at 0x0000024A2249A4C0>
2025-05-27 01:42:54 [INFO] base_models.logistic_regression:57 - LogisticRegression final iteration 0, max_iter=850, learning_rate = 0.00707
2025-05-27 01:42:55 [INFO] base_models.logistic_regression:57 - LogisticRegression final iteration 849, max_iter=850, learning_rate = 0.00707
2025-05-27 01:42:55 [INFO] adaboost.adaboost:25 - model is <base_models.logistic_regression.LogisticRegressionModel object at 0x0000024A2249A460>
2025-05-27 01:42:55 [INFO] base_models.logistic_regression:57 - LogisticRegression final iteration 0, max_iter=850, learning_rate = 0.00707
2025-05-27 01:42:56 [INFO] base_models.logistic_regression:57 - LogisticRegression final iteration 849, max_iter=850, learning_rate = 0.00707
2025-05-27 01:42:56 [INFO] adaboost.adaboost:25 - model is <base_models.logistic_regression.LogisticRegressionModel object at 0x0000024A2249A400>
2025-05-27 01:42:56 [INFO] base_models.logistic_regression:57 - LogisticRegression final iteration 0, max_iter=850, learning_rate = 0.00707
2025-05-27 01:42:57 [INFO] base_models.logistic_regression:57 - LogisticRegression final iteration 849, max_iter=850, learning_rate = 0.00707
2025-05-27 01:42:57 [INFO] adaboost.adaboost:25 - model is <base_models.logistic_regression.LogisticRegressionModel object at 0x0000024A2249A3A0>
2025-05-27 01:42:57 [INFO] base_models.logistic_regression:57 - LogisticRegression final iteration 0, max_iter=850, learning_rate = 0.00707
2025-05-27 01:42:58 [INFO] base_models.logistic_regression:57 - LogisticRegression final iteration 849, max_iter=850, learning_rate = 0.00707
2025-05-27 01:42:58 [INFO] adaboost.adaboost:25 - model is <base_models.logistic_regression.LogisticRegressionModel object at 0x0000024A7F555670>
2025-05-27 01:42:58 [INFO] base_models.logistic_regression:57 - LogisticRegression final iteration 0, max_iter=850, learning_rate = 0.00707
2025-05-27 01:42:59 [INFO] base_models.logistic_regression:57 - LogisticRegression final iteration 849, max_iter=850, learning_rate = 0.00707
2025-05-27 01:42:59 [INFO] adaboost.adaboost:25 - model is <base_models.logistic_regression.LogisticRegressionModel object at 0x0000024A7F5211F0>
2025-05-27 01:42:59 [INFO] base_models.logistic_regression:57 - LogisticRegression final iteration 0, max_iter=850, learning_rate = 0.00707
2025-05-27 01:43:00 [INFO] base_models.logistic_regression:57 - LogisticRegression final iteration 849, max_iter=850, learning_rate = 0.00707
2025-05-27 01:43:00 [INFO] adaboost.adaboost:25 - model is <base_models.logistic_regression.LogisticRegressionModel object at 0x0000024A78DC5C70>
2025-05-27 01:43:00 [INFO] base_models.logistic_regression:57 - LogisticRegression final iteration 0, max_iter=850, learning_rate = 0.00707
2025-05-27 01:43:01 [INFO] base_models.logistic_regression:57 - LogisticRegression final iteration 849, max_iter=850, learning_rate = 0.00707
2025-05-27 01:43:01 [INFO] adaboost.adaboost:25 - model is <base_models.logistic_regression.LogisticRegressionModel object at 0x0000024A7F4FFC40>
2025-05-27 01:43:01 [INFO] base_models.logistic_regression:57 - LogisticRegression final iteration 0, max_iter=850, learning_rate = 0.00707
2025-05-27 01:43:02 [INFO] base_models.logistic_regression:57 - LogisticRegression final iteration 849, max_iter=850, learning_rate = 0.00707
2025-05-27 01:43:02 [INFO] adaboost.adaboost:25 - model is <base_models.logistic_regression.LogisticRegressionModel object at 0x0000024A22492F10>
2025-05-27 01:43:02 [INFO] base_models.logistic_regression:57 - LogisticRegression final iteration 0, max_iter=850, learning_rate = 0.00707
2025-05-27 01:43:03 [INFO] base_models.logistic_regression:57 - LogisticRegression final iteration 849, max_iter=850, learning_rate = 0.00707
2025-05-27 01:43:03 [INFO] adaboost.adaboost:25 - model is <base_models.logistic_regression.LogisticRegressionModel object at 0x0000024A22492F70>
2025-05-27 01:43:03 [INFO] base_models.logistic_regression:57 - LogisticRegression final iteration 0, max_iter=850, learning_rate = 0.00707
2025-05-27 01:43:04 [INFO] base_models.logistic_regression:57 - LogisticRegression final iteration 849, max_iter=850, learning_rate = 0.00707
2025-05-27 01:43:04 [INFO] adaboost.adaboost:25 - model is <base_models.logistic_regression.LogisticRegressionModel object at 0x0000024A7F5122E0>
2025-05-27 01:43:04 [INFO] base_models.logistic_regression:57 - LogisticRegression final iteration 0, max_iter=850, learning_rate = 0.00707
2025-05-27 01:43:05 [INFO] base_models.logistic_regression:57 - LogisticRegression final iteration 849, max_iter=850, learning_rate = 0.00707
2025-05-27 01:43:05 [INFO] adaboost.adaboost:25 - model is <base_models.logistic_regression.LogisticRegressionModel object at 0x0000024A22F17070>
2025-05-27 01:43:05 [INFO] base_models.logistic_regression:57 - LogisticRegression final iteration 0, max_iter=850, learning_rate = 0.00707
2025-05-27 01:43:06 [INFO] base_models.logistic_regression:57 - LogisticRegression final iteration 849, max_iter=850, learning_rate = 0.00707
2025-05-27 01:43:06 [INFO] adaboost.adaboost:25 - model is <base_models.logistic_regression.LogisticRegressionModel object at 0x0000024A22F17190>
2025-05-27 01:43:06 [INFO] base_models.logistic_regression:57 - LogisticRegression final iteration 0, max_iter=850, learning_rate = 0.00707
2025-05-27 01:43:07 [INFO] base_models.logistic_regression:57 - LogisticRegression final iteration 849, max_iter=850, learning_rate = 0.00707
2025-05-27 01:43:07 [INFO] adaboost.adaboost:25 - model is <base_models.logistic_regression.LogisticRegressionModel object at 0x0000024A22F171F0>
2025-05-27 01:43:07 [INFO] base_models.logistic_regression:57 - LogisticRegression final iteration 0, max_iter=850, learning_rate = 0.00707
2025-05-27 01:43:08 [INFO] base_models.logistic_regression:57 - LogisticRegression final iteration 849, max_iter=850, learning_rate = 0.00707
2025-05-27 01:43:08 [INFO] adaboost.adaboost:25 - model is <base_models.logistic_regression.LogisticRegressionModel object at 0x0000024A22F172B0>
2025-05-27 01:43:08 [INFO] base_models.logistic_regression:57 - LogisticRegression final iteration 0, max_iter=850, learning_rate = 0.00707
2025-05-27 01:43:09 [INFO] base_models.logistic_regression:57 - LogisticRegression final iteration 849, max_iter=850, learning_rate = 0.00707
2025-05-27 01:43:09 [INFO] adaboost.adaboost:25 - model is <base_models.logistic_regression.LogisticRegressionModel object at 0x0000024A22F173D0>
2025-05-27 01:43:09 [INFO] base_models.logistic_regression:57 - LogisticRegression final iteration 0, max_iter=850, learning_rate = 0.00707
2025-05-27 01:43:10 [INFO] base_models.logistic_regression:57 - LogisticRegression final iteration 849, max_iter=850, learning_rate = 0.00707
2025-05-27 01:43:10 [INFO] adaboost.adaboost:25 - model is <base_models.logistic_regression.LogisticRegressionModel object at 0x0000024A22F17430>
2025-05-27 01:43:10 [INFO] base_models.logistic_regression:57 - LogisticRegression final iteration 0, max_iter=850, learning_rate = 0.00707
2025-05-27 01:43:12 [INFO] base_models.logistic_regression:57 - LogisticRegression final iteration 849, max_iter=850, learning_rate = 0.00707
2025-05-27 01:43:12 [INFO] adaboost.adaboost:25 - model is <base_models.logistic_regression.LogisticRegressionModel object at 0x0000024A22F17490>
2025-05-27 01:43:12 [INFO] base_models.logistic_regression:57 - LogisticRegression final iteration 0, max_iter=850, learning_rate = 0.00707
2025-05-27 01:43:13 [INFO] base_models.logistic_regression:57 - LogisticRegression final iteration 849, max_iter=850, learning_rate = 0.00707
2025-05-27 01:43:13 [INFO] adaboost.adaboost:25 - model is <base_models.logistic_regression.LogisticRegressionModel object at 0x0000024A22F174F0>
2025-05-27 01:43:13 [INFO] base_models.logistic_regression:57 - LogisticRegression final iteration 0, max_iter=850, learning_rate = 0.00707
2025-05-27 01:43:14 [INFO] base_models.logistic_regression:57 - LogisticRegression final iteration 849, max_iter=850, learning_rate = 0.00707
2025-05-27 01:43:14 [INFO] adaboost.adaboost:25 - model is <base_models.logistic_regression.LogisticRegressionModel object at 0x0000024A22F17550>
2025-05-27 01:43:14 [INFO] base_models.logistic_regression:57 - LogisticRegression final iteration 0, max_iter=850, learning_rate = 0.00707
2025-05-27 01:43:16 [INFO] base_models.logistic_regression:57 - LogisticRegression final iteration 849, max_iter=850, learning_rate = 0.00707
2025-05-27 01:43:16 [INFO] adaboost.adaboost:25 - model is <base_models.logistic_regression.LogisticRegressionModel object at 0x0000024A22F175B0>
2025-05-27 01:43:16 [INFO] base_models.logistic_regression:57 - LogisticRegression final iteration 0, max_iter=850, learning_rate = 0.00707
2025-05-27 01:43:17 [INFO] base_models.logistic_regression:57 - LogisticRegression final iteration 849, max_iter=850, learning_rate = 0.00707
2025-05-27 01:43:17 [INFO] adaboost.adaboost:25 - model is <base_models.logistic_regression.LogisticRegressionModel object at 0x0000024A22F17610>
2025-05-27 01:43:17 [INFO] base_models.logistic_regression:57 - LogisticRegression final iteration 0, max_iter=850, learning_rate = 0.00707
2025-05-27 01:43:18 [INFO] base_models.logistic_regression:57 - LogisticRegression final iteration 849, max_iter=850, learning_rate = 0.00707
2025-05-27 01:43:18 [INFO] adaboost.adaboost:25 - model is <base_models.logistic_regression.LogisticRegressionModel object at 0x0000024A22F17670>
2025-05-27 01:43:18 [INFO] base_models.logistic_regression:57 - LogisticRegression final iteration 0, max_iter=850, learning_rate = 0.00707
2025-05-27 01:43:19 [INFO] base_models.logistic_regression:57 - LogisticRegression final iteration 849, max_iter=850, learning_rate = 0.00707
2025-05-27 01:43:19 [INFO] adaboost.adaboost:25 - model is <base_models.logistic_regression.LogisticRegressionModel object at 0x0000024A22F176D0>
2025-05-27 01:43:19 [INFO] base_models.logistic_regression:57 - LogisticRegression final iteration 0, max_iter=850, learning_rate = 0.00707
2025-05-27 01:43:21 [INFO] base_models.logistic_regression:57 - LogisticRegression final iteration 849, max_iter=850, learning_rate = 0.00707
2025-05-27 01:43:21 [INFO] adaboost.adaboost:25 - model is <base_models.logistic_regression.LogisticRegressionModel object at 0x0000024A22F17730>
2025-05-27 01:43:21 [INFO] base_models.logistic_regression:57 - LogisticRegression final iteration 0, max_iter=850, learning_rate = 0.00707
2025-05-27 01:43:22 [INFO] base_models.logistic_regression:57 - LogisticRegression final iteration 849, max_iter=850, learning_rate = 0.00707
2025-05-27 01:43:22 [INFO] adaboost.adaboost:25 - model is <base_models.logistic_regression.LogisticRegressionModel object at 0x0000024A22F17790>
2025-05-27 01:43:22 [INFO] base_models.logistic_regression:57 - LogisticRegression final iteration 0, max_iter=850, learning_rate = 0.00707
2025-05-27 01:43:23 [INFO] base_models.logistic_regression:57 - LogisticRegression final iteration 849, max_iter=850, learning_rate = 0.00707
2025-05-27 01:43:23 [INFO] adaboost.adaboost:25 - model is <base_models.logistic_regression.LogisticRegressionModel object at 0x0000024A22F177F0>
2025-05-27 01:43:23 [INFO] base_models.logistic_regression:57 - LogisticRegression final iteration 0, max_iter=850, learning_rate = 0.00707
2025-05-27 01:43:24 [INFO] base_models.logistic_regression:57 - LogisticRegression final iteration 849, max_iter=850, learning_rate = 0.00707
2025-05-27 01:43:24 [INFO] adaboost.adaboost:25 - model is <base_models.logistic_regression.LogisticRegressionModel object at 0x0000024A22F17850>
2025-05-27 01:43:24 [INFO] base_models.logistic_regression:57 - LogisticRegression final iteration 0, max_iter=850, learning_rate = 0.00707
2025-05-27 01:43:25 [INFO] base_models.logistic_regression:57 - LogisticRegression final iteration 849, max_iter=850, learning_rate = 0.00707
2025-05-27 01:43:25 [INFO] adaboost.adaboost:25 - model is <base_models.logistic_regression.LogisticRegressionModel object at 0x0000024A22F178B0>
2025-05-27 01:43:25 [INFO] base_models.logistic_regression:57 - LogisticRegression final iteration 0, max_iter=850, learning_rate = 0.00707
2025-05-27 01:43:26 [INFO] base_models.logistic_regression:57 - LogisticRegression final iteration 849, max_iter=850, learning_rate = 0.00707
2025-05-27 01:43:26 [INFO] adaboost.adaboost:25 - model is <base_models.logistic_regression.LogisticRegressionModel object at 0x0000024A22F17910>
2025-05-27 01:43:26 [INFO] base_models.logistic_regression:57 - LogisticRegression final iteration 0, max_iter=850, learning_rate = 0.00707
2025-05-27 01:43:27 [INFO] base_models.logistic_regression:57 - LogisticRegression final iteration 849, max_iter=850, learning_rate = 0.00707
2025-05-27 01:43:27 [INFO] adaboost.adaboost:25 - model is <base_models.logistic_regression.LogisticRegressionModel object at 0x0000024A22F17970>
2025-05-27 01:43:27 [INFO] base_models.logistic_regression:57 - LogisticRegression final iteration 0, max_iter=850, learning_rate = 0.00707
2025-05-27 01:43:28 [INFO] base_models.logistic_regression:57 - LogisticRegression final iteration 849, max_iter=850, learning_rate = 0.00707
2025-05-27 01:43:28 [INFO] adaboost.adaboost:25 - model is <base_models.logistic_regression.LogisticRegressionModel object at 0x0000024A22F179D0>
2025-05-27 01:43:28 [INFO] base_models.logistic_regression:57 - LogisticRegression final iteration 0, max_iter=850, learning_rate = 0.00707
2025-05-27 01:43:29 [INFO] base_models.logistic_regression:57 - LogisticRegression final iteration 849, max_iter=850, learning_rate = 0.00707
2025-05-27 01:43:29 [INFO] adaboost.adaboost:25 - model is <base_models.logistic_regression.LogisticRegressionModel object at 0x0000024A22F17A30>
2025-05-27 01:43:29 [INFO] base_models.logistic_regression:57 - LogisticRegression final iteration 0, max_iter=850, learning_rate = 0.00707
2025-05-27 01:43:30 [INFO] base_models.logistic_regression:57 - LogisticRegression final iteration 849, max_iter=850, learning_rate = 0.00707
2025-05-27 01:43:30 [INFO] adaboost.adaboost:25 - model is <base_models.logistic_regression.LogisticRegressionModel object at 0x0000024A22F17A90>
2025-05-27 01:43:30 [INFO] base_models.logistic_regression:57 - LogisticRegression final iteration 0, max_iter=850, learning_rate = 0.00707
2025-05-27 01:43:31 [INFO] base_models.logistic_regression:57 - LogisticRegression final iteration 849, max_iter=850, learning_rate = 0.00707
2025-05-27 01:43:31 [INFO] adaboost.adaboost:25 - model is <base_models.logistic_regression.LogisticRegressionModel object at 0x0000024A22F17AF0>
2025-05-27 01:43:31 [INFO] base_models.logistic_regression:57 - LogisticRegression final iteration 0, max_iter=850, learning_rate = 0.00707
2025-05-27 01:43:32 [INFO] base_models.logistic_regression:57 - LogisticRegression final iteration 849, max_iter=850, learning_rate = 0.00707
2025-05-27 01:43:32 [INFO] adaboost.adaboost:25 - model is <base_models.logistic_regression.LogisticRegressionModel object at 0x0000024A22F17B50>
2025-05-27 01:43:32 [INFO] base_models.logistic_regression:57 - LogisticRegression final iteration 0, max_iter=850, learning_rate = 0.00707
2025-05-27 01:43:33 [INFO] base_models.logistic_regression:57 - LogisticRegression final iteration 849, max_iter=850, learning_rate = 0.00707
2025-05-27 01:43:33 [INFO] adaboost.adaboost:25 - model is <base_models.logistic_regression.LogisticRegressionModel object at 0x0000024A22F17BB0>
2025-05-27 01:43:33 [INFO] base_models.logistic_regression:57 - LogisticRegression final iteration 0, max_iter=850, learning_rate = 0.00707
2025-05-27 01:43:35 [INFO] base_models.logistic_regression:57 - LogisticRegression final iteration 849, max_iter=850, learning_rate = 0.00707
2025-05-27 01:43:35 [INFO] adaboost.adaboost:25 - model is <base_models.logistic_regression.LogisticRegressionModel object at 0x0000024A22F17C40>
2025-05-27 01:43:35 [INFO] base_models.logistic_regression:57 - LogisticRegression final iteration 0, max_iter=850, learning_rate = 0.00707
2025-05-27 01:43:36 [INFO] base_models.logistic_regression:57 - LogisticRegression final iteration 849, max_iter=850, learning_rate = 0.00707
2025-05-27 01:43:36 [INFO] adaboost.adaboost:25 - model is <base_models.logistic_regression.LogisticRegressionModel object at 0x0000024A22F17CA0>
2025-05-27 01:43:36 [INFO] base_models.logistic_regression:57 - LogisticRegression final iteration 0, max_iter=850, learning_rate = 0.00707
2025-05-27 01:43:38 [INFO] base_models.logistic_regression:57 - LogisticRegression final iteration 849, max_iter=850, learning_rate = 0.00707
2025-05-27 01:43:38 [INFO] adaboost.adaboost:25 - model is <base_models.logistic_regression.LogisticRegressionModel object at 0x0000024A22F17D00>
2025-05-27 01:43:38 [INFO] base_models.logistic_regression:57 - LogisticRegression final iteration 0, max_iter=850, learning_rate = 0.00707
2025-05-27 01:43:39 [INFO] base_models.logistic_regression:57 - LogisticRegression final iteration 849, max_iter=850, learning_rate = 0.00707
2025-05-27 01:43:39 [INFO] adaboost.adaboost:25 - model is <base_models.logistic_regression.LogisticRegressionModel object at 0x0000024A22F17D60>
2025-05-27 01:43:39 [INFO] base_models.logistic_regression:57 - LogisticRegression final iteration 0, max_iter=850, learning_rate = 0.00707
2025-05-27 01:43:40 [INFO] base_models.logistic_regression:57 - LogisticRegression final iteration 849, max_iter=850, learning_rate = 0.00707
2025-05-27 01:43:40 [INFO] adaboost.adaboost:25 - model is <base_models.logistic_regression.LogisticRegressionModel object at 0x0000024A22F17DC0>
2025-05-27 01:43:40 [INFO] base_models.logistic_regression:57 - LogisticRegression final iteration 0, max_iter=850, learning_rate = 0.00707
2025-05-27 01:43:41 [INFO] base_models.logistic_regression:57 - LogisticRegression final iteration 849, max_iter=850, learning_rate = 0.00707
2025-05-27 01:43:41 [INFO] adaboost.adaboost:25 - model is <base_models.logistic_regression.LogisticRegressionModel object at 0x0000024A22F17E20>
2025-05-27 01:43:41 [INFO] base_models.logistic_regression:57 - LogisticRegression final iteration 0, max_iter=850, learning_rate = 0.00707
2025-05-27 01:43:43 [INFO] base_models.logistic_regression:57 - LogisticRegression final iteration 849, max_iter=850, learning_rate = 0.00707
2025-05-27 01:43:43 [INFO] adaboost.adaboost:25 - model is <base_models.logistic_regression.LogisticRegressionModel object at 0x0000024A22F17E80>
2025-05-27 01:43:43 [INFO] base_models.logistic_regression:57 - LogisticRegression final iteration 0, max_iter=850, learning_rate = 0.00707
2025-05-27 01:43:44 [INFO] base_models.logistic_regression:57 - LogisticRegression final iteration 849, max_iter=850, learning_rate = 0.00707
2025-05-27 01:43:44 [INFO] adaboost.adaboost:25 - model is <base_models.logistic_regression.LogisticRegressionModel object at 0x0000024A22F17EE0>
2025-05-27 01:43:44 [INFO] base_models.logistic_regression:57 - LogisticRegression final iteration 0, max_iter=850, learning_rate = 0.00707
2025-05-27 01:43:45 [INFO] base_models.logistic_regression:57 - LogisticRegression final iteration 849, max_iter=850, learning_rate = 0.00707
2025-05-27 01:43:45 [INFO] adaboost.adaboost:25 - model is <base_models.logistic_regression.LogisticRegressionModel object at 0x0000024A22F17F40>
2025-05-27 01:43:45 [INFO] base_models.logistic_regression:57 - LogisticRegression final iteration 0, max_iter=850, learning_rate = 0.00707
2025-05-27 01:43:47 [INFO] base_models.logistic_regression:57 - LogisticRegression final iteration 849, max_iter=850, learning_rate = 0.00707
2025-05-27 01:43:47 [INFO] adaboost.adaboost:25 - model is <base_models.logistic_regression.LogisticRegressionModel object at 0x0000024A22F17FA0>
2025-05-27 01:43:47 [INFO] base_models.logistic_regression:57 - LogisticRegression final iteration 0, max_iter=850, learning_rate = 0.00707
2025-05-27 01:43:48 [INFO] base_models.logistic_regression:57 - LogisticRegression final iteration 849, max_iter=850, learning_rate = 0.00707
2025-05-27 01:43:48 [INFO] adaboost.adaboost:25 - model is <base_models.logistic_regression.LogisticRegressionModel object at 0x0000024A22F170A0>
2025-05-27 01:43:48 [INFO] base_models.logistic_regression:57 - LogisticRegression final iteration 0, max_iter=850, learning_rate = 0.00707
2025-05-27 01:43:49 [INFO] base_models.logistic_regression:57 - LogisticRegression final iteration 849, max_iter=850, learning_rate = 0.00707
2025-05-27 01:43:49 [INFO] adaboost.adaboost:25 - model is <base_models.logistic_regression.LogisticRegressionModel object at 0x0000024A22F17220>
2025-05-27 01:43:49 [INFO] base_models.logistic_regression:57 - LogisticRegression final iteration 0, max_iter=850, learning_rate = 0.00707
2025-05-27 01:43:51 [INFO] base_models.logistic_regression:57 - LogisticRegression final iteration 849, max_iter=850, learning_rate = 0.00707
2025-05-27 01:43:51 [INFO] adaboost.adaboost:25 - model is <base_models.logistic_regression.LogisticRegressionModel object at 0x0000024A22F17130>
2025-05-27 01:43:51 [INFO] base_models.logistic_regression:57 - LogisticRegression final iteration 0, max_iter=850, learning_rate = 0.00707
2025-05-27 01:43:52 [INFO] base_models.logistic_regression:57 - LogisticRegression final iteration 849, max_iter=850, learning_rate = 0.00707
2025-05-27 01:43:52 [INFO] adaboost.adaboost:25 - model is <base_models.logistic_regression.LogisticRegressionModel object at 0x0000024A22F17310>
2025-05-27 01:43:52 [INFO] base_models.logistic_regression:57 - LogisticRegression final iteration 0, max_iter=850, learning_rate = 0.00707
2025-05-27 01:43:53 [INFO] base_models.logistic_regression:57 - LogisticRegression final iteration 849, max_iter=850, learning_rate = 0.00707
2025-05-27 01:43:53 [INFO] adaboost.adaboost:25 - model is <base_models.logistic_regression.LogisticRegressionModel object at 0x0000024A22F17370>
2025-05-27 01:43:53 [INFO] base_models.logistic_regression:57 - LogisticRegression final iteration 0, max_iter=850, learning_rate = 0.00707
2025-05-27 01:43:55 [INFO] base_models.logistic_regression:57 - LogisticRegression final iteration 849, max_iter=850, learning_rate = 0.00707
2025-05-27 01:43:55 [INFO] adaboost.adaboost:25 - model is <base_models.logistic_regression.LogisticRegressionModel object at 0x0000024A7F5BF0D0>
2025-05-27 01:43:55 [INFO] base_models.logistic_regression:57 - LogisticRegression final iteration 0, max_iter=850, learning_rate = 0.00707
2025-05-27 01:43:56 [INFO] base_models.logistic_regression:57 - LogisticRegression final iteration 849, max_iter=850, learning_rate = 0.00707
2025-05-27 01:43:56 [INFO] adaboost.adaboost:25 - model is <base_models.logistic_regression.LogisticRegressionModel object at 0x0000024A7F5BF190>
2025-05-27 01:43:56 [INFO] base_models.logistic_regression:57 - LogisticRegression final iteration 0, max_iter=850, learning_rate = 0.00707
2025-05-27 01:43:57 [INFO] base_models.logistic_regression:57 - LogisticRegression final iteration 849, max_iter=850, learning_rate = 0.00707
2025-05-27 01:43:57 [INFO] adaboost.adaboost:25 - model is <base_models.logistic_regression.LogisticRegressionModel object at 0x0000024A7F5BF1F0>
2025-05-27 01:43:57 [INFO] base_models.logistic_regression:57 - LogisticRegression final iteration 0, max_iter=850, learning_rate = 0.00707
2025-05-27 01:43:59 [INFO] base_models.logistic_regression:57 - LogisticRegression final iteration 849, max_iter=850, learning_rate = 0.00707
2025-05-27 01:43:59 [INFO] adaboost.adaboost:25 - model is <base_models.logistic_regression.LogisticRegressionModel object at 0x0000024A7F5BF040>
2025-05-27 01:43:59 [INFO] base_models.logistic_regression:57 - LogisticRegression final iteration 0, max_iter=850, learning_rate = 0.00707
2025-05-27 01:44:00 [INFO] base_models.logistic_regression:57 - LogisticRegression final iteration 849, max_iter=850, learning_rate = 0.00707
2025-05-27 01:44:00 [INFO] adaboost.adaboost:25 - model is <base_models.logistic_regression.LogisticRegressionModel object at 0x0000024A7F5BF220>
2025-05-27 01:44:00 [INFO] base_models.logistic_regression:57 - LogisticRegression final iteration 0, max_iter=850, learning_rate = 0.00707
2025-05-27 01:44:01 [INFO] base_models.logistic_regression:57 - LogisticRegression final iteration 849, max_iter=850, learning_rate = 0.00707
2025-05-27 01:44:01 [INFO] adaboost.adaboost:25 - model is <base_models.logistic_regression.LogisticRegressionModel object at 0x0000024A7F5BF0A0>
2025-05-27 01:44:01 [INFO] base_models.logistic_regression:57 - LogisticRegression final iteration 0, max_iter=850, learning_rate = 0.00707
2025-05-27 01:44:02 [INFO] base_models.logistic_regression:57 - LogisticRegression final iteration 849, max_iter=850, learning_rate = 0.00707
2025-05-27 01:44:02 [INFO] adaboost.adaboost:25 - model is <base_models.logistic_regression.LogisticRegressionModel object at 0x0000024A7F5BF160>
2025-05-27 01:44:02 [INFO] base_models.logistic_regression:57 - LogisticRegression final iteration 0, max_iter=850, learning_rate = 0.00707
2025-05-27 01:44:03 [INFO] base_models.logistic_regression:57 - LogisticRegression final iteration 849, max_iter=850, learning_rate = 0.00707
2025-05-27 01:44:03 [INFO] adaboost.adaboost:25 - model is <base_models.logistic_regression.LogisticRegressionModel object at 0x0000024A7F559700>
2025-05-27 01:44:03 [INFO] base_models.logistic_regression:57 - LogisticRegression final iteration 0, max_iter=850, learning_rate = 0.00707
2025-05-27 01:44:05 [INFO] base_models.logistic_regression:57 - LogisticRegression final iteration 849, max_iter=850, learning_rate = 0.00707
2025-05-27 01:44:05 [INFO] adaboost.adaboost:25 - model is <base_models.logistic_regression.LogisticRegressionModel object at 0x0000024A7F5597C0>
2025-05-27 01:44:05 [INFO] base_models.logistic_regression:57 - LogisticRegression final iteration 0, max_iter=850, learning_rate = 0.00707
2025-05-27 01:44:06 [INFO] base_models.logistic_regression:57 - LogisticRegression final iteration 849, max_iter=850, learning_rate = 0.00707
2025-05-27 01:44:06 [INFO] adaboost.adaboost:25 - model is <base_models.logistic_regression.LogisticRegressionModel object at 0x0000024A7F559790>
2025-05-27 01:44:06 [INFO] base_models.logistic_regression:57 - LogisticRegression final iteration 0, max_iter=850, learning_rate = 0.00707
2025-05-27 01:44:07 [INFO] base_models.logistic_regression:57 - LogisticRegression final iteration 849, max_iter=850, learning_rate = 0.00707
2025-05-27 01:44:07 [INFO] adaboost.adaboost:25 - model is <base_models.logistic_regression.LogisticRegressionModel object at 0x0000024A7F5596A0>
2025-05-27 01:44:07 [INFO] base_models.logistic_regression:57 - LogisticRegression final iteration 0, max_iter=850, learning_rate = 0.00707
2025-05-27 01:44:09 [INFO] base_models.logistic_regression:57 - LogisticRegression final iteration 849, max_iter=850, learning_rate = 0.00707
2025-05-27 01:44:09 [INFO] adaboost.adaboost:25 - model is <base_models.logistic_regression.LogisticRegressionModel object at 0x0000024A7F559550>
2025-05-27 01:44:09 [INFO] base_models.logistic_regression:57 - LogisticRegression final iteration 0, max_iter=850, learning_rate = 0.00707
2025-05-27 01:44:10 [INFO] base_models.logistic_regression:57 - LogisticRegression final iteration 849, max_iter=850, learning_rate = 0.00707
2025-05-27 01:44:10 [INFO] adaboost.adaboost:25 - model is <base_models.logistic_regression.LogisticRegressionModel object at 0x0000024A7F559730>
2025-05-27 01:44:10 [INFO] base_models.logistic_regression:57 - LogisticRegression final iteration 0, max_iter=850, learning_rate = 0.00707
2025-05-27 01:44:11 [INFO] base_models.logistic_regression:57 - LogisticRegression final iteration 849, max_iter=850, learning_rate = 0.00707
2025-05-27 01:44:11 [INFO] adaboost.adaboost:25 - model is <base_models.logistic_regression.LogisticRegressionModel object at 0x0000024A7F591310>
2025-05-27 01:44:11 [INFO] base_models.logistic_regression:57 - LogisticRegression final iteration 0, max_iter=850, learning_rate = 0.00707
2025-05-27 01:44:12 [INFO] base_models.logistic_regression:57 - LogisticRegression final iteration 849, max_iter=850, learning_rate = 0.00707
2025-05-27 01:44:12 [INFO] adaboost.adaboost:25 - model is <base_models.logistic_regression.LogisticRegressionModel object at 0x0000024A7F591430>
2025-05-27 01:44:12 [INFO] base_models.logistic_regression:57 - LogisticRegression final iteration 0, max_iter=850, learning_rate = 0.00707
2025-05-27 01:44:13 [INFO] base_models.logistic_regression:57 - LogisticRegression final iteration 849, max_iter=850, learning_rate = 0.00707
2025-05-27 01:44:13 [INFO] adaboost.adaboost:25 - model is <base_models.logistic_regression.LogisticRegressionModel object at 0x0000024A7F591490>
2025-05-27 01:44:13 [INFO] base_models.logistic_regression:57 - LogisticRegression final iteration 0, max_iter=850, learning_rate = 0.00707
2025-05-27 01:44:14 [INFO] base_models.logistic_regression:57 - LogisticRegression final iteration 849, max_iter=850, learning_rate = 0.00707
2025-05-27 01:44:14 [INFO] adaboost.adaboost:25 - model is <base_models.logistic_regression.LogisticRegressionModel object at 0x0000024A7F591550>
2025-05-27 01:44:14 [INFO] base_models.logistic_regression:57 - LogisticRegression final iteration 0, max_iter=850, learning_rate = 0.00707
2025-05-27 01:44:15 [INFO] base_models.logistic_regression:57 - LogisticRegression final iteration 849, max_iter=850, learning_rate = 0.00707
2025-05-27 01:44:15 [INFO] adaboost.adaboost:25 - model is <base_models.logistic_regression.LogisticRegressionModel object at 0x0000024A7F5916D0>
2025-05-27 01:44:15 [INFO] base_models.logistic_regression:57 - LogisticRegression final iteration 0, max_iter=850, learning_rate = 0.00707
2025-05-27 01:44:16 [INFO] base_models.logistic_regression:57 - LogisticRegression final iteration 849, max_iter=850, learning_rate = 0.00707
2025-05-27 01:44:16 [INFO] adaboost.adaboost:25 - model is <base_models.logistic_regression.LogisticRegressionModel object at 0x0000024A7F591730>
2025-05-27 01:44:16 [INFO] base_models.logistic_regression:57 - LogisticRegression final iteration 0, max_iter=850, learning_rate = 0.00707
2025-05-27 01:44:17 [INFO] base_models.logistic_regression:57 - LogisticRegression final iteration 849, max_iter=850, learning_rate = 0.00707
2025-05-27 01:44:17 [INFO] adaboost.adaboost:25 - model is <base_models.logistic_regression.LogisticRegressionModel object at 0x0000024A7F591790>
2025-05-27 01:44:17 [INFO] base_models.logistic_regression:57 - LogisticRegression final iteration 0, max_iter=850, learning_rate = 0.00707
2025-05-27 01:44:18 [INFO] base_models.logistic_regression:57 - LogisticRegression final iteration 849, max_iter=850, learning_rate = 0.00707
2025-05-27 01:44:18 [INFO] adaboost.adaboost:25 - model is <base_models.logistic_regression.LogisticRegressionModel object at 0x0000024A7F5917F0>
2025-05-27 01:44:18 [INFO] base_models.logistic_regression:57 - LogisticRegression final iteration 0, max_iter=850, learning_rate = 0.00707
2025-05-27 01:44:19 [INFO] base_models.logistic_regression:57 - LogisticRegression final iteration 849, max_iter=850, learning_rate = 0.00707
2025-05-27 01:44:19 [INFO] adaboost.adaboost:25 - model is <base_models.logistic_regression.LogisticRegressionModel object at 0x0000024A7F591850>
2025-05-27 01:44:19 [INFO] base_models.logistic_regression:57 - LogisticRegression final iteration 0, max_iter=850, learning_rate = 0.00707
2025-05-27 01:44:19 [INFO] base_models.logistic_regression:57 - LogisticRegression final iteration 849, max_iter=850, learning_rate = 0.00707
2025-05-27 01:44:19 [INFO] adaboost.adaboost:25 - model is <base_models.logistic_regression.LogisticRegressionModel object at 0x0000024A7F5918B0>
2025-05-27 01:44:19 [INFO] base_models.logistic_regression:57 - LogisticRegression final iteration 0, max_iter=850, learning_rate = 0.00707
2025-05-27 01:44:20 [INFO] base_models.logistic_regression:57 - LogisticRegression final iteration 849, max_iter=850, learning_rate = 0.00707
2025-05-27 01:44:20 [INFO] adaboost.adaboost:25 - model is <base_models.logistic_regression.LogisticRegressionModel object at 0x0000024A7F591910>
2025-05-27 01:44:20 [INFO] base_models.logistic_regression:57 - LogisticRegression final iteration 0, max_iter=850, learning_rate = 0.00707
2025-05-27 01:44:21 [INFO] base_models.logistic_regression:57 - LogisticRegression final iteration 849, max_iter=850, learning_rate = 0.00707
2025-05-27 01:44:21 [INFO] adaboost.adaboost:25 - model is <base_models.logistic_regression.LogisticRegressionModel object at 0x0000024A7F591970>
2025-05-27 01:44:21 [INFO] base_models.logistic_regression:57 - LogisticRegression final iteration 0, max_iter=850, learning_rate = 0.00707
2025-05-27 01:44:22 [INFO] base_models.logistic_regression:57 - LogisticRegression final iteration 849, max_iter=850, learning_rate = 0.00707
2025-05-27 01:44:22 [INFO] adaboost.adaboost:25 - model is <base_models.logistic_regression.LogisticRegressionModel object at 0x0000024A7F5919D0>
2025-05-27 01:44:22 [INFO] base_models.logistic_regression:57 - LogisticRegression final iteration 0, max_iter=850, learning_rate = 0.00707
2025-05-27 01:44:23 [INFO] base_models.logistic_regression:57 - LogisticRegression final iteration 849, max_iter=850, learning_rate = 0.00707
2025-05-27 01:44:23 [INFO] adaboost.adaboost:25 - model is <base_models.logistic_regression.LogisticRegressionModel object at 0x0000024A7F591A30>
2025-05-27 01:44:23 [INFO] base_models.logistic_regression:57 - LogisticRegression final iteration 0, max_iter=850, learning_rate = 0.00707
2025-05-27 01:44:23 [INFO] base_models.logistic_regression:57 - LogisticRegression final iteration 849, max_iter=850, learning_rate = 0.00707
2025-05-27 01:44:23 [INFO] adaboost.adaboost:25 - model is <base_models.logistic_regression.LogisticRegressionModel object at 0x0000024A7F591A90>
2025-05-27 01:44:23 [INFO] base_models.logistic_regression:57 - LogisticRegression final iteration 0, max_iter=850, learning_rate = 0.00707
2025-05-27 01:44:24 [INFO] base_models.logistic_regression:57 - LogisticRegression final iteration 849, max_iter=850, learning_rate = 0.00707
2025-05-27 01:44:24 [INFO] adaboost.adaboost:25 - model is <base_models.logistic_regression.LogisticRegressionModel object at 0x0000024A7F591AF0>
2025-05-27 01:44:24 [INFO] base_models.logistic_regression:57 - LogisticRegression final iteration 0, max_iter=850, learning_rate = 0.00707
2025-05-27 01:44:25 [INFO] base_models.logistic_regression:57 - LogisticRegression final iteration 849, max_iter=850, learning_rate = 0.00707
2025-05-27 01:44:25 [INFO] adaboost.adaboost:25 - model is <base_models.logistic_regression.LogisticRegressionModel object at 0x0000024A7F591B50>
2025-05-27 01:44:25 [INFO] base_models.logistic_regression:57 - LogisticRegression final iteration 0, max_iter=850, learning_rate = 0.00707
2025-05-27 01:44:26 [INFO] base_models.logistic_regression:57 - LogisticRegression final iteration 849, max_iter=850, learning_rate = 0.00707
2025-05-27 01:44:26 [INFO] adaboost.adaboost:25 - model is <base_models.logistic_regression.LogisticRegressionModel object at 0x0000024A7F591BB0>
2025-05-27 01:44:26 [INFO] base_models.logistic_regression:57 - LogisticRegression final iteration 0, max_iter=850, learning_rate = 0.00707
2025-05-27 01:44:27 [INFO] base_models.logistic_regression:57 - LogisticRegression final iteration 849, max_iter=850, learning_rate = 0.00707
2025-05-27 01:44:27 [INFO] adaboost.adaboost:25 - model is <base_models.logistic_regression.LogisticRegressionModel object at 0x0000024A7F591C40>
2025-05-27 01:44:27 [INFO] base_models.logistic_regression:57 - LogisticRegression final iteration 0, max_iter=850, learning_rate = 0.00707
2025-05-27 01:44:28 [INFO] base_models.logistic_regression:57 - LogisticRegression final iteration 849, max_iter=850, learning_rate = 0.00707
2025-05-27 01:44:28 [INFO] adaboost.adaboost:25 - model is <base_models.logistic_regression.LogisticRegressionModel object at 0x0000024A7F591D30>
2025-05-27 01:44:28 [INFO] base_models.logistic_regression:57 - LogisticRegression final iteration 0, max_iter=850, learning_rate = 0.00707
2025-05-27 01:44:29 [INFO] base_models.logistic_regression:57 - LogisticRegression final iteration 849, max_iter=850, learning_rate = 0.00707
2025-05-27 01:44:29 [INFO] adaboost.adaboost:25 - model is <base_models.logistic_regression.LogisticRegressionModel object at 0x0000024A7F591D90>
2025-05-27 01:44:29 [INFO] base_models.logistic_regression:57 - LogisticRegression final iteration 0, max_iter=850, learning_rate = 0.00707
2025-05-27 01:44:30 [INFO] base_models.logistic_regression:57 - LogisticRegression final iteration 849, max_iter=850, learning_rate = 0.00707
2025-05-27 01:44:30 [INFO] adaboost.adaboost:25 - model is <base_models.logistic_regression.LogisticRegressionModel object at 0x0000024A7F591DF0>
2025-05-27 01:44:30 [INFO] base_models.logistic_regression:57 - LogisticRegression final iteration 0, max_iter=850, learning_rate = 0.00707
2025-05-27 01:44:31 [INFO] base_models.logistic_regression:57 - LogisticRegression final iteration 849, max_iter=850, learning_rate = 0.00707
2025-05-27 01:44:31 [INFO] adaboost.adaboost:25 - model is <base_models.logistic_regression.LogisticRegressionModel object at 0x0000024A7F591E50>
2025-05-27 01:44:31 [INFO] base_models.logistic_regression:57 - LogisticRegression final iteration 0, max_iter=850, learning_rate = 0.00707
2025-05-27 01:44:32 [INFO] base_models.logistic_regression:57 - LogisticRegression final iteration 849, max_iter=850, learning_rate = 0.00707
2025-05-27 01:44:32 [INFO] adaboost.adaboost:25 - model is <base_models.logistic_regression.LogisticRegressionModel object at 0x0000024A7F591EB0>
2025-05-27 01:44:32 [INFO] base_models.logistic_regression:57 - LogisticRegression final iteration 0, max_iter=850, learning_rate = 0.00707
2025-05-27 01:44:33 [INFO] base_models.logistic_regression:57 - LogisticRegression final iteration 849, max_iter=850, learning_rate = 0.00707
2025-05-27 01:44:33 [INFO] adaboost.adaboost:25 - model is <base_models.logistic_regression.LogisticRegressionModel object at 0x0000024A7F591F10>
2025-05-27 01:44:33 [INFO] base_models.logistic_regression:57 - LogisticRegression final iteration 0, max_iter=850, learning_rate = 0.00707
2025-05-27 01:44:34 [INFO] base_models.logistic_regression:57 - LogisticRegression final iteration 849, max_iter=850, learning_rate = 0.00707
2025-05-27 01:44:34 [INFO] adaboost.adaboost:25 - model is <base_models.logistic_regression.LogisticRegressionModel object at 0x0000024A7F591F70>
2025-05-27 01:44:34 [INFO] base_models.logistic_regression:57 - LogisticRegression final iteration 0, max_iter=850, learning_rate = 0.00707
2025-05-27 01:44:35 [INFO] base_models.logistic_regression:57 - LogisticRegression final iteration 849, max_iter=850, learning_rate = 0.00707
2025-05-27 01:44:35 [INFO] adaboost.adaboost:25 - model is <base_models.logistic_regression.LogisticRegressionModel object at 0x0000024A7F591FD0>
2025-05-27 01:44:35 [INFO] base_models.logistic_regression:57 - LogisticRegression final iteration 0, max_iter=850, learning_rate = 0.00707
2025-05-27 01:44:36 [INFO] base_models.logistic_regression:57 - LogisticRegression final iteration 849, max_iter=850, learning_rate = 0.00707
2025-05-27 01:44:36 [INFO] adaboost.adaboost:25 - model is <base_models.logistic_regression.LogisticRegressionModel object at 0x0000024A7F591220>
2025-05-27 01:44:36 [INFO] base_models.logistic_regression:57 - LogisticRegression final iteration 0, max_iter=850, learning_rate = 0.00707
2025-05-27 01:44:38 [INFO] base_models.logistic_regression:57 - LogisticRegression final iteration 849, max_iter=850, learning_rate = 0.00707
2025-05-27 01:44:38 [INFO] adaboost.adaboost:25 - model is <base_models.logistic_regression.LogisticRegressionModel object at 0x0000024A7F591340>
2025-05-27 01:44:38 [INFO] base_models.logistic_regression:57 - LogisticRegression final iteration 0, max_iter=850, learning_rate = 0.00707
2025-05-27 01:44:39 [INFO] base_models.logistic_regression:57 - LogisticRegression final iteration 849, max_iter=850, learning_rate = 0.00707
2025-05-27 01:44:39 [INFO] adaboost.adaboost:25 - model is <base_models.logistic_regression.LogisticRegressionModel object at 0x0000024A7F5914C0>
2025-05-27 01:44:39 [INFO] base_models.logistic_regression:57 - LogisticRegression final iteration 0, max_iter=850, learning_rate = 0.00707
2025-05-27 01:44:40 [INFO] base_models.logistic_regression:57 - LogisticRegression final iteration 849, max_iter=850, learning_rate = 0.00707
2025-05-27 01:44:40 [INFO] adaboost.adaboost:25 - model is <base_models.logistic_regression.LogisticRegressionModel object at 0x0000024A7F5913D0>
2025-05-27 01:44:40 [INFO] base_models.logistic_regression:57 - LogisticRegression final iteration 0, max_iter=850, learning_rate = 0.00707
2025-05-27 01:44:41 [INFO] base_models.logistic_regression:57 - LogisticRegression final iteration 849, max_iter=850, learning_rate = 0.00707
2025-05-27 01:44:41 [INFO] adaboost.adaboost:25 - model is <base_models.logistic_regression.LogisticRegressionModel object at 0x0000024A7F5915B0>
2025-05-27 01:44:41 [INFO] base_models.logistic_regression:57 - LogisticRegression final iteration 0, max_iter=850, learning_rate = 0.00707
2025-05-27 01:44:42 [INFO] base_models.logistic_regression:57 - LogisticRegression final iteration 849, max_iter=850, learning_rate = 0.00707
2025-05-27 01:44:42 [INFO] adaboost.adaboost:25 - model is <base_models.logistic_regression.LogisticRegressionModel object at 0x0000024A7F591610>
2025-05-27 01:44:42 [INFO] base_models.logistic_regression:57 - LogisticRegression final iteration 0, max_iter=850, learning_rate = 0.00707
2025-05-27 01:44:43 [INFO] base_models.logistic_regression:57 - LogisticRegression final iteration 849, max_iter=850, learning_rate = 0.00707
2025-05-27 01:44:43 [INFO] adaboost.adaboost:25 - model is <base_models.logistic_regression.LogisticRegressionModel object at 0x0000024A7F591670>
2025-05-27 01:44:43 [INFO] base_models.logistic_regression:57 - LogisticRegression final iteration 0, max_iter=850, learning_rate = 0.00707
2025-05-27 01:44:44 [INFO] base_models.logistic_regression:57 - LogisticRegression final iteration 849, max_iter=850, learning_rate = 0.00707
2025-05-27 01:44:44 [INFO] adaboost.adaboost:25 - model is <base_models.logistic_regression.LogisticRegressionModel object at 0x0000024A2249A580>
2025-05-27 01:44:44 [INFO] base_models.logistic_regression:57 - LogisticRegression final iteration 0, max_iter=850, learning_rate = 0.00707
2025-05-27 01:44:45 [INFO] base_models.logistic_regression:57 - LogisticRegression final iteration 849, max_iter=850, learning_rate = 0.00707
2025-05-27 01:44:45 [INFO] adaboost.adaboost:25 - model is <base_models.logistic_regression.LogisticRegressionModel object at 0x0000024A2249A520>
2025-05-27 01:44:45 [INFO] base_models.logistic_regression:57 - LogisticRegression final iteration 0, max_iter=850, learning_rate = 0.00707
2025-05-27 01:44:46 [INFO] base_models.logistic_regression:57 - LogisticRegression final iteration 849, max_iter=850, learning_rate = 0.00707
2025-05-27 01:44:46 [INFO] adaboost.adaboost:25 - model is <base_models.logistic_regression.LogisticRegressionModel object at 0x0000024A2249A4C0>
2025-05-27 01:44:46 [INFO] base_models.logistic_regression:57 - LogisticRegression final iteration 0, max_iter=850, learning_rate = 0.00707
2025-05-27 01:44:47 [INFO] base_models.logistic_regression:57 - LogisticRegression final iteration 849, max_iter=850, learning_rate = 0.00707
2025-05-27 01:44:47 [INFO] adaboost.adaboost:25 - model is <base_models.logistic_regression.LogisticRegressionModel object at 0x0000024A2249A460>
2025-05-27 01:44:47 [INFO] base_models.logistic_regression:57 - LogisticRegression final iteration 0, max_iter=850, learning_rate = 0.00707
2025-05-27 01:44:48 [INFO] base_models.logistic_regression:57 - LogisticRegression final iteration 849, max_iter=850, learning_rate = 0.00707
2025-05-27 01:44:48 [INFO] adaboost.adaboost:25 - model is <base_models.logistic_regression.LogisticRegressionModel object at 0x0000024A2249A400>
2025-05-27 01:44:48 [INFO] base_models.logistic_regression:57 - LogisticRegression final iteration 0, max_iter=850, learning_rate = 0.00707
2025-05-27 01:44:49 [INFO] base_models.logistic_regression:57 - LogisticRegression final iteration 849, max_iter=850, learning_rate = 0.00707
2025-05-27 01:44:49 [INFO] __main__:109 - 完成基分类器数目=100 的10折输出
2025-05-27 01:44:49 [INFO] __main__:110 - 所有折次训练完成，10折交叉验证结果已输出到 experiments/ 文件夹
