2025-06-28 09:25:31 [INFO] __main__:38 - 基分类器编号: 1
2025-06-28 09:25:31 [INFO] __main__:79 - 使用基分类器: DecisionStump 进行10折交叉验证，并输出到 experiments/ 文件夹
2025-06-28 09:25:31 [INFO] utils.data_loader:10 - load_data: 读取 data.csv 和 targets.csv, 样本数=3680, 特征数=57
2025-06-28 09:25:31 [INFO] utils.cross_validation:26 - k_fold_split: 已拆分为 10 折, each fold size~368 (最后一折=368)
2025-06-28 09:25:31 [INFO] adaboost.adaboost:25 - model is <base_models.decision_stump.DecisionStump object at 0x0000019F1AF9DCD0>
2025-06-28 09:25:31 [INFO] adaboost.adaboost:25 - model is <base_models.decision_stump.DecisionStump object at 0x0000019F7F407AF0>
2025-06-28 09:25:31 [INFO] adaboost.adaboost:25 - model is <base_models.decision_stump.DecisionStump object at 0x0000019F7F3FCF70>
2025-06-28 09:25:31 [INFO] adaboost.adaboost:25 - model is <base_models.decision_stump.DecisionStump object at 0x0000019F7F45B760>
2025-06-28 09:25:31 [INFO] adaboost.adaboost:25 - model is <base_models.decision_stump.DecisionStump object at 0x0000019F7F45B760>
2025-06-28 09:25:31 [INFO] adaboost.adaboost:25 - model is <base_models.decision_stump.DecisionStump object at 0x0000019F7F45B760>
2025-06-28 09:25:31 [INFO] adaboost.adaboost:25 - model is <base_models.decision_stump.DecisionStump object at 0x0000019F7F45B760>
2025-06-28 09:25:31 [INFO] adaboost.adaboost:25 - model is <base_models.decision_stump.DecisionStump object at 0x0000019F7F45B760>
2025-06-28 09:25:31 [INFO] adaboost.adaboost:25 - model is <base_models.decision_stump.DecisionStump object at 0x0000019F7F45B760>
2025-06-28 09:25:31 [INFO] adaboost.adaboost:25 - model is <base_models.decision_stump.DecisionStump object at 0x0000019F7F45B760>
2025-06-28 09:25:31 [INFO] __main__:116 - 完成基分类器数目=1 的10折输出
2025-06-28 09:25:31 [INFO] adaboost.adaboost:25 - model is <base_models.decision_stump.DecisionStump object at 0x0000019F70E24C70>
2025-06-28 09:25:31 [INFO] adaboost.adaboost:25 - model is <base_models.decision_stump.DecisionStump object at 0x0000019F7F407AF0>
2025-06-28 09:25:31 [INFO] adaboost.adaboost:25 - model is <base_models.decision_stump.DecisionStump object at 0x0000019F7F3FCF70>
2025-06-28 09:25:31 [INFO] adaboost.adaboost:25 - model is <base_models.decision_stump.DecisionStump object at 0x0000019F7F4503A0>
2025-06-28 09:25:31 [INFO] adaboost.adaboost:25 - model is <base_models.decision_stump.DecisionStump object at 0x0000019F7F450370>
2025-06-28 09:25:31 [INFO] adaboost.adaboost:25 - model is <base_models.decision_stump.DecisionStump object at 0x0000019F70E24C70>
2025-06-28 09:25:31 [INFO] adaboost.adaboost:25 - model is <base_models.decision_stump.DecisionStump object at 0x0000019F7F416190>
2025-06-28 09:25:31 [INFO] adaboost.adaboost:25 - model is <base_models.decision_stump.DecisionStump object at 0x0000019F7F407AF0>
2025-06-28 09:25:31 [INFO] adaboost.adaboost:25 - model is <base_models.decision_stump.DecisionStump object at 0x0000019F7F45B760>
2025-06-28 09:25:31 [INFO] adaboost.adaboost:25 - model is <base_models.decision_stump.DecisionStump object at 0x0000019F7F445AF0>
2025-06-28 09:25:31 [INFO] adaboost.adaboost:25 - model is <base_models.decision_stump.DecisionStump object at 0x0000019F70E24C70>
2025-06-28 09:25:31 [INFO] adaboost.adaboost:25 - model is <base_models.decision_stump.DecisionStump object at 0x0000019F7F416100>
2025-06-28 09:25:31 [INFO] adaboost.adaboost:25 - model is <base_models.decision_stump.DecisionStump object at 0x0000019F7F407D60>
2025-06-28 09:25:31 [INFO] adaboost.adaboost:25 - model is <base_models.decision_stump.DecisionStump object at 0x0000019F7F45B760>
2025-06-28 09:25:32 [INFO] adaboost.adaboost:25 - model is <base_models.decision_stump.DecisionStump object at 0x0000019F7F458910>
2025-06-28 09:25:32 [INFO] adaboost.adaboost:25 - model is <base_models.decision_stump.DecisionStump object at 0x0000019F70E24C70>
2025-06-28 09:25:32 [INFO] adaboost.adaboost:25 - model is <base_models.decision_stump.DecisionStump object at 0x0000019F7F416190>
2025-06-28 09:25:32 [INFO] adaboost.adaboost:25 - model is <base_models.decision_stump.DecisionStump object at 0x0000019F7F407AF0>
2025-06-28 09:25:32 [INFO] adaboost.adaboost:25 - model is <base_models.decision_stump.DecisionStump object at 0x0000019F7F45B760>
2025-06-28 09:25:32 [INFO] adaboost.adaboost:25 - model is <base_models.decision_stump.DecisionStump object at 0x0000019F7F4BC190>
2025-06-28 09:25:32 [INFO] adaboost.adaboost:25 - model is <base_models.decision_stump.DecisionStump object at 0x0000019F70E24C70>
2025-06-28 09:25:32 [INFO] adaboost.adaboost:25 - model is <base_models.decision_stump.DecisionStump object at 0x0000019F7F416100>
2025-06-28 09:25:32 [INFO] adaboost.adaboost:25 - model is <base_models.decision_stump.DecisionStump object at 0x0000019F7F407D60>
2025-06-28 09:25:32 [INFO] adaboost.adaboost:25 - model is <base_models.decision_stump.DecisionStump object at 0x0000019F7F45B760>
2025-06-28 09:25:32 [INFO] adaboost.adaboost:25 - model is <base_models.decision_stump.DecisionStump object at 0x0000019F7F45A490>
2025-06-28 09:25:32 [INFO] adaboost.adaboost:25 - model is <base_models.decision_stump.DecisionStump object at 0x0000019F70E24C70>
2025-06-28 09:25:32 [INFO] adaboost.adaboost:25 - model is <base_models.decision_stump.DecisionStump object at 0x0000019F7F416190>
2025-06-28 09:25:32 [INFO] adaboost.adaboost:25 - model is <base_models.decision_stump.DecisionStump object at 0x0000019F7F407AF0>
2025-06-28 09:25:32 [INFO] adaboost.adaboost:25 - model is <base_models.decision_stump.DecisionStump object at 0x0000019F7F45B760>
2025-06-28 09:25:32 [INFO] adaboost.adaboost:25 - model is <base_models.decision_stump.DecisionStump object at 0x0000019F1AF9DE20>
2025-06-28 09:25:32 [INFO] adaboost.adaboost:25 - model is <base_models.decision_stump.DecisionStump object at 0x0000019F70E24C70>
2025-06-28 09:25:32 [INFO] adaboost.adaboost:25 - model is <base_models.decision_stump.DecisionStump object at 0x0000019F7F416100>
2025-06-28 09:25:32 [INFO] adaboost.adaboost:25 - model is <base_models.decision_stump.DecisionStump object at 0x0000019F7F407AF0>
2025-06-28 09:25:32 [INFO] adaboost.adaboost:25 - model is <base_models.decision_stump.DecisionStump object at 0x0000019F7F45B760>
2025-06-28 09:25:32 [INFO] adaboost.adaboost:25 - model is <base_models.decision_stump.DecisionStump object at 0x0000019F7F452A30>
2025-06-28 09:25:32 [INFO] adaboost.adaboost:25 - model is <base_models.decision_stump.DecisionStump object at 0x0000019F70E24C70>
2025-06-28 09:25:32 [INFO] adaboost.adaboost:25 - model is <base_models.decision_stump.DecisionStump object at 0x0000019F7F416190>
2025-06-28 09:25:32 [INFO] adaboost.adaboost:25 - model is <base_models.decision_stump.DecisionStump object at 0x0000019F7F407D60>
2025-06-28 09:25:32 [INFO] adaboost.adaboost:25 - model is <base_models.decision_stump.DecisionStump object at 0x0000019F7F4567F0>
2025-06-28 09:25:32 [INFO] adaboost.adaboost:25 - model is <base_models.decision_stump.DecisionStump object at 0x0000019F7F456820>
2025-06-28 09:25:32 [INFO] adaboost.adaboost:25 - model is <base_models.decision_stump.DecisionStump object at 0x0000019F70E24C70>
2025-06-28 09:25:32 [INFO] adaboost.adaboost:25 - model is <base_models.decision_stump.DecisionStump object at 0x0000019F7F407D60>
2025-06-28 09:25:32 [INFO] adaboost.adaboost:25 - model is <base_models.decision_stump.DecisionStump object at 0x0000019F7F456820>
2025-06-28 09:25:32 [INFO] adaboost.adaboost:25 - model is <base_models.decision_stump.DecisionStump object at 0x0000019F7F416100>
2025-06-28 09:25:32 [INFO] adaboost.adaboost:25 - model is <base_models.decision_stump.DecisionStump object at 0x0000019F7F4567F0>
2025-06-28 09:25:32 [INFO] adaboost.adaboost:25 - model is <base_models.decision_stump.DecisionStump object at 0x0000019F70E24C70>
2025-06-28 09:25:32 [INFO] adaboost.adaboost:25 - model is <base_models.decision_stump.DecisionStump object at 0x0000019F7F416100>
2025-06-28 09:25:32 [INFO] adaboost.adaboost:25 - model is <base_models.decision_stump.DecisionStump object at 0x0000019F7F4568E0>
2025-06-28 09:25:32 [INFO] adaboost.adaboost:25 - model is <base_models.decision_stump.DecisionStump object at 0x0000019F7F416190>
2025-06-28 09:25:32 [INFO] adaboost.adaboost:25 - model is <base_models.decision_stump.DecisionStump object at 0x0000019F7F4567F0>
2025-06-28 09:25:32 [INFO] __main__:116 - 完成基分类器数目=5 的10折输出
2025-06-28 09:25:32 [INFO] adaboost.adaboost:25 - model is <base_models.decision_stump.DecisionStump object at 0x0000019F70E24C70>
2025-06-28 09:25:32 [INFO] adaboost.adaboost:25 - model is <base_models.decision_stump.DecisionStump object at 0x0000019F7F407D60>
2025-06-28 09:25:32 [INFO] adaboost.adaboost:25 - model is <base_models.decision_stump.DecisionStump object at 0x0000019F7F4567F0>
2025-06-28 09:25:32 [INFO] adaboost.adaboost:25 - model is <base_models.decision_stump.DecisionStump object at 0x0000019F7F416190>
2025-06-28 09:25:33 [INFO] adaboost.adaboost:25 - model is <base_models.decision_stump.DecisionStump object at 0x0000019F7F4568E0>
2025-06-28 09:25:33 [INFO] adaboost.adaboost:25 - model is <base_models.decision_stump.DecisionStump object at 0x0000019F7F4BC130>
2025-06-28 09:25:33 [INFO] adaboost.adaboost:25 - model is <base_models.decision_stump.DecisionStump object at 0x0000019F7F4BC250>
2025-06-28 09:25:33 [INFO] adaboost.adaboost:25 - model is <base_models.decision_stump.DecisionStump object at 0x0000019F7F4BC100>
2025-06-28 09:25:33 [INFO] adaboost.adaboost:25 - model is <base_models.decision_stump.DecisionStump object at 0x0000019F7F4BC2B0>
2025-06-28 09:25:33 [INFO] adaboost.adaboost:25 - model is <base_models.decision_stump.DecisionStump object at 0x0000019F7F4BC310>
2025-06-28 09:25:33 [INFO] adaboost.adaboost:25 - model is <base_models.decision_stump.DecisionStump object at 0x0000019F70E24C70>
2025-06-28 09:25:33 [INFO] adaboost.adaboost:25 - model is <base_models.decision_stump.DecisionStump object at 0x0000019F7F416190>
2025-06-28 09:25:33 [INFO] adaboost.adaboost:25 - model is <base_models.decision_stump.DecisionStump object at 0x0000019F7F456820>
2025-06-28 09:25:33 [INFO] adaboost.adaboost:25 - model is <base_models.decision_stump.DecisionStump object at 0x0000019F7F416FD0>
2025-06-28 09:25:33 [INFO] adaboost.adaboost:25 - model is <base_models.decision_stump.DecisionStump object at 0x0000019F7F4568E0>
2025-06-28 09:25:33 [INFO] adaboost.adaboost:25 - model is <base_models.decision_stump.DecisionStump object at 0x0000019F7F45A460>
2025-06-28 09:25:33 [INFO] adaboost.adaboost:25 - model is <base_models.decision_stump.DecisionStump object at 0x0000019F7F45A400>
2025-06-28 09:25:33 [INFO] adaboost.adaboost:25 - model is <base_models.decision_stump.DecisionStump object at 0x0000019F7F45A430>
2025-06-28 09:25:33 [INFO] adaboost.adaboost:25 - model is <base_models.decision_stump.DecisionStump object at 0x0000019F7F45A4C0>
2025-06-28 09:25:33 [INFO] adaboost.adaboost:25 - model is <base_models.decision_stump.DecisionStump object at 0x0000019F7F45A490>
2025-06-28 09:25:33 [INFO] adaboost.adaboost:25 - model is <base_models.decision_stump.DecisionStump object at 0x0000019F70E24C70>
2025-06-28 09:25:33 [INFO] adaboost.adaboost:25 - model is <base_models.decision_stump.DecisionStump object at 0x0000019F7F407D60>
2025-06-28 09:25:33 [INFO] adaboost.adaboost:25 - model is <base_models.decision_stump.DecisionStump object at 0x0000019F7F4568E0>
2025-06-28 09:25:33 [INFO] adaboost.adaboost:25 - model is <base_models.decision_stump.DecisionStump object at 0x0000019F7F416FD0>
2025-06-28 09:25:33 [INFO] adaboost.adaboost:25 - model is <base_models.decision_stump.DecisionStump object at 0x0000019F7F456820>
2025-06-28 09:25:33 [INFO] adaboost.adaboost:25 - model is <base_models.decision_stump.DecisionStump object at 0x0000019F7F45A460>
2025-06-28 09:25:33 [INFO] adaboost.adaboost:25 - model is <base_models.decision_stump.DecisionStump object at 0x0000019F7F45A4F0>
2025-06-28 09:25:33 [INFO] adaboost.adaboost:25 - model is <base_models.decision_stump.DecisionStump object at 0x0000019F7F45A2B0>
2025-06-28 09:25:33 [INFO] adaboost.adaboost:25 - model is <base_models.decision_stump.DecisionStump object at 0x0000019F7F45A3D0>
2025-06-28 09:25:33 [INFO] adaboost.adaboost:25 - model is <base_models.decision_stump.DecisionStump object at 0x0000019F7F45A250>
2025-06-28 09:25:33 [INFO] adaboost.adaboost:25 - model is <base_models.decision_stump.DecisionStump object at 0x0000019F70E24C70>
2025-06-28 09:25:33 [INFO] adaboost.adaboost:25 - model is <base_models.decision_stump.DecisionStump object at 0x0000019F7F416FD0>
2025-06-28 09:25:33 [INFO] adaboost.adaboost:25 - model is <base_models.decision_stump.DecisionStump object at 0x0000019F7F4567F0>
2025-06-28 09:25:33 [INFO] adaboost.adaboost:25 - model is <base_models.decision_stump.DecisionStump object at 0x0000019F7F416100>
2025-06-28 09:25:33 [INFO] adaboost.adaboost:25 - model is <base_models.decision_stump.DecisionStump object at 0x0000019F7F456820>
2025-06-28 09:25:33 [INFO] adaboost.adaboost:25 - model is <base_models.decision_stump.DecisionStump object at 0x0000019F7F4503D0>
2025-06-28 09:25:33 [INFO] adaboost.adaboost:25 - model is <base_models.decision_stump.DecisionStump object at 0x0000019F7F4504C0>
2025-06-28 09:25:33 [INFO] adaboost.adaboost:25 - model is <base_models.decision_stump.DecisionStump object at 0x0000019F7F450520>
2025-06-28 09:25:33 [INFO] adaboost.adaboost:25 - model is <base_models.decision_stump.DecisionStump object at 0x0000019F7F450910>
2025-06-28 09:25:33 [INFO] adaboost.adaboost:25 - model is <base_models.decision_stump.DecisionStump object at 0x0000019F7F450970>
2025-06-28 09:25:33 [INFO] adaboost.adaboost:25 - model is <base_models.decision_stump.DecisionStump object at 0x0000019F70E24C70>
2025-06-28 09:25:33 [INFO] adaboost.adaboost:25 - model is <base_models.decision_stump.DecisionStump object at 0x0000019F7F407D60>
2025-06-28 09:25:33 [INFO] adaboost.adaboost:25 - model is <base_models.decision_stump.DecisionStump object at 0x0000019F7F456820>
2025-06-28 09:25:33 [INFO] adaboost.adaboost:25 - model is <base_models.decision_stump.DecisionStump object at 0x0000019F7F416100>
2025-06-28 09:25:34 [INFO] adaboost.adaboost:25 - model is <base_models.decision_stump.DecisionStump object at 0x0000019F7F4567F0>
2025-06-28 09:25:34 [INFO] adaboost.adaboost:25 - model is <base_models.decision_stump.DecisionStump object at 0x0000019F7F445AF0>
2025-06-28 09:25:34 [INFO] adaboost.adaboost:25 - model is <base_models.decision_stump.DecisionStump object at 0x0000019F7F445C40>
2025-06-28 09:25:34 [INFO] adaboost.adaboost:25 - model is <base_models.decision_stump.DecisionStump object at 0x0000019F7F445850>
2025-06-28 09:25:34 [INFO] adaboost.adaboost:25 - model is <base_models.decision_stump.DecisionStump object at 0x0000019F7F445970>
2025-06-28 09:25:34 [INFO] adaboost.adaboost:25 - model is <base_models.decision_stump.DecisionStump object at 0x0000019F7F445B50>
2025-06-28 09:25:34 [INFO] adaboost.adaboost:25 - model is <base_models.decision_stump.DecisionStump object at 0x0000019F70E24C70>
2025-06-28 09:25:34 [INFO] adaboost.adaboost:25 - model is <base_models.decision_stump.DecisionStump object at 0x0000019F7F416100>
2025-06-28 09:25:34 [INFO] adaboost.adaboost:25 - model is <base_models.decision_stump.DecisionStump object at 0x0000019F7F4568E0>
2025-06-28 09:25:34 [INFO] adaboost.adaboost:25 - model is <base_models.decision_stump.DecisionStump object at 0x0000019F7F416190>
2025-06-28 09:25:34 [INFO] adaboost.adaboost:25 - model is <base_models.decision_stump.DecisionStump object at 0x0000019F7F4567F0>
2025-06-28 09:25:34 [INFO] adaboost.adaboost:25 - model is <base_models.decision_stump.DecisionStump object at 0x0000019F7F458910>
2025-06-28 09:25:34 [INFO] adaboost.adaboost:25 - model is <base_models.decision_stump.DecisionStump object at 0x0000019F7F458C10>
2025-06-28 09:25:34 [INFO] adaboost.adaboost:25 - model is <base_models.decision_stump.DecisionStump object at 0x0000019F7F4584C0>
2025-06-28 09:25:34 [INFO] adaboost.adaboost:25 - model is <base_models.decision_stump.DecisionStump object at 0x0000019F7F458460>
2025-06-28 09:25:34 [INFO] adaboost.adaboost:25 - model is <base_models.decision_stump.DecisionStump object at 0x0000019F7F458070>
2025-06-28 09:25:34 [INFO] adaboost.adaboost:25 - model is <base_models.decision_stump.DecisionStump object at 0x0000019F70E24C70>
2025-06-28 09:25:34 [INFO] adaboost.adaboost:25 - model is <base_models.decision_stump.DecisionStump object at 0x0000019F7F407D60>
2025-06-28 09:25:34 [INFO] adaboost.adaboost:25 - model is <base_models.decision_stump.DecisionStump object at 0x0000019F7F4567F0>
2025-06-28 09:25:34 [INFO] adaboost.adaboost:25 - model is <base_models.decision_stump.DecisionStump object at 0x0000019F7F416190>
2025-06-28 09:25:34 [INFO] adaboost.adaboost:25 - model is <base_models.decision_stump.DecisionStump object at 0x0000019F7F4568E0>
2025-06-28 09:25:34 [INFO] adaboost.adaboost:25 - model is <base_models.decision_stump.DecisionStump object at 0x0000019F7F4BC250>
2025-06-28 09:25:34 [INFO] adaboost.adaboost:25 - model is <base_models.decision_stump.DecisionStump object at 0x0000019F7F4BC220>
2025-06-28 09:25:34 [INFO] adaboost.adaboost:25 - model is <base_models.decision_stump.DecisionStump object at 0x0000019F7F4BC280>
2025-06-28 09:25:34 [INFO] adaboost.adaboost:25 - model is <base_models.decision_stump.DecisionStump object at 0x0000019F7F4BC2E0>
2025-06-28 09:25:34 [INFO] adaboost.adaboost:25 - model is <base_models.decision_stump.DecisionStump object at 0x0000019F7F4BC340>
2025-06-28 09:25:34 [INFO] adaboost.adaboost:25 - model is <base_models.decision_stump.DecisionStump object at 0x0000019F70E24C70>
2025-06-28 09:25:34 [INFO] adaboost.adaboost:25 - model is <base_models.decision_stump.DecisionStump object at 0x0000019F7F416190>
2025-06-28 09:25:34 [INFO] adaboost.adaboost:25 - model is <base_models.decision_stump.DecisionStump object at 0x0000019F7F456820>
2025-06-28 09:25:34 [INFO] adaboost.adaboost:25 - model is <base_models.decision_stump.DecisionStump object at 0x0000019F7F416FD0>
2025-06-28 09:25:34 [INFO] adaboost.adaboost:25 - model is <base_models.decision_stump.DecisionStump object at 0x0000019F7F4568E0>
2025-06-28 09:25:34 [INFO] adaboost.adaboost:25 - model is <base_models.decision_stump.DecisionStump object at 0x0000019F1AF9DEB0>
2025-06-28 09:25:34 [INFO] adaboost.adaboost:25 - model is <base_models.decision_stump.DecisionStump object at 0x0000019F1AF9DDF0>
2025-06-28 09:25:34 [INFO] adaboost.adaboost:25 - model is <base_models.decision_stump.DecisionStump object at 0x0000019F1AF9DF40>
2025-06-28 09:25:34 [INFO] adaboost.adaboost:25 - model is <base_models.decision_stump.DecisionStump object at 0x0000019F1AF9DFA0>
2025-06-28 09:25:34 [INFO] adaboost.adaboost:25 - model is <base_models.decision_stump.DecisionStump object at 0x0000019F1AF9DD00>
2025-06-28 09:25:34 [INFO] adaboost.adaboost:25 - model is <base_models.decision_stump.DecisionStump object at 0x0000019F70E24C70>
2025-06-28 09:25:34 [INFO] adaboost.adaboost:25 - model is <base_models.decision_stump.DecisionStump object at 0x0000019F7F407D60>
2025-06-28 09:25:35 [INFO] adaboost.adaboost:25 - model is <base_models.decision_stump.DecisionStump object at 0x0000019F7F4568E0>
2025-06-28 09:25:35 [INFO] adaboost.adaboost:25 - model is <base_models.decision_stump.DecisionStump object at 0x0000019F7F416FD0>
2025-06-28 09:25:35 [INFO] adaboost.adaboost:25 - model is <base_models.decision_stump.DecisionStump object at 0x0000019F7F456820>
2025-06-28 09:25:35 [INFO] adaboost.adaboost:25 - model is <base_models.decision_stump.DecisionStump object at 0x0000019F7F45A2B0>
2025-06-28 09:25:35 [INFO] adaboost.adaboost:25 - model is <base_models.decision_stump.DecisionStump object at 0x0000019F7F45A430>
2025-06-28 09:25:35 [INFO] adaboost.adaboost:25 - model is <base_models.decision_stump.DecisionStump object at 0x0000019F7F45A4C0>
2025-06-28 09:25:35 [INFO] adaboost.adaboost:25 - model is <base_models.decision_stump.DecisionStump object at 0x0000019F7F45A490>
2025-06-28 09:25:35 [INFO] adaboost.adaboost:25 - model is <base_models.decision_stump.DecisionStump object at 0x0000019F7F45A400>
2025-06-28 09:25:35 [INFO] adaboost.adaboost:25 - model is <base_models.decision_stump.DecisionStump object at 0x0000019F70E24C70>
2025-06-28 09:25:35 [INFO] adaboost.adaboost:25 - model is <base_models.decision_stump.DecisionStump object at 0x0000019F7F416FD0>
2025-06-28 09:25:35 [INFO] adaboost.adaboost:25 - model is <base_models.decision_stump.DecisionStump object at 0x0000019F7F4567F0>
2025-06-28 09:25:35 [INFO] adaboost.adaboost:25 - model is <base_models.decision_stump.DecisionStump object at 0x0000019F7F416100>
2025-06-28 09:25:35 [INFO] adaboost.adaboost:25 - model is <base_models.decision_stump.DecisionStump object at 0x0000019F7F456820>
2025-06-28 09:25:35 [INFO] adaboost.adaboost:25 - model is <base_models.decision_stump.DecisionStump object at 0x0000019F7F45A2B0>
2025-06-28 09:25:35 [INFO] adaboost.adaboost:25 - model is <base_models.decision_stump.DecisionStump object at 0x0000019F7F45A4F0>
2025-06-28 09:25:35 [INFO] adaboost.adaboost:25 - model is <base_models.decision_stump.DecisionStump object at 0x0000019F7F45A3D0>
2025-06-28 09:25:35 [INFO] adaboost.adaboost:25 - model is <base_models.decision_stump.DecisionStump object at 0x0000019F7F45A250>
2025-06-28 09:25:35 [INFO] adaboost.adaboost:25 - model is <base_models.decision_stump.DecisionStump object at 0x0000019F7F45A3A0>
2025-06-28 09:25:35 [INFO] __main__:116 - 完成基分类器数目=10 的10折输出
2025-06-28 09:25:35 [INFO] adaboost.adaboost:25 - model is <base_models.decision_stump.DecisionStump object at 0x0000019F70E24C70>
2025-06-28 09:25:35 [INFO] adaboost.adaboost:25 - model is <base_models.decision_stump.DecisionStump object at 0x0000019F7F407D60>
2025-06-28 09:25:35 [INFO] adaboost.adaboost:25 - model is <base_models.decision_stump.DecisionStump object at 0x0000019F7F456820>
2025-06-28 09:25:35 [INFO] adaboost.adaboost:25 - model is <base_models.decision_stump.DecisionStump object at 0x0000019F7F416100>
2025-06-28 09:25:35 [INFO] adaboost.adaboost:25 - model is <base_models.decision_stump.DecisionStump object at 0x0000019F7F4567F0>
2025-06-28 09:25:35 [INFO] adaboost.adaboost:25 - model is <base_models.decision_stump.DecisionStump object at 0x0000019F7F445C40>
2025-06-28 09:25:35 [INFO] adaboost.adaboost:25 - model is <base_models.decision_stump.DecisionStump object at 0x0000019F7F445730>
2025-06-28 09:25:35 [INFO] adaboost.adaboost:25 - model is <base_models.decision_stump.DecisionStump object at 0x0000019F7F445880>
2025-06-28 09:25:35 [INFO] adaboost.adaboost:25 - model is <base_models.decision_stump.DecisionStump object at 0x0000019F7F4459A0>
2025-06-28 09:25:35 [INFO] adaboost.adaboost:25 - model is <base_models.decision_stump.DecisionStump object at 0x0000019F7F445B80>
2025-06-28 09:25:35 [INFO] adaboost.adaboost:25 - model is <base_models.decision_stump.DecisionStump object at 0x0000019F7F445F10>
2025-06-28 09:25:35 [INFO] adaboost.adaboost:25 - model is <base_models.decision_stump.DecisionStump object at 0x0000019F7F445F70>
2025-06-28 09:25:35 [INFO] adaboost.adaboost:25 - model is <base_models.decision_stump.DecisionStump object at 0x0000019F7F445FD0>
2025-06-28 09:25:35 [INFO] adaboost.adaboost:25 - model is <base_models.decision_stump.DecisionStump object at 0x0000019F7F445EB0>
2025-06-28 09:25:35 [INFO] adaboost.adaboost:25 - model is <base_models.decision_stump.DecisionStump object at 0x0000019F7F445E50>
2025-06-28 09:25:35 [INFO] adaboost.adaboost:25 - model is <base_models.decision_stump.DecisionStump object at 0x0000019F7F445DF0>
2025-06-28 09:25:35 [INFO] adaboost.adaboost:25 - model is <base_models.decision_stump.DecisionStump object at 0x0000019F7F445D90>
2025-06-28 09:25:35 [INFO] adaboost.adaboost:25 - model is <base_models.decision_stump.DecisionStump object at 0x0000019F7F445D30>
2025-06-28 09:25:35 [INFO] adaboost.adaboost:25 - model is <base_models.decision_stump.DecisionStump object at 0x0000019F7F445A00>
2025-06-28 09:25:35 [INFO] adaboost.adaboost:25 - model is <base_models.decision_stump.DecisionStump object at 0x0000019F7F445940>
2025-06-28 09:25:35 [INFO] adaboost.adaboost:25 - model is <base_models.decision_stump.DecisionStump object at 0x0000019F7F4458E0>
2025-06-28 09:25:35 [INFO] adaboost.adaboost:25 - model is <base_models.decision_stump.DecisionStump object at 0x0000019F7F445820>
2025-06-28 09:25:36 [INFO] adaboost.adaboost:25 - model is <base_models.decision_stump.DecisionStump object at 0x0000019F7F4454F0>
2025-06-28 09:25:36 [INFO] adaboost.adaboost:25 - model is <base_models.decision_stump.DecisionStump object at 0x0000019F7F445AC0>
2025-06-28 09:25:36 [INFO] adaboost.adaboost:25 - model is <base_models.decision_stump.DecisionStump object at 0x0000019F7F445C70>
2025-06-28 09:25:36 [INFO] adaboost.adaboost:25 - model is <base_models.decision_stump.DecisionStump object at 0x0000019F7F445C10>
2025-06-28 09:25:36 [INFO] adaboost.adaboost:25 - model is <base_models.decision_stump.DecisionStump object at 0x0000019F7F445BB0>
2025-06-28 09:25:36 [INFO] adaboost.adaboost:25 - model is <base_models.decision_stump.DecisionStump object at 0x0000019F7F445CD0>
2025-06-28 09:25:36 [INFO] adaboost.adaboost:25 - model is <base_models.decision_stump.DecisionStump object at 0x0000019F7F458880>
2025-06-28 09:25:36 [INFO] adaboost.adaboost:25 - model is <base_models.decision_stump.DecisionStump object at 0x0000019F7F458C10>
2025-06-28 09:25:36 [INFO] adaboost.adaboost:25 - model is <base_models.decision_stump.DecisionStump object at 0x0000019F7F4584C0>
2025-06-28 09:25:36 [INFO] adaboost.adaboost:25 - model is <base_models.decision_stump.DecisionStump object at 0x0000019F7F458460>
2025-06-28 09:25:36 [INFO] adaboost.adaboost:25 - model is <base_models.decision_stump.DecisionStump object at 0x0000019F7F458070>
2025-06-28 09:25:36 [INFO] adaboost.adaboost:25 - model is <base_models.decision_stump.DecisionStump object at 0x0000019F7F458160>
2025-06-28 09:25:36 [INFO] adaboost.adaboost:25 - model is <base_models.decision_stump.DecisionStump object at 0x0000019F7F458550>
2025-06-28 09:25:36 [INFO] adaboost.adaboost:25 - model is <base_models.decision_stump.DecisionStump object at 0x0000019F7F4581C0>
2025-06-28 09:25:36 [INFO] adaboost.adaboost:25 - model is <base_models.decision_stump.DecisionStump object at 0x0000019F7F458220>
2025-06-28 09:25:36 [INFO] adaboost.adaboost:25 - model is <base_models.decision_stump.DecisionStump object at 0x0000019F7F458280>
2025-06-28 09:25:36 [INFO] adaboost.adaboost:25 - model is <base_models.decision_stump.DecisionStump object at 0x0000019F7F4582E0>
2025-06-28 09:25:36 [INFO] adaboost.adaboost:25 - model is <base_models.decision_stump.DecisionStump object at 0x0000019F7F458340>
2025-06-28 09:25:36 [INFO] adaboost.adaboost:25 - model is <base_models.decision_stump.DecisionStump object at 0x0000019F7F4583A0>
2025-06-28 09:25:36 [INFO] adaboost.adaboost:25 - model is <base_models.decision_stump.DecisionStump object at 0x0000019F7F458400>
2025-06-28 09:25:36 [INFO] adaboost.adaboost:25 - model is <base_models.decision_stump.DecisionStump object at 0x0000019F7F458580>
2025-06-28 09:25:36 [INFO] adaboost.adaboost:25 - model is <base_models.decision_stump.DecisionStump object at 0x0000019F7F4585E0>
2025-06-28 09:25:36 [INFO] adaboost.adaboost:25 - model is <base_models.decision_stump.DecisionStump object at 0x0000019F7F458640>
2025-06-28 09:25:36 [INFO] adaboost.adaboost:25 - model is <base_models.decision_stump.DecisionStump object at 0x0000019F7F4586A0>
2025-06-28 09:25:36 [INFO] adaboost.adaboost:25 - model is <base_models.decision_stump.DecisionStump object at 0x0000019F7F458700>
2025-06-28 09:25:36 [INFO] adaboost.adaboost:25 - model is <base_models.decision_stump.DecisionStump object at 0x0000019F7F458760>
2025-06-28 09:25:36 [INFO] adaboost.adaboost:25 - model is <base_models.decision_stump.DecisionStump object at 0x0000019F7F4587C0>
2025-06-28 09:25:36 [INFO] adaboost.adaboost:25 - model is <base_models.decision_stump.DecisionStump object at 0x0000019F7F458820>
2025-06-28 09:25:36 [INFO] adaboost.adaboost:25 - model is <base_models.decision_stump.DecisionStump object at 0x0000019F7F458940>
2025-06-28 09:25:36 [INFO] adaboost.adaboost:25 - model is <base_models.decision_stump.DecisionStump object at 0x0000019F7F4589A0>
2025-06-28 09:25:36 [INFO] adaboost.adaboost:25 - model is <base_models.decision_stump.DecisionStump object at 0x0000019F7F458A00>
2025-06-28 09:25:36 [INFO] adaboost.adaboost:25 - model is <base_models.decision_stump.DecisionStump object at 0x0000019F7F458A60>
2025-06-28 09:25:36 [INFO] adaboost.adaboost:25 - model is <base_models.decision_stump.DecisionStump object at 0x0000019F7F458B20>
2025-06-28 09:25:36 [INFO] adaboost.adaboost:25 - model is <base_models.decision_stump.DecisionStump object at 0x0000019F7F458B80>
2025-06-28 09:25:36 [INFO] adaboost.adaboost:25 - model is <base_models.decision_stump.DecisionStump object at 0x0000019F7F458CA0>
2025-06-28 09:25:37 [INFO] adaboost.adaboost:25 - model is <base_models.decision_stump.DecisionStump object at 0x0000019F7F458EE0>
2025-06-28 09:25:37 [INFO] adaboost.adaboost:25 - model is <base_models.decision_stump.DecisionStump object at 0x0000019F7F458C40>
2025-06-28 09:25:37 [INFO] adaboost.adaboost:25 - model is <base_models.decision_stump.DecisionStump object at 0x0000019F7F4588E0>
2025-06-28 09:25:37 [INFO] adaboost.adaboost:25 - model is <base_models.decision_stump.DecisionStump object at 0x0000019F7F458AF0>
2025-06-28 09:25:37 [INFO] adaboost.adaboost:25 - model is <base_models.decision_stump.DecisionStump object at 0x0000019F7F4580D0>
2025-06-28 09:25:37 [INFO] adaboost.adaboost:25 - model is <base_models.decision_stump.DecisionStump object at 0x0000019F7F458910>
2025-06-28 09:25:37 [INFO] adaboost.adaboost:25 - model is <base_models.decision_stump.DecisionStump object at 0x0000019F7F4BC130>
2025-06-28 09:25:37 [INFO] adaboost.adaboost:25 - model is <base_models.decision_stump.DecisionStump object at 0x0000019F7F4BC220>
2025-06-28 09:25:37 [INFO] adaboost.adaboost:25 - model is <base_models.decision_stump.DecisionStump object at 0x0000019F7F4BC280>
2025-06-28 09:25:37 [INFO] adaboost.adaboost:25 - model is <base_models.decision_stump.DecisionStump object at 0x0000019F7F4BC2E0>
2025-06-28 09:25:37 [INFO] adaboost.adaboost:25 - model is <base_models.decision_stump.DecisionStump object at 0x0000019F7F4BC340>
2025-06-28 09:25:37 [INFO] adaboost.adaboost:25 - model is <base_models.decision_stump.DecisionStump object at 0x0000019F7F4BC460>
2025-06-28 09:25:37 [INFO] adaboost.adaboost:25 - model is <base_models.decision_stump.DecisionStump object at 0x0000019F7F4BC160>
2025-06-28 09:25:37 [INFO] adaboost.adaboost:25 - model is <base_models.decision_stump.DecisionStump object at 0x0000019F7F4BC4C0>
2025-06-28 09:25:37 [INFO] adaboost.adaboost:25 - model is <base_models.decision_stump.DecisionStump object at 0x0000019F7F4BC520>
2025-06-28 09:25:37 [INFO] adaboost.adaboost:25 - model is <base_models.decision_stump.DecisionStump object at 0x0000019F7F4BC580>
2025-06-28 09:25:37 [INFO] adaboost.adaboost:25 - model is <base_models.decision_stump.DecisionStump object at 0x0000019F7F4BC5E0>
2025-06-28 09:25:37 [INFO] adaboost.adaboost:25 - model is <base_models.decision_stump.DecisionStump object at 0x0000019F7F4BC640>
2025-06-28 09:25:37 [INFO] adaboost.adaboost:25 - model is <base_models.decision_stump.DecisionStump object at 0x0000019F7F4BC6A0>
2025-06-28 09:25:37 [INFO] adaboost.adaboost:25 - model is <base_models.decision_stump.DecisionStump object at 0x0000019F7F4BC700>
2025-06-28 09:25:37 [INFO] adaboost.adaboost:25 - model is <base_models.decision_stump.DecisionStump object at 0x0000019F7F4BC760>
2025-06-28 09:25:37 [INFO] adaboost.adaboost:25 - model is <base_models.decision_stump.DecisionStump object at 0x0000019F7F4BC7C0>
2025-06-28 09:25:37 [INFO] adaboost.adaboost:25 - model is <base_models.decision_stump.DecisionStump object at 0x0000019F7F4BC820>
2025-06-28 09:25:37 [INFO] adaboost.adaboost:25 - model is <base_models.decision_stump.DecisionStump object at 0x0000019F7F4BC880>
2025-06-28 09:25:37 [INFO] adaboost.adaboost:25 - model is <base_models.decision_stump.DecisionStump object at 0x0000019F7F4BC8E0>
2025-06-28 09:25:37 [INFO] adaboost.adaboost:25 - model is <base_models.decision_stump.DecisionStump object at 0x0000019F7F4BC940>
2025-06-28 09:25:37 [INFO] adaboost.adaboost:25 - model is <base_models.decision_stump.DecisionStump object at 0x0000019F7F4BC9A0>
2025-06-28 09:25:37 [INFO] adaboost.adaboost:25 - model is <base_models.decision_stump.DecisionStump object at 0x0000019F7F4BCA00>
2025-06-28 09:25:37 [INFO] adaboost.adaboost:25 - model is <base_models.decision_stump.DecisionStump object at 0x0000019F7F4BCA60>
2025-06-28 09:25:37 [INFO] adaboost.adaboost:25 - model is <base_models.decision_stump.DecisionStump object at 0x0000019F7F4BCAC0>
2025-06-28 09:25:37 [INFO] adaboost.adaboost:25 - model is <base_models.decision_stump.DecisionStump object at 0x0000019F7F4BCB20>
2025-06-28 09:25:37 [INFO] adaboost.adaboost:25 - model is <base_models.decision_stump.DecisionStump object at 0x0000019F7F4BCB80>
2025-06-28 09:25:37 [INFO] adaboost.adaboost:25 - model is <base_models.decision_stump.DecisionStump object at 0x0000019F7F4BCBE0>
2025-06-28 09:25:37 [INFO] adaboost.adaboost:25 - model is <base_models.decision_stump.DecisionStump object at 0x0000019F7F4BCC40>
2025-06-28 09:25:37 [INFO] adaboost.adaboost:25 - model is <base_models.decision_stump.DecisionStump object at 0x0000019F7F4BCCA0>
2025-06-28 09:25:37 [INFO] adaboost.adaboost:25 - model is <base_models.decision_stump.DecisionStump object at 0x0000019F7F4BCD00>
2025-06-28 09:25:37 [INFO] adaboost.adaboost:25 - model is <base_models.decision_stump.DecisionStump object at 0x0000019F7F4BCD60>
2025-06-28 09:25:37 [INFO] adaboost.adaboost:25 - model is <base_models.decision_stump.DecisionStump object at 0x0000019F7F4BCDC0>
2025-06-28 09:25:37 [INFO] adaboost.adaboost:25 - model is <base_models.decision_stump.DecisionStump object at 0x0000019F7F4BCE20>
2025-06-28 09:25:38 [INFO] adaboost.adaboost:25 - model is <base_models.decision_stump.DecisionStump object at 0x0000019F7F4BCE80>
2025-06-28 09:25:38 [INFO] adaboost.adaboost:25 - model is <base_models.decision_stump.DecisionStump object at 0x0000019F7F4BCEE0>
2025-06-28 09:25:38 [INFO] adaboost.adaboost:25 - model is <base_models.decision_stump.DecisionStump object at 0x0000019F7F4BCF40>
2025-06-28 09:25:38 [INFO] adaboost.adaboost:25 - model is <base_models.decision_stump.DecisionStump object at 0x0000019F7F4BCFA0>
2025-06-28 09:25:38 [INFO] adaboost.adaboost:25 - model is <base_models.decision_stump.DecisionStump object at 0x0000019F70E24C70>
2025-06-28 09:25:38 [INFO] adaboost.adaboost:25 - model is <base_models.decision_stump.DecisionStump object at 0x0000019F7F416100>
2025-06-28 09:25:38 [INFO] adaboost.adaboost:25 - model is <base_models.decision_stump.DecisionStump object at 0x0000019F7F4568E0>
2025-06-28 09:25:38 [INFO] adaboost.adaboost:25 - model is <base_models.decision_stump.DecisionStump object at 0x0000019F7F416190>
2025-06-28 09:25:38 [INFO] adaboost.adaboost:25 - model is <base_models.decision_stump.DecisionStump object at 0x0000019F7F4567F0>
2025-06-28 09:25:38 [INFO] adaboost.adaboost:25 - model is <base_models.decision_stump.DecisionStump object at 0x0000019F7F445C40>
2025-06-28 09:25:38 [INFO] adaboost.adaboost:25 - model is <base_models.decision_stump.DecisionStump object at 0x0000019F7F445AF0>
2025-06-28 09:25:38 [INFO] adaboost.adaboost:25 - model is <base_models.decision_stump.DecisionStump object at 0x0000019F7F445850>
2025-06-28 09:25:38 [INFO] adaboost.adaboost:25 - model is <base_models.decision_stump.DecisionStump object at 0x0000019F7F445970>
2025-06-28 09:25:38 [INFO] adaboost.adaboost:25 - model is <base_models.decision_stump.DecisionStump object at 0x0000019F7F445B50>
2025-06-28 09:25:38 [INFO] adaboost.adaboost:25 - model is <base_models.decision_stump.DecisionStump object at 0x0000019F7F445F40>
2025-06-28 09:25:38 [INFO] adaboost.adaboost:25 - model is <base_models.decision_stump.DecisionStump object at 0x0000019F7F445550>
2025-06-28 09:25:38 [INFO] adaboost.adaboost:25 - model is <base_models.decision_stump.DecisionStump object at 0x0000019F7F445FA0>
2025-06-28 09:25:38 [INFO] adaboost.adaboost:25 - model is <base_models.decision_stump.DecisionStump object at 0x0000019F7F445EE0>
2025-06-28 09:25:38 [INFO] adaboost.adaboost:25 - model is <base_models.decision_stump.DecisionStump object at 0x0000019F7F445E80>
2025-06-28 09:25:38 [INFO] adaboost.adaboost:25 - model is <base_models.decision_stump.DecisionStump object at 0x0000019F7F445E20>
2025-06-28 09:25:38 [INFO] adaboost.adaboost:25 - model is <base_models.decision_stump.DecisionStump object at 0x0000019F7F445DC0>
2025-06-28 09:25:38 [INFO] adaboost.adaboost:25 - model is <base_models.decision_stump.DecisionStump object at 0x0000019F7F445D60>
2025-06-28 09:25:38 [INFO] adaboost.adaboost:25 - model is <base_models.decision_stump.DecisionStump object at 0x0000019F7F445D00>
2025-06-28 09:25:38 [INFO] adaboost.adaboost:25 - model is <base_models.decision_stump.DecisionStump object at 0x0000019F7F4459D0>
2025-06-28 09:25:38 [INFO] adaboost.adaboost:25 - model is <base_models.decision_stump.DecisionStump object at 0x0000019F7F445910>
2025-06-28 09:25:38 [INFO] adaboost.adaboost:25 - model is <base_models.decision_stump.DecisionStump object at 0x0000019F7F4458B0>
2025-06-28 09:25:38 [INFO] adaboost.adaboost:25 - model is <base_models.decision_stump.DecisionStump object at 0x0000019F7F4457F0>
2025-06-28 09:25:38 [INFO] adaboost.adaboost:25 - model is <base_models.decision_stump.DecisionStump object at 0x0000019F7F445700>
2025-06-28 09:25:38 [INFO] adaboost.adaboost:25 - model is <base_models.decision_stump.DecisionStump object at 0x0000019F7F445A90>
2025-06-28 09:25:38 [INFO] adaboost.adaboost:25 - model is <base_models.decision_stump.DecisionStump object at 0x0000019F7F445CA0>
2025-06-28 09:25:38 [INFO] adaboost.adaboost:25 - model is <base_models.decision_stump.DecisionStump object at 0x0000019F7F445B20>
2025-06-28 09:25:38 [INFO] adaboost.adaboost:25 - model is <base_models.decision_stump.DecisionStump object at 0x0000019F7F445BE0>
2025-06-28 09:25:38 [INFO] adaboost.adaboost:25 - model is <base_models.decision_stump.DecisionStump object at 0x0000019F7F445A60>
2025-06-28 09:25:38 [INFO] adaboost.adaboost:25 - model is <base_models.decision_stump.DecisionStump object at 0x0000019F7F458C10>
2025-06-28 09:25:39 [INFO] adaboost.adaboost:25 - model is <base_models.decision_stump.DecisionStump object at 0x0000019F7F458520>
2025-06-28 09:25:39 [INFO] adaboost.adaboost:25 - model is <base_models.decision_stump.DecisionStump object at 0x0000019F7F458490>
2025-06-28 09:25:39 [INFO] adaboost.adaboost:25 - model is <base_models.decision_stump.DecisionStump object at 0x0000019F7F458040>
2025-06-28 09:25:39 [INFO] adaboost.adaboost:25 - model is <base_models.decision_stump.DecisionStump object at 0x0000019F7F4580A0>
2025-06-28 09:25:39 [INFO] adaboost.adaboost:25 - model is <base_models.decision_stump.DecisionStump object at 0x0000019F7F458130>
2025-06-28 09:25:39 [INFO] adaboost.adaboost:25 - model is <base_models.decision_stump.DecisionStump object at 0x0000019F7F458190>
2025-06-28 09:25:39 [INFO] adaboost.adaboost:25 - model is <base_models.decision_stump.DecisionStump object at 0x0000019F7F4581F0>
2025-06-28 09:25:39 [INFO] adaboost.adaboost:25 - model is <base_models.decision_stump.DecisionStump object at 0x0000019F7F458250>
2025-06-28 09:25:39 [INFO] adaboost.adaboost:25 - model is <base_models.decision_stump.DecisionStump object at 0x0000019F7F4582B0>
2025-06-28 09:25:39 [INFO] adaboost.adaboost:25 - model is <base_models.decision_stump.DecisionStump object at 0x0000019F7F458310>
2025-06-28 09:25:39 [INFO] adaboost.adaboost:25 - model is <base_models.decision_stump.DecisionStump object at 0x0000019F7F458370>
2025-06-28 09:25:39 [INFO] adaboost.adaboost:25 - model is <base_models.decision_stump.DecisionStump object at 0x0000019F7F4583D0>
2025-06-28 09:25:39 [INFO] adaboost.adaboost:25 - model is <base_models.decision_stump.DecisionStump object at 0x0000019F7F458430>
2025-06-28 09:25:39 [INFO] adaboost.adaboost:25 - model is <base_models.decision_stump.DecisionStump object at 0x0000019F7F4585B0>
2025-06-28 09:25:39 [INFO] adaboost.adaboost:25 - model is <base_models.decision_stump.DecisionStump object at 0x0000019F7F458610>
2025-06-28 09:25:39 [INFO] adaboost.adaboost:25 - model is <base_models.decision_stump.DecisionStump object at 0x0000019F7F458670>
2025-06-28 09:25:39 [INFO] adaboost.adaboost:25 - model is <base_models.decision_stump.DecisionStump object at 0x0000019F7F4586D0>
2025-06-28 09:25:39 [INFO] adaboost.adaboost:25 - model is <base_models.decision_stump.DecisionStump object at 0x0000019F7F458730>
2025-06-28 09:25:39 [INFO] adaboost.adaboost:25 - model is <base_models.decision_stump.DecisionStump object at 0x0000019F7F458790>
2025-06-28 09:25:39 [INFO] adaboost.adaboost:25 - model is <base_models.decision_stump.DecisionStump object at 0x0000019F7F4587F0>
2025-06-28 09:25:39 [INFO] adaboost.adaboost:25 - model is <base_models.decision_stump.DecisionStump object at 0x0000019F7F458850>
2025-06-28 09:25:39 [INFO] adaboost.adaboost:25 - model is <base_models.decision_stump.DecisionStump object at 0x0000019F7F458970>
2025-06-28 09:25:39 [INFO] adaboost.adaboost:25 - model is <base_models.decision_stump.DecisionStump object at 0x0000019F7F4589D0>
2025-06-28 09:25:39 [INFO] adaboost.adaboost:25 - model is <base_models.decision_stump.DecisionStump object at 0x0000019F7F458A30>
2025-06-28 09:25:39 [INFO] adaboost.adaboost:25 - model is <base_models.decision_stump.DecisionStump object at 0x0000019F7F458A90>
2025-06-28 09:25:39 [INFO] adaboost.adaboost:25 - model is <base_models.decision_stump.DecisionStump object at 0x0000019F7F458B50>
2025-06-28 09:25:39 [INFO] adaboost.adaboost:25 - model is <base_models.decision_stump.DecisionStump object at 0x0000019F7F458BE0>
2025-06-28 09:25:39 [INFO] adaboost.adaboost:25 - model is <base_models.decision_stump.DecisionStump object at 0x0000019F7F458CD0>
2025-06-28 09:25:39 [INFO] adaboost.adaboost:25 - model is <base_models.decision_stump.DecisionStump object at 0x0000019F7F458F40>
2025-06-28 09:25:39 [INFO] adaboost.adaboost:25 - model is <base_models.decision_stump.DecisionStump object at 0x0000019F7F458D90>
2025-06-28 09:25:39 [INFO] adaboost.adaboost:25 - model is <base_models.decision_stump.DecisionStump object at 0x0000019F7F4588B0>
2025-06-28 09:25:39 [INFO] adaboost.adaboost:25 - model is <base_models.decision_stump.DecisionStump object at 0x0000019F7F458AC0>
2025-06-28 09:25:39 [INFO] adaboost.adaboost:25 - model is <base_models.decision_stump.DecisionStump object at 0x0000019F7F458100>
2025-06-28 09:25:39 [INFO] adaboost.adaboost:25 - model is <base_models.decision_stump.DecisionStump object at 0x0000019F7F458EB0>
2025-06-28 09:25:39 [INFO] adaboost.adaboost:25 - model is <base_models.decision_stump.DecisionStump object at 0x0000019F1AF9DF10>
2025-06-28 09:25:39 [INFO] adaboost.adaboost:25 - model is <base_models.decision_stump.DecisionStump object at 0x0000019F1AF9DF40>
2025-06-28 09:25:39 [INFO] adaboost.adaboost:25 - model is <base_models.decision_stump.DecisionStump object at 0x0000019F1AF9DFA0>
2025-06-28 09:25:39 [INFO] adaboost.adaboost:25 - model is <base_models.decision_stump.DecisionStump object at 0x0000019F1AF9DD00>
2025-06-28 09:25:40 [INFO] adaboost.adaboost:25 - model is <base_models.decision_stump.DecisionStump object at 0x0000019F1AF9DE80>
2025-06-28 09:25:40 [INFO] adaboost.adaboost:25 - model is <base_models.decision_stump.DecisionStump object at 0x0000019F1AF9DD90>
2025-06-28 09:25:40 [INFO] adaboost.adaboost:25 - model is <base_models.decision_stump.DecisionStump object at 0x0000019F1AF9DDF0>
2025-06-28 09:25:40 [INFO] adaboost.adaboost:25 - model is <base_models.decision_stump.DecisionStump object at 0x0000019F1AF9DCA0>
2025-06-28 09:25:40 [INFO] adaboost.adaboost:25 - model is <base_models.decision_stump.DecisionStump object at 0x0000019F7F452A00>
2025-06-28 09:25:40 [INFO] adaboost.adaboost:25 - model is <base_models.decision_stump.DecisionStump object at 0x0000019F7F452AC0>
2025-06-28 09:25:40 [INFO] adaboost.adaboost:25 - model is <base_models.decision_stump.DecisionStump object at 0x0000019F7F452FA0>
2025-06-28 09:25:40 [INFO] adaboost.adaboost:25 - model is <base_models.decision_stump.DecisionStump object at 0x0000019F7F452F40>
2025-06-28 09:25:40 [INFO] adaboost.adaboost:25 - model is <base_models.decision_stump.DecisionStump object at 0x0000019F7F452EE0>
2025-06-28 09:25:40 [INFO] adaboost.adaboost:25 - model is <base_models.decision_stump.DecisionStump object at 0x0000019F7F452E80>
2025-06-28 09:25:40 [INFO] adaboost.adaboost:25 - model is <base_models.decision_stump.DecisionStump object at 0x0000019F7F452E20>
2025-06-28 09:25:40 [INFO] adaboost.adaboost:25 - model is <base_models.decision_stump.DecisionStump object at 0x0000019F7F452DC0>
2025-06-28 09:25:40 [INFO] adaboost.adaboost:25 - model is <base_models.decision_stump.DecisionStump object at 0x0000019F7F452D60>
2025-06-28 09:25:40 [INFO] adaboost.adaboost:25 - model is <base_models.decision_stump.DecisionStump object at 0x0000019F7F452D00>
2025-06-28 09:25:40 [INFO] adaboost.adaboost:25 - model is <base_models.decision_stump.DecisionStump object at 0x0000019F7F452CA0>
2025-06-28 09:25:40 [INFO] adaboost.adaboost:25 - model is <base_models.decision_stump.DecisionStump object at 0x0000019F7F452C40>
2025-06-28 09:25:40 [INFO] adaboost.adaboost:25 - model is <base_models.decision_stump.DecisionStump object at 0x0000019F7F452BE0>
2025-06-28 09:25:40 [INFO] adaboost.adaboost:25 - model is <base_models.decision_stump.DecisionStump object at 0x0000019F7F452B80>
2025-06-28 09:25:40 [INFO] adaboost.adaboost:25 - model is <base_models.decision_stump.DecisionStump object at 0x0000019F7F452130>
2025-06-28 09:25:40 [INFO] adaboost.adaboost:25 - model is <base_models.decision_stump.DecisionStump object at 0x0000019F7F4520D0>
2025-06-28 09:25:40 [INFO] adaboost.adaboost:25 - model is <base_models.decision_stump.DecisionStump object at 0x0000019F7F452070>
2025-06-28 09:25:40 [INFO] adaboost.adaboost:25 - model is <base_models.decision_stump.DecisionStump object at 0x0000019F7F452700>
2025-06-28 09:25:40 [INFO] adaboost.adaboost:25 - model is <base_models.decision_stump.DecisionStump object at 0x0000019F7F4526A0>
2025-06-28 09:25:40 [INFO] adaboost.adaboost:25 - model is <base_models.decision_stump.DecisionStump object at 0x0000019F7F452640>
2025-06-28 09:25:40 [INFO] adaboost.adaboost:25 - model is <base_models.decision_stump.DecisionStump object at 0x0000019F7F4525E0>
2025-06-28 09:25:40 [INFO] adaboost.adaboost:25 - model is <base_models.decision_stump.DecisionStump object at 0x0000019F7F452580>
2025-06-28 09:25:40 [INFO] adaboost.adaboost:25 - model is <base_models.decision_stump.DecisionStump object at 0x0000019F7F452520>
2025-06-28 09:25:40 [INFO] adaboost.adaboost:25 - model is <base_models.decision_stump.DecisionStump object at 0x0000019F7F4528E0>
2025-06-28 09:25:40 [INFO] adaboost.adaboost:25 - model is <base_models.decision_stump.DecisionStump object at 0x0000019F7F452940>
2025-06-28 09:25:40 [INFO] adaboost.adaboost:25 - model is <base_models.decision_stump.DecisionStump object at 0x0000019F7F452A90>
2025-06-28 09:25:40 [INFO] adaboost.adaboost:25 - model is <base_models.decision_stump.DecisionStump object at 0x0000019F7F452B20>
2025-06-28 09:25:40 [INFO] adaboost.adaboost:25 - model is <base_models.decision_stump.DecisionStump object at 0x0000019F7F452B50>
2025-06-28 09:25:40 [INFO] adaboost.adaboost:25 - model is <base_models.decision_stump.DecisionStump object at 0x0000019F70E24C70>
2025-06-28 09:25:40 [INFO] adaboost.adaboost:25 - model is <base_models.decision_stump.DecisionStump object at 0x0000019F7F407D60>
2025-06-28 09:25:40 [INFO] adaboost.adaboost:25 - model is <base_models.decision_stump.DecisionStump object at 0x0000019F7F4567F0>
2025-06-28 09:25:40 [INFO] adaboost.adaboost:25 - model is <base_models.decision_stump.DecisionStump object at 0x0000019F7F416190>
2025-06-28 09:25:40 [INFO] adaboost.adaboost:25 - model is <base_models.decision_stump.DecisionStump object at 0x0000019F7F4568E0>
2025-06-28 09:25:40 [INFO] adaboost.adaboost:25 - model is <base_models.decision_stump.DecisionStump object at 0x0000019F7F445AF0>
2025-06-28 09:25:40 [INFO] adaboost.adaboost:25 - model is <base_models.decision_stump.DecisionStump object at 0x0000019F7F445730>
2025-06-28 09:25:41 [INFO] adaboost.adaboost:25 - model is <base_models.decision_stump.DecisionStump object at 0x0000019F7F445880>
2025-06-28 09:25:41 [INFO] adaboost.adaboost:25 - model is <base_models.decision_stump.DecisionStump object at 0x0000019F7F4459A0>
2025-06-28 09:25:41 [INFO] adaboost.adaboost:25 - model is <base_models.decision_stump.DecisionStump object at 0x0000019F7F445B80>
2025-06-28 09:25:41 [INFO] adaboost.adaboost:25 - model is <base_models.decision_stump.DecisionStump object at 0x0000019F7F445F10>
2025-06-28 09:25:41 [INFO] adaboost.adaboost:25 - model is <base_models.decision_stump.DecisionStump object at 0x0000019F7F445F70>
2025-06-28 09:25:41 [INFO] adaboost.adaboost:25 - model is <base_models.decision_stump.DecisionStump object at 0x0000019F7F445FD0>
2025-06-28 09:25:41 [INFO] adaboost.adaboost:25 - model is <base_models.decision_stump.DecisionStump object at 0x0000019F7F445EB0>
2025-06-28 09:25:41 [INFO] adaboost.adaboost:25 - model is <base_models.decision_stump.DecisionStump object at 0x0000019F7F445E50>
2025-06-28 09:25:41 [INFO] adaboost.adaboost:25 - model is <base_models.decision_stump.DecisionStump object at 0x0000019F7F445DF0>
2025-06-28 09:25:41 [INFO] adaboost.adaboost:25 - model is <base_models.decision_stump.DecisionStump object at 0x0000019F7F445D90>
2025-06-28 09:25:41 [INFO] adaboost.adaboost:25 - model is <base_models.decision_stump.DecisionStump object at 0x0000019F7F445D30>
2025-06-28 09:25:41 [INFO] adaboost.adaboost:25 - model is <base_models.decision_stump.DecisionStump object at 0x0000019F7F445A00>
2025-06-28 09:25:41 [INFO] adaboost.adaboost:25 - model is <base_models.decision_stump.DecisionStump object at 0x0000019F7F445940>
2025-06-28 09:25:41 [INFO] adaboost.adaboost:25 - model is <base_models.decision_stump.DecisionStump object at 0x0000019F7F4458E0>
2025-06-28 09:25:41 [INFO] adaboost.adaboost:25 - model is <base_models.decision_stump.DecisionStump object at 0x0000019F7F445820>
2025-06-28 09:25:41 [INFO] adaboost.adaboost:25 - model is <base_models.decision_stump.DecisionStump object at 0x0000019F7F4454F0>
2025-06-28 09:25:41 [INFO] adaboost.adaboost:25 - model is <base_models.decision_stump.DecisionStump object at 0x0000019F7F445AC0>
2025-06-28 09:25:41 [INFO] adaboost.adaboost:25 - model is <base_models.decision_stump.DecisionStump object at 0x0000019F7F445C70>
2025-06-28 09:25:41 [INFO] adaboost.adaboost:25 - model is <base_models.decision_stump.DecisionStump object at 0x0000019F7F445C10>
2025-06-28 09:25:41 [INFO] adaboost.adaboost:25 - model is <base_models.decision_stump.DecisionStump object at 0x0000019F7F445BB0>
2025-06-28 09:25:41 [INFO] adaboost.adaboost:25 - model is <base_models.decision_stump.DecisionStump object at 0x0000019F7F445CD0>
2025-06-28 09:25:41 [INFO] adaboost.adaboost:25 - model is <base_models.decision_stump.DecisionStump object at 0x0000019F7F445A30>
2025-06-28 09:25:41 [INFO] adaboost.adaboost:25 - model is <base_models.decision_stump.DecisionStump object at 0x0000019F7F458520>
2025-06-28 09:25:41 [INFO] adaboost.adaboost:25 - model is <base_models.decision_stump.DecisionStump object at 0x0000019F7F4584C0>
2025-06-28 09:25:41 [INFO] adaboost.adaboost:25 - model is <base_models.decision_stump.DecisionStump object at 0x0000019F7F458460>
2025-06-28 09:25:41 [INFO] adaboost.adaboost:25 - model is <base_models.decision_stump.DecisionStump object at 0x0000019F7F458070>
2025-06-28 09:25:41 [INFO] adaboost.adaboost:25 - model is <base_models.decision_stump.DecisionStump object at 0x0000019F7F458160>
2025-06-28 09:25:41 [INFO] adaboost.adaboost:25 - model is <base_models.decision_stump.DecisionStump object at 0x0000019F7F458550>
2025-06-28 09:25:41 [INFO] adaboost.adaboost:25 - model is <base_models.decision_stump.DecisionStump object at 0x0000019F7F4581C0>
2025-06-28 09:25:41 [INFO] adaboost.adaboost:25 - model is <base_models.decision_stump.DecisionStump object at 0x0000019F7F458220>
2025-06-28 09:25:41 [INFO] adaboost.adaboost:25 - model is <base_models.decision_stump.DecisionStump object at 0x0000019F7F458280>
2025-06-28 09:25:41 [INFO] adaboost.adaboost:25 - model is <base_models.decision_stump.DecisionStump object at 0x0000019F7F4582E0>
2025-06-28 09:25:41 [INFO] adaboost.adaboost:25 - model is <base_models.decision_stump.DecisionStump object at 0x0000019F7F458340>
2025-06-28 09:25:41 [INFO] adaboost.adaboost:25 - model is <base_models.decision_stump.DecisionStump object at 0x0000019F7F4583A0>
2025-06-28 09:25:41 [INFO] adaboost.adaboost:25 - model is <base_models.decision_stump.DecisionStump object at 0x0000019F7F458400>
2025-06-28 09:25:41 [INFO] adaboost.adaboost:25 - model is <base_models.decision_stump.DecisionStump object at 0x0000019F7F458580>
2025-06-28 09:25:41 [INFO] adaboost.adaboost:25 - model is <base_models.decision_stump.DecisionStump object at 0x0000019F7F4585E0>
2025-06-28 09:25:41 [INFO] adaboost.adaboost:25 - model is <base_models.decision_stump.DecisionStump object at 0x0000019F7F458640>
2025-06-28 09:25:41 [INFO] adaboost.adaboost:25 - model is <base_models.decision_stump.DecisionStump object at 0x0000019F7F4586A0>
2025-06-28 09:25:41 [INFO] adaboost.adaboost:25 - model is <base_models.decision_stump.DecisionStump object at 0x0000019F7F458700>
2025-06-28 09:25:41 [INFO] adaboost.adaboost:25 - model is <base_models.decision_stump.DecisionStump object at 0x0000019F7F458760>
2025-06-28 09:25:41 [INFO] adaboost.adaboost:25 - model is <base_models.decision_stump.DecisionStump object at 0x0000019F7F4587C0>
2025-06-28 09:25:42 [INFO] adaboost.adaboost:25 - model is <base_models.decision_stump.DecisionStump object at 0x0000019F7F458820>
2025-06-28 09:25:42 [INFO] adaboost.adaboost:25 - model is <base_models.decision_stump.DecisionStump object at 0x0000019F7F458940>
2025-06-28 09:25:42 [INFO] adaboost.adaboost:25 - model is <base_models.decision_stump.DecisionStump object at 0x0000019F7F4589A0>
2025-06-28 09:25:42 [INFO] adaboost.adaboost:25 - model is <base_models.decision_stump.DecisionStump object at 0x0000019F7F458A00>
2025-06-28 09:25:42 [INFO] adaboost.adaboost:25 - model is <base_models.decision_stump.DecisionStump object at 0x0000019F7F458A60>
2025-06-28 09:25:42 [INFO] adaboost.adaboost:25 - model is <base_models.decision_stump.DecisionStump object at 0x0000019F7F458B20>
2025-06-28 09:25:42 [INFO] adaboost.adaboost:25 - model is <base_models.decision_stump.DecisionStump object at 0x0000019F7F458B80>
2025-06-28 09:25:42 [INFO] adaboost.adaboost:25 - model is <base_models.decision_stump.DecisionStump object at 0x0000019F7F458CA0>
2025-06-28 09:25:42 [INFO] adaboost.adaboost:25 - model is <base_models.decision_stump.DecisionStump object at 0x0000019F7F458EE0>
2025-06-28 09:25:42 [INFO] adaboost.adaboost:25 - model is <base_models.decision_stump.DecisionStump object at 0x0000019F7F458C40>
2025-06-28 09:25:42 [INFO] adaboost.adaboost:25 - model is <base_models.decision_stump.DecisionStump object at 0x0000019F7F4588E0>
2025-06-28 09:25:42 [INFO] adaboost.adaboost:25 - model is <base_models.decision_stump.DecisionStump object at 0x0000019F7F458AF0>
2025-06-28 09:25:42 [INFO] adaboost.adaboost:25 - model is <base_models.decision_stump.DecisionStump object at 0x0000019F7F4580D0>
2025-06-28 09:25:42 [INFO] adaboost.adaboost:25 - model is <base_models.decision_stump.DecisionStump object at 0x0000019F7F458910>
2025-06-28 09:25:42 [INFO] adaboost.adaboost:25 - model is <base_models.decision_stump.DecisionStump object at 0x0000019F7F458880>
2025-06-28 09:25:42 [INFO] adaboost.adaboost:25 - model is <base_models.decision_stump.DecisionStump object at 0x0000019F1AF9DF10>
2025-06-28 09:25:42 [INFO] adaboost.adaboost:25 - model is <base_models.decision_stump.DecisionStump object at 0x0000019F1AF9DDC0>
2025-06-28 09:25:42 [INFO] adaboost.adaboost:25 - model is <base_models.decision_stump.DecisionStump object at 0x0000019F1AF9DF70>
2025-06-28 09:25:42 [INFO] adaboost.adaboost:25 - model is <base_models.decision_stump.DecisionStump object at 0x0000019F1AF9DFD0>
2025-06-28 09:25:42 [INFO] adaboost.adaboost:25 - model is <base_models.decision_stump.DecisionStump object at 0x0000019F1AF9DD30>
2025-06-28 09:25:42 [INFO] adaboost.adaboost:25 - model is <base_models.decision_stump.DecisionStump object at 0x0000019F1AF9DE50>
2025-06-28 09:25:42 [INFO] adaboost.adaboost:25 - model is <base_models.decision_stump.DecisionStump object at 0x0000019F1AF9DE20>
2025-06-28 09:25:42 [INFO] adaboost.adaboost:25 - model is <base_models.decision_stump.DecisionStump object at 0x0000019F1AF9DEB0>
2025-06-28 09:25:42 [INFO] adaboost.adaboost:25 - model is <base_models.decision_stump.DecisionStump object at 0x0000019F1AF9DCA0>
2025-06-28 09:25:42 [INFO] adaboost.adaboost:25 - model is <base_models.decision_stump.DecisionStump object at 0x0000019F7F452AC0>
2025-06-28 09:25:42 [INFO] adaboost.adaboost:25 - model is <base_models.decision_stump.DecisionStump object at 0x0000019F7F452FD0>
2025-06-28 09:25:42 [INFO] adaboost.adaboost:25 - model is <base_models.decision_stump.DecisionStump object at 0x0000019F7F452F70>
2025-06-28 09:25:42 [INFO] adaboost.adaboost:25 - model is <base_models.decision_stump.DecisionStump object at 0x0000019F7F452F10>
2025-06-28 09:25:42 [INFO] adaboost.adaboost:25 - model is <base_models.decision_stump.DecisionStump object at 0x0000019F7F452EB0>
2025-06-28 09:25:42 [INFO] adaboost.adaboost:25 - model is <base_models.decision_stump.DecisionStump object at 0x0000019F7F452E50>
2025-06-28 09:25:42 [INFO] adaboost.adaboost:25 - model is <base_models.decision_stump.DecisionStump object at 0x0000019F7F452DF0>
2025-06-28 09:25:42 [INFO] adaboost.adaboost:25 - model is <base_models.decision_stump.DecisionStump object at 0x0000019F7F452D90>
2025-06-28 09:25:42 [INFO] adaboost.adaboost:25 - model is <base_models.decision_stump.DecisionStump object at 0x0000019F7F452D30>
2025-06-28 09:25:42 [INFO] adaboost.adaboost:25 - model is <base_models.decision_stump.DecisionStump object at 0x0000019F7F452CD0>
2025-06-28 09:25:42 [INFO] adaboost.adaboost:25 - model is <base_models.decision_stump.DecisionStump object at 0x0000019F7F452C70>
2025-06-28 09:25:42 [INFO] adaboost.adaboost:25 - model is <base_models.decision_stump.DecisionStump object at 0x0000019F7F452C10>
2025-06-28 09:25:42 [INFO] adaboost.adaboost:25 - model is <base_models.decision_stump.DecisionStump object at 0x0000019F7F452BB0>
2025-06-28 09:25:42 [INFO] adaboost.adaboost:25 - model is <base_models.decision_stump.DecisionStump object at 0x0000019F7F452160>
2025-06-28 09:25:42 [INFO] adaboost.adaboost:25 - model is <base_models.decision_stump.DecisionStump object at 0x0000019F7F452100>
2025-06-28 09:25:43 [INFO] adaboost.adaboost:25 - model is <base_models.decision_stump.DecisionStump object at 0x0000019F7F4520A0>
2025-06-28 09:25:43 [INFO] adaboost.adaboost:25 - model is <base_models.decision_stump.DecisionStump object at 0x0000019F7F452040>
2025-06-28 09:25:43 [INFO] adaboost.adaboost:25 - model is <base_models.decision_stump.DecisionStump object at 0x0000019F7F4526D0>
2025-06-28 09:25:43 [INFO] adaboost.adaboost:25 - model is <base_models.decision_stump.DecisionStump object at 0x0000019F7F452670>
2025-06-28 09:25:43 [INFO] adaboost.adaboost:25 - model is <base_models.decision_stump.DecisionStump object at 0x0000019F7F452610>
2025-06-28 09:25:43 [INFO] adaboost.adaboost:25 - model is <base_models.decision_stump.DecisionStump object at 0x0000019F7F4525B0>
2025-06-28 09:25:43 [INFO] adaboost.adaboost:25 - model is <base_models.decision_stump.DecisionStump object at 0x0000019F7F452550>
2025-06-28 09:25:43 [INFO] adaboost.adaboost:25 - model is <base_models.decision_stump.DecisionStump object at 0x0000019F7F452430>
2025-06-28 09:25:43 [INFO] adaboost.adaboost:25 - model is <base_models.decision_stump.DecisionStump object at 0x0000019F7F452910>
2025-06-28 09:25:43 [INFO] adaboost.adaboost:25 - model is <base_models.decision_stump.DecisionStump object at 0x0000019F7F452A60>
2025-06-28 09:25:43 [INFO] adaboost.adaboost:25 - model is <base_models.decision_stump.DecisionStump object at 0x0000019F7F452AF0>
2025-06-28 09:25:43 [INFO] adaboost.adaboost:25 - model is <base_models.decision_stump.DecisionStump object at 0x0000019F7F4529A0>
2025-06-28 09:25:43 [INFO] adaboost.adaboost:25 - model is <base_models.decision_stump.DecisionStump object at 0x0000019F70E24C70>
2025-06-28 09:25:43 [INFO] adaboost.adaboost:25 - model is <base_models.decision_stump.DecisionStump object at 0x0000019F7F416190>
2025-06-28 09:25:43 [INFO] adaboost.adaboost:25 - model is <base_models.decision_stump.DecisionStump object at 0x0000019F7F456820>
2025-06-28 09:25:43 [INFO] adaboost.adaboost:25 - model is <base_models.decision_stump.DecisionStump object at 0x0000019F7F416FD0>
2025-06-28 09:25:43 [INFO] adaboost.adaboost:25 - model is <base_models.decision_stump.DecisionStump object at 0x0000019F7F4568E0>
2025-06-28 09:25:43 [INFO] adaboost.adaboost:25 - model is <base_models.decision_stump.DecisionStump object at 0x0000019F7F445730>
2025-06-28 09:25:43 [INFO] adaboost.adaboost:25 - model is <base_models.decision_stump.DecisionStump object at 0x0000019F7F445850>
2025-06-28 09:25:43 [INFO] adaboost.adaboost:25 - model is <base_models.decision_stump.DecisionStump object at 0x0000019F7F445970>
2025-06-28 09:25:43 [INFO] adaboost.adaboost:25 - model is <base_models.decision_stump.DecisionStump object at 0x0000019F7F445B50>
2025-06-28 09:25:43 [INFO] adaboost.adaboost:25 - model is <base_models.decision_stump.DecisionStump object at 0x0000019F7F445F40>
2025-06-28 09:25:43 [INFO] adaboost.adaboost:25 - model is <base_models.decision_stump.DecisionStump object at 0x0000019F7F445550>
2025-06-28 09:25:43 [INFO] adaboost.adaboost:25 - model is <base_models.decision_stump.DecisionStump object at 0x0000019F7F445FA0>
2025-06-28 09:25:43 [INFO] adaboost.adaboost:25 - model is <base_models.decision_stump.DecisionStump object at 0x0000019F7F445EE0>
2025-06-28 09:25:43 [INFO] adaboost.adaboost:25 - model is <base_models.decision_stump.DecisionStump object at 0x0000019F7F445E80>
2025-06-28 09:25:43 [INFO] adaboost.adaboost:25 - model is <base_models.decision_stump.DecisionStump object at 0x0000019F7F445E20>
2025-06-28 09:25:43 [INFO] adaboost.adaboost:25 - model is <base_models.decision_stump.DecisionStump object at 0x0000019F7F445DC0>
2025-06-28 09:25:43 [INFO] adaboost.adaboost:25 - model is <base_models.decision_stump.DecisionStump object at 0x0000019F7F445D60>
2025-06-28 09:25:43 [INFO] adaboost.adaboost:25 - model is <base_models.decision_stump.DecisionStump object at 0x0000019F7F445D00>
2025-06-28 09:25:43 [INFO] adaboost.adaboost:25 - model is <base_models.decision_stump.DecisionStump object at 0x0000019F7F4459D0>
2025-06-28 09:25:43 [INFO] adaboost.adaboost:25 - model is <base_models.decision_stump.DecisionStump object at 0x0000019F7F445910>
2025-06-28 09:25:43 [INFO] adaboost.adaboost:25 - model is <base_models.decision_stump.DecisionStump object at 0x0000019F7F4458B0>
2025-06-28 09:25:43 [INFO] adaboost.adaboost:25 - model is <base_models.decision_stump.DecisionStump object at 0x0000019F7F4457F0>
2025-06-28 09:25:43 [INFO] adaboost.adaboost:25 - model is <base_models.decision_stump.DecisionStump object at 0x0000019F7F445700>
2025-06-28 09:25:43 [INFO] adaboost.adaboost:25 - model is <base_models.decision_stump.DecisionStump object at 0x0000019F7F445A90>
2025-06-28 09:25:43 [INFO] adaboost.adaboost:25 - model is <base_models.decision_stump.DecisionStump object at 0x0000019F7F445CA0>
2025-06-28 09:25:44 [INFO] adaboost.adaboost:25 - model is <base_models.decision_stump.DecisionStump object at 0x0000019F7F445B20>
2025-06-28 09:25:44 [INFO] adaboost.adaboost:25 - model is <base_models.decision_stump.DecisionStump object at 0x0000019F7F445BE0>
2025-06-28 09:25:44 [INFO] adaboost.adaboost:25 - model is <base_models.decision_stump.DecisionStump object at 0x0000019F7F445A60>
2025-06-28 09:25:44 [INFO] adaboost.adaboost:25 - model is <base_models.decision_stump.DecisionStump object at 0x0000019F7F445C40>
2025-06-28 09:25:44 [INFO] adaboost.adaboost:25 - model is <base_models.decision_stump.DecisionStump object at 0x0000019F7F4584C0>
2025-06-28 09:25:44 [INFO] adaboost.adaboost:25 - model is <base_models.decision_stump.DecisionStump object at 0x0000019F7F458490>
2025-06-28 09:25:44 [INFO] adaboost.adaboost:25 - model is <base_models.decision_stump.DecisionStump object at 0x0000019F7F458040>
2025-06-28 09:25:44 [INFO] adaboost.adaboost:25 - model is <base_models.decision_stump.DecisionStump object at 0x0000019F7F4580A0>
2025-06-28 09:25:44 [INFO] adaboost.adaboost:25 - model is <base_models.decision_stump.DecisionStump object at 0x0000019F7F458130>
2025-06-28 09:25:44 [INFO] adaboost.adaboost:25 - model is <base_models.decision_stump.DecisionStump object at 0x0000019F7F458190>
2025-06-28 09:25:44 [INFO] adaboost.adaboost:25 - model is <base_models.decision_stump.DecisionStump object at 0x0000019F7F4581F0>
2025-06-28 09:25:44 [INFO] adaboost.adaboost:25 - model is <base_models.decision_stump.DecisionStump object at 0x0000019F7F458250>
2025-06-28 09:25:44 [INFO] adaboost.adaboost:25 - model is <base_models.decision_stump.DecisionStump object at 0x0000019F7F4582B0>
2025-06-28 09:25:44 [INFO] adaboost.adaboost:25 - model is <base_models.decision_stump.DecisionStump object at 0x0000019F7F458310>
2025-06-28 09:25:44 [INFO] adaboost.adaboost:25 - model is <base_models.decision_stump.DecisionStump object at 0x0000019F7F458370>
2025-06-28 09:25:44 [INFO] adaboost.adaboost:25 - model is <base_models.decision_stump.DecisionStump object at 0x0000019F7F4583D0>
2025-06-28 09:25:44 [INFO] adaboost.adaboost:25 - model is <base_models.decision_stump.DecisionStump object at 0x0000019F7F458430>
2025-06-28 09:25:44 [INFO] adaboost.adaboost:25 - model is <base_models.decision_stump.DecisionStump object at 0x0000019F7F4585B0>
2025-06-28 09:25:44 [INFO] adaboost.adaboost:25 - model is <base_models.decision_stump.DecisionStump object at 0x0000019F7F458610>
2025-06-28 09:25:44 [INFO] adaboost.adaboost:25 - model is <base_models.decision_stump.DecisionStump object at 0x0000019F7F458670>
2025-06-28 09:25:44 [INFO] adaboost.adaboost:25 - model is <base_models.decision_stump.DecisionStump object at 0x0000019F7F4586D0>
2025-06-28 09:25:44 [INFO] adaboost.adaboost:25 - model is <base_models.decision_stump.DecisionStump object at 0x0000019F7F458730>
2025-06-28 09:25:44 [INFO] adaboost.adaboost:25 - model is <base_models.decision_stump.DecisionStump object at 0x0000019F7F458790>
2025-06-28 09:25:44 [INFO] adaboost.adaboost:25 - model is <base_models.decision_stump.DecisionStump object at 0x0000019F7F4587F0>
2025-06-28 09:25:44 [INFO] adaboost.adaboost:25 - model is <base_models.decision_stump.DecisionStump object at 0x0000019F7F458850>
2025-06-28 09:25:44 [INFO] adaboost.adaboost:25 - model is <base_models.decision_stump.DecisionStump object at 0x0000019F7F458970>
2025-06-28 09:25:44 [INFO] adaboost.adaboost:25 - model is <base_models.decision_stump.DecisionStump object at 0x0000019F7F4589D0>
2025-06-28 09:25:44 [INFO] adaboost.adaboost:25 - model is <base_models.decision_stump.DecisionStump object at 0x0000019F7F458A30>
2025-06-28 09:25:44 [INFO] adaboost.adaboost:25 - model is <base_models.decision_stump.DecisionStump object at 0x0000019F7F458A90>
2025-06-28 09:25:44 [INFO] adaboost.adaboost:25 - model is <base_models.decision_stump.DecisionStump object at 0x0000019F7F458B50>
2025-06-28 09:25:44 [INFO] adaboost.adaboost:25 - model is <base_models.decision_stump.DecisionStump object at 0x0000019F7F458BE0>
2025-06-28 09:25:44 [INFO] adaboost.adaboost:25 - model is <base_models.decision_stump.DecisionStump object at 0x0000019F7F458CD0>
2025-06-28 09:25:44 [INFO] adaboost.adaboost:25 - model is <base_models.decision_stump.DecisionStump object at 0x0000019F7F458F40>
2025-06-28 09:25:44 [INFO] adaboost.adaboost:25 - model is <base_models.decision_stump.DecisionStump object at 0x0000019F7F458D90>
2025-06-28 09:25:44 [INFO] adaboost.adaboost:25 - model is <base_models.decision_stump.DecisionStump object at 0x0000019F7F4588B0>
2025-06-28 09:25:44 [INFO] adaboost.adaboost:25 - model is <base_models.decision_stump.DecisionStump object at 0x0000019F7F458AC0>
2025-06-28 09:25:45 [INFO] adaboost.adaboost:25 - model is <base_models.decision_stump.DecisionStump object at 0x0000019F7F458100>
2025-06-28 09:25:45 [INFO] adaboost.adaboost:25 - model is <base_models.decision_stump.DecisionStump object at 0x0000019F7F458EB0>
2025-06-28 09:25:45 [INFO] adaboost.adaboost:25 - model is <base_models.decision_stump.DecisionStump object at 0x0000019F7F458C10>
2025-06-28 09:25:45 [INFO] adaboost.adaboost:25 - model is <base_models.decision_stump.DecisionStump object at 0x0000019F1AF9DDC0>
2025-06-28 09:25:45 [INFO] adaboost.adaboost:25 - model is <base_models.decision_stump.DecisionStump object at 0x0000019F1AF9DF40>
2025-06-28 09:25:45 [INFO] adaboost.adaboost:25 - model is <base_models.decision_stump.DecisionStump object at 0x0000019F1AF9DFA0>
2025-06-28 09:25:45 [INFO] adaboost.adaboost:25 - model is <base_models.decision_stump.DecisionStump object at 0x0000019F1AF9DD00>
2025-06-28 09:25:45 [INFO] adaboost.adaboost:25 - model is <base_models.decision_stump.DecisionStump object at 0x0000019F1AF9DE80>
2025-06-28 09:25:45 [INFO] adaboost.adaboost:25 - model is <base_models.decision_stump.DecisionStump object at 0x0000019F1AF9DD90>
2025-06-28 09:25:45 [INFO] adaboost.adaboost:25 - model is <base_models.decision_stump.DecisionStump object at 0x0000019F1AF9DDF0>
2025-06-28 09:25:45 [INFO] adaboost.adaboost:25 - model is <base_models.decision_stump.DecisionStump object at 0x0000019F1AF9DEE0>
2025-06-28 09:25:45 [INFO] adaboost.adaboost:25 - model is <base_models.decision_stump.DecisionStump object at 0x0000019F1AF9DCA0>
2025-06-28 09:25:45 [INFO] adaboost.adaboost:25 - model is <base_models.decision_stump.DecisionStump object at 0x0000019F1AE53100>
2025-06-28 09:25:45 [INFO] adaboost.adaboost:25 - model is <base_models.decision_stump.DecisionStump object at 0x0000019F1AE53130>
2025-06-28 09:25:45 [INFO] adaboost.adaboost:25 - model is <base_models.decision_stump.DecisionStump object at 0x0000019F1AE53190>
2025-06-28 09:25:45 [INFO] adaboost.adaboost:25 - model is <base_models.decision_stump.DecisionStump object at 0x0000019F1AE531F0>
2025-06-28 09:25:45 [INFO] adaboost.adaboost:25 - model is <base_models.decision_stump.DecisionStump object at 0x0000019F1AE53250>
2025-06-28 09:25:45 [INFO] adaboost.adaboost:25 - model is <base_models.decision_stump.DecisionStump object at 0x0000019F1AE532B0>
2025-06-28 09:25:45 [INFO] adaboost.adaboost:25 - model is <base_models.decision_stump.DecisionStump object at 0x0000019F1AE53310>
2025-06-28 09:25:45 [INFO] adaboost.adaboost:25 - model is <base_models.decision_stump.DecisionStump object at 0x0000019F1AE53370>
2025-06-28 09:25:45 [INFO] adaboost.adaboost:25 - model is <base_models.decision_stump.DecisionStump object at 0x0000019F1AE533D0>
2025-06-28 09:25:45 [INFO] adaboost.adaboost:25 - model is <base_models.decision_stump.DecisionStump object at 0x0000019F1AE53430>
2025-06-28 09:25:45 [INFO] adaboost.adaboost:25 - model is <base_models.decision_stump.DecisionStump object at 0x0000019F1AE53490>
2025-06-28 09:25:45 [INFO] adaboost.adaboost:25 - model is <base_models.decision_stump.DecisionStump object at 0x0000019F1AE534F0>
2025-06-28 09:25:45 [INFO] adaboost.adaboost:25 - model is <base_models.decision_stump.DecisionStump object at 0x0000019F1AE53550>
2025-06-28 09:25:45 [INFO] adaboost.adaboost:25 - model is <base_models.decision_stump.DecisionStump object at 0x0000019F1AE535B0>
2025-06-28 09:25:45 [INFO] adaboost.adaboost:25 - model is <base_models.decision_stump.DecisionStump object at 0x0000019F1AE53610>
2025-06-28 09:25:45 [INFO] adaboost.adaboost:25 - model is <base_models.decision_stump.DecisionStump object at 0x0000019F1AE53670>
2025-06-28 09:25:45 [INFO] adaboost.adaboost:25 - model is <base_models.decision_stump.DecisionStump object at 0x0000019F1AE536D0>
2025-06-28 09:25:45 [INFO] adaboost.adaboost:25 - model is <base_models.decision_stump.DecisionStump object at 0x0000019F1AE53730>
2025-06-28 09:25:45 [INFO] adaboost.adaboost:25 - model is <base_models.decision_stump.DecisionStump object at 0x0000019F1AE53790>
2025-06-28 09:25:45 [INFO] adaboost.adaboost:25 - model is <base_models.decision_stump.DecisionStump object at 0x0000019F1AE537F0>
2025-06-28 09:25:45 [INFO] adaboost.adaboost:25 - model is <base_models.decision_stump.DecisionStump object at 0x0000019F1AE53850>
2025-06-28 09:25:45 [INFO] adaboost.adaboost:25 - model is <base_models.decision_stump.DecisionStump object at 0x0000019F1AE538B0>
2025-06-28 09:25:45 [INFO] adaboost.adaboost:25 - model is <base_models.decision_stump.DecisionStump object at 0x0000019F1AE53910>
2025-06-28 09:25:45 [INFO] adaboost.adaboost:25 - model is <base_models.decision_stump.DecisionStump object at 0x0000019F1AE539A0>
2025-06-28 09:25:46 [INFO] adaboost.adaboost:25 - model is <base_models.decision_stump.DecisionStump object at 0x0000019F1AE53A00>
2025-06-28 09:25:46 [INFO] adaboost.adaboost:25 - model is <base_models.decision_stump.DecisionStump object at 0x0000019F1AE53A60>
2025-06-28 09:25:46 [INFO] adaboost.adaboost:25 - model is <base_models.decision_stump.DecisionStump object at 0x0000019F1AE53AC0>
2025-06-28 09:25:46 [INFO] adaboost.adaboost:25 - model is <base_models.decision_stump.DecisionStump object at 0x0000019F70E24C70>
2025-06-28 09:25:46 [INFO] adaboost.adaboost:25 - model is <base_models.decision_stump.DecisionStump object at 0x0000019F7F407D60>
2025-06-28 09:25:46 [INFO] adaboost.adaboost:25 - model is <base_models.decision_stump.DecisionStump object at 0x0000019F7F4568E0>
2025-06-28 09:25:46 [INFO] adaboost.adaboost:25 - model is <base_models.decision_stump.DecisionStump object at 0x0000019F7F416FD0>
2025-06-28 09:25:46 [INFO] adaboost.adaboost:25 - model is <base_models.decision_stump.DecisionStump object at 0x0000019F7F456820>
2025-06-28 09:25:46 [INFO] adaboost.adaboost:25 - model is <base_models.decision_stump.DecisionStump object at 0x0000019F7F445850>
2025-06-28 09:25:46 [INFO] adaboost.adaboost:25 - model is <base_models.decision_stump.DecisionStump object at 0x0000019F7F445880>
2025-06-28 09:25:46 [INFO] adaboost.adaboost:25 - model is <base_models.decision_stump.DecisionStump object at 0x0000019F7F4459A0>
2025-06-28 09:25:46 [INFO] adaboost.adaboost:25 - model is <base_models.decision_stump.DecisionStump object at 0x0000019F7F445B80>
2025-06-28 09:25:46 [INFO] adaboost.adaboost:25 - model is <base_models.decision_stump.DecisionStump object at 0x0000019F7F445F10>
2025-06-28 09:25:46 [INFO] adaboost.adaboost:25 - model is <base_models.decision_stump.DecisionStump object at 0x0000019F7F445F70>
2025-06-28 09:25:46 [INFO] adaboost.adaboost:25 - model is <base_models.decision_stump.DecisionStump object at 0x0000019F7F445FD0>
2025-06-28 09:25:46 [INFO] adaboost.adaboost:25 - model is <base_models.decision_stump.DecisionStump object at 0x0000019F7F445EB0>
2025-06-28 09:25:46 [INFO] adaboost.adaboost:25 - model is <base_models.decision_stump.DecisionStump object at 0x0000019F7F445E50>
2025-06-28 09:25:46 [INFO] adaboost.adaboost:25 - model is <base_models.decision_stump.DecisionStump object at 0x0000019F7F445DF0>
2025-06-28 09:25:46 [INFO] adaboost.adaboost:25 - model is <base_models.decision_stump.DecisionStump object at 0x0000019F7F445D90>
2025-06-28 09:25:46 [INFO] adaboost.adaboost:25 - model is <base_models.decision_stump.DecisionStump object at 0x0000019F7F445D30>
2025-06-28 09:25:46 [INFO] adaboost.adaboost:25 - model is <base_models.decision_stump.DecisionStump object at 0x0000019F7F445A00>
2025-06-28 09:25:46 [INFO] adaboost.adaboost:25 - model is <base_models.decision_stump.DecisionStump object at 0x0000019F7F445940>
2025-06-28 09:25:46 [INFO] adaboost.adaboost:25 - model is <base_models.decision_stump.DecisionStump object at 0x0000019F7F4458E0>
2025-06-28 09:25:46 [INFO] adaboost.adaboost:25 - model is <base_models.decision_stump.DecisionStump object at 0x0000019F7F445820>
2025-06-28 09:25:46 [INFO] adaboost.adaboost:25 - model is <base_models.decision_stump.DecisionStump object at 0x0000019F7F4454F0>
2025-06-28 09:25:46 [INFO] adaboost.adaboost:25 - model is <base_models.decision_stump.DecisionStump object at 0x0000019F7F445AC0>
2025-06-28 09:25:46 [INFO] adaboost.adaboost:25 - model is <base_models.decision_stump.DecisionStump object at 0x0000019F7F445C70>
2025-06-28 09:25:46 [INFO] adaboost.adaboost:25 - model is <base_models.decision_stump.DecisionStump object at 0x0000019F7F445C10>
2025-06-28 09:25:46 [INFO] adaboost.adaboost:25 - model is <base_models.decision_stump.DecisionStump object at 0x0000019F7F445BB0>
2025-06-28 09:25:46 [INFO] adaboost.adaboost:25 - model is <base_models.decision_stump.DecisionStump object at 0x0000019F7F445CD0>
2025-06-28 09:25:46 [INFO] adaboost.adaboost:25 - model is <base_models.decision_stump.DecisionStump object at 0x0000019F7F445A30>
2025-06-28 09:25:46 [INFO] adaboost.adaboost:25 - model is <base_models.decision_stump.DecisionStump object at 0x0000019F7F445AF0>
2025-06-28 09:25:46 [INFO] adaboost.adaboost:25 - model is <base_models.decision_stump.DecisionStump object at 0x0000019F7F458490>
2025-06-28 09:25:46 [INFO] adaboost.adaboost:25 - model is <base_models.decision_stump.DecisionStump object at 0x0000019F7F458460>
2025-06-28 09:25:46 [INFO] adaboost.adaboost:25 - model is <base_models.decision_stump.DecisionStump object at 0x0000019F7F458070>
2025-06-28 09:25:46 [INFO] adaboost.adaboost:25 - model is <base_models.decision_stump.DecisionStump object at 0x0000019F7F458160>
2025-06-28 09:25:46 [INFO] adaboost.adaboost:25 - model is <base_models.decision_stump.DecisionStump object at 0x0000019F7F458550>
2025-06-28 09:25:46 [INFO] adaboost.adaboost:25 - model is <base_models.decision_stump.DecisionStump object at 0x0000019F7F4581C0>
2025-06-28 09:25:47 [INFO] adaboost.adaboost:25 - model is <base_models.decision_stump.DecisionStump object at 0x0000019F7F458220>
2025-06-28 09:25:47 [INFO] adaboost.adaboost:25 - model is <base_models.decision_stump.DecisionStump object at 0x0000019F7F458280>
2025-06-28 09:25:47 [INFO] adaboost.adaboost:25 - model is <base_models.decision_stump.DecisionStump object at 0x0000019F7F4582E0>
2025-06-28 09:25:47 [INFO] adaboost.adaboost:25 - model is <base_models.decision_stump.DecisionStump object at 0x0000019F7F458340>
2025-06-28 09:25:47 [INFO] adaboost.adaboost:25 - model is <base_models.decision_stump.DecisionStump object at 0x0000019F7F4583A0>
2025-06-28 09:25:47 [INFO] adaboost.adaboost:25 - model is <base_models.decision_stump.DecisionStump object at 0x0000019F7F458400>
2025-06-28 09:25:47 [INFO] adaboost.adaboost:25 - model is <base_models.decision_stump.DecisionStump object at 0x0000019F7F458580>
2025-06-28 09:25:47 [INFO] adaboost.adaboost:25 - model is <base_models.decision_stump.DecisionStump object at 0x0000019F7F4585E0>
2025-06-28 09:25:47 [INFO] adaboost.adaboost:25 - model is <base_models.decision_stump.DecisionStump object at 0x0000019F7F458640>
2025-06-28 09:25:47 [INFO] adaboost.adaboost:25 - model is <base_models.decision_stump.DecisionStump object at 0x0000019F7F4586A0>
2025-06-28 09:25:47 [INFO] adaboost.adaboost:25 - model is <base_models.decision_stump.DecisionStump object at 0x0000019F7F458700>
2025-06-28 09:25:47 [INFO] adaboost.adaboost:25 - model is <base_models.decision_stump.DecisionStump object at 0x0000019F7F458760>
2025-06-28 09:25:47 [INFO] adaboost.adaboost:25 - model is <base_models.decision_stump.DecisionStump object at 0x0000019F7F4587C0>
2025-06-28 09:25:47 [INFO] adaboost.adaboost:25 - model is <base_models.decision_stump.DecisionStump object at 0x0000019F7F458820>
2025-06-28 09:25:47 [INFO] adaboost.adaboost:25 - model is <base_models.decision_stump.DecisionStump object at 0x0000019F7F458940>
2025-06-28 09:25:47 [INFO] adaboost.adaboost:25 - model is <base_models.decision_stump.DecisionStump object at 0x0000019F7F4589A0>
2025-06-28 09:25:47 [INFO] adaboost.adaboost:25 - model is <base_models.decision_stump.DecisionStump object at 0x0000019F7F458A00>
2025-06-28 09:25:47 [INFO] adaboost.adaboost:25 - model is <base_models.decision_stump.DecisionStump object at 0x0000019F7F458A60>
2025-06-28 09:25:47 [INFO] adaboost.adaboost:25 - model is <base_models.decision_stump.DecisionStump object at 0x0000019F7F458B20>
2025-06-28 09:25:47 [INFO] adaboost.adaboost:25 - model is <base_models.decision_stump.DecisionStump object at 0x0000019F7F458B80>
2025-06-28 09:25:47 [INFO] adaboost.adaboost:25 - model is <base_models.decision_stump.DecisionStump object at 0x0000019F7F458CA0>
2025-06-28 09:25:47 [INFO] adaboost.adaboost:25 - model is <base_models.decision_stump.DecisionStump object at 0x0000019F7F458EE0>
2025-06-28 09:25:47 [INFO] adaboost.adaboost:25 - model is <base_models.decision_stump.DecisionStump object at 0x0000019F7F458C40>
2025-06-28 09:25:47 [INFO] adaboost.adaboost:25 - model is <base_models.decision_stump.DecisionStump object at 0x0000019F7F4588E0>
2025-06-28 09:25:47 [INFO] adaboost.adaboost:25 - model is <base_models.decision_stump.DecisionStump object at 0x0000019F7F458AF0>
2025-06-28 09:25:47 [INFO] adaboost.adaboost:25 - model is <base_models.decision_stump.DecisionStump object at 0x0000019F7F4580D0>
2025-06-28 09:25:47 [INFO] adaboost.adaboost:25 - model is <base_models.decision_stump.DecisionStump object at 0x0000019F7F458910>
2025-06-28 09:25:47 [INFO] adaboost.adaboost:25 - model is <base_models.decision_stump.DecisionStump object at 0x0000019F7F458880>
2025-06-28 09:25:47 [INFO] adaboost.adaboost:25 - model is <base_models.decision_stump.DecisionStump object at 0x0000019F7F458520>
2025-06-28 09:25:47 [INFO] adaboost.adaboost:25 - model is <base_models.decision_stump.DecisionStump object at 0x0000019F1AF9DF40>
2025-06-28 09:25:47 [INFO] adaboost.adaboost:25 - model is <base_models.decision_stump.DecisionStump object at 0x0000019F1AF9DF70>
2025-06-28 09:25:47 [INFO] adaboost.adaboost:25 - model is <base_models.decision_stump.DecisionStump object at 0x0000019F1AF9DFD0>
2025-06-28 09:25:47 [INFO] adaboost.adaboost:25 - model is <base_models.decision_stump.DecisionStump object at 0x0000019F1AF9DD30>
2025-06-28 09:25:47 [INFO] adaboost.adaboost:25 - model is <base_models.decision_stump.DecisionStump object at 0x0000019F1AF9DE50>
2025-06-28 09:25:47 [INFO] adaboost.adaboost:25 - model is <base_models.decision_stump.DecisionStump object at 0x0000019F1AF9DE20>
2025-06-28 09:25:47 [INFO] adaboost.adaboost:25 - model is <base_models.decision_stump.DecisionStump object at 0x0000019F1AF9DEB0>
2025-06-28 09:25:47 [INFO] adaboost.adaboost:25 - model is <base_models.decision_stump.DecisionStump object at 0x0000019F1AF9DF10>
2025-06-28 09:25:47 [INFO] adaboost.adaboost:25 - model is <base_models.decision_stump.DecisionStump object at 0x0000019F1AF9DCA0>
2025-06-28 09:25:48 [INFO] adaboost.adaboost:25 - model is <base_models.decision_stump.DecisionStump object at 0x0000019F7F4BC100>
2025-06-28 09:25:48 [INFO] adaboost.adaboost:25 - model is <base_models.decision_stump.DecisionStump object at 0x0000019F7F4BC280>
2025-06-28 09:25:48 [INFO] adaboost.adaboost:25 - model is <base_models.decision_stump.DecisionStump object at 0x0000019F7F4BC2E0>
2025-06-28 09:25:48 [INFO] adaboost.adaboost:25 - model is <base_models.decision_stump.DecisionStump object at 0x0000019F7F4BC340>
2025-06-28 09:25:48 [INFO] adaboost.adaboost:25 - model is <base_models.decision_stump.DecisionStump object at 0x0000019F7F4BC460>
2025-06-28 09:25:48 [INFO] adaboost.adaboost:25 - model is <base_models.decision_stump.DecisionStump object at 0x0000019F7F4BC160>
2025-06-28 09:25:48 [INFO] adaboost.adaboost:25 - model is <base_models.decision_stump.DecisionStump object at 0x0000019F7F4BC4C0>
2025-06-28 09:25:48 [INFO] adaboost.adaboost:25 - model is <base_models.decision_stump.DecisionStump object at 0x0000019F7F4BC520>
2025-06-28 09:25:48 [INFO] adaboost.adaboost:25 - model is <base_models.decision_stump.DecisionStump object at 0x0000019F7F4BC580>
2025-06-28 09:25:48 [INFO] adaboost.adaboost:25 - model is <base_models.decision_stump.DecisionStump object at 0x0000019F7F4BC5E0>
2025-06-28 09:25:48 [INFO] adaboost.adaboost:25 - model is <base_models.decision_stump.DecisionStump object at 0x0000019F7F4BC640>
2025-06-28 09:25:48 [INFO] adaboost.adaboost:25 - model is <base_models.decision_stump.DecisionStump object at 0x0000019F7F4BC6A0>
2025-06-28 09:25:48 [INFO] adaboost.adaboost:25 - model is <base_models.decision_stump.DecisionStump object at 0x0000019F7F4BC700>
2025-06-28 09:25:48 [INFO] adaboost.adaboost:25 - model is <base_models.decision_stump.DecisionStump object at 0x0000019F7F4BC760>
2025-06-28 09:25:48 [INFO] adaboost.adaboost:25 - model is <base_models.decision_stump.DecisionStump object at 0x0000019F7F4BC7C0>
2025-06-28 09:25:48 [INFO] adaboost.adaboost:25 - model is <base_models.decision_stump.DecisionStump object at 0x0000019F7F4BC820>
2025-06-28 09:25:48 [INFO] adaboost.adaboost:25 - model is <base_models.decision_stump.DecisionStump object at 0x0000019F7F4BC880>
2025-06-28 09:25:48 [INFO] adaboost.adaboost:25 - model is <base_models.decision_stump.DecisionStump object at 0x0000019F7F4BC8E0>
2025-06-28 09:25:48 [INFO] adaboost.adaboost:25 - model is <base_models.decision_stump.DecisionStump object at 0x0000019F7F4BC940>
2025-06-28 09:25:48 [INFO] adaboost.adaboost:25 - model is <base_models.decision_stump.DecisionStump object at 0x0000019F7F4BC9A0>
2025-06-28 09:25:48 [INFO] adaboost.adaboost:25 - model is <base_models.decision_stump.DecisionStump object at 0x0000019F7F4BCA00>
2025-06-28 09:25:48 [INFO] adaboost.adaboost:25 - model is <base_models.decision_stump.DecisionStump object at 0x0000019F7F4BCA60>
2025-06-28 09:25:48 [INFO] adaboost.adaboost:25 - model is <base_models.decision_stump.DecisionStump object at 0x0000019F7F4BCAC0>
2025-06-28 09:25:48 [INFO] adaboost.adaboost:25 - model is <base_models.decision_stump.DecisionStump object at 0x0000019F7F4BCB20>
2025-06-28 09:25:48 [INFO] adaboost.adaboost:25 - model is <base_models.decision_stump.DecisionStump object at 0x0000019F7F4BCB80>
2025-06-28 09:25:48 [INFO] adaboost.adaboost:25 - model is <base_models.decision_stump.DecisionStump object at 0x0000019F7F4BCBE0>
2025-06-28 09:25:48 [INFO] adaboost.adaboost:25 - model is <base_models.decision_stump.DecisionStump object at 0x0000019F7F4BCC40>
2025-06-28 09:25:48 [INFO] adaboost.adaboost:25 - model is <base_models.decision_stump.DecisionStump object at 0x0000019F70E24C70>
2025-06-28 09:25:48 [INFO] adaboost.adaboost:25 - model is <base_models.decision_stump.DecisionStump object at 0x0000019F7F416FD0>
2025-06-28 09:25:48 [INFO] adaboost.adaboost:25 - model is <base_models.decision_stump.DecisionStump object at 0x0000019F7F4567F0>
2025-06-28 09:25:48 [INFO] adaboost.adaboost:25 - model is <base_models.decision_stump.DecisionStump object at 0x0000019F7F416100>
2025-06-28 09:25:48 [INFO] adaboost.adaboost:25 - model is <base_models.decision_stump.DecisionStump object at 0x0000019F7F456820>
2025-06-28 09:25:48 [INFO] adaboost.adaboost:25 - model is <base_models.decision_stump.DecisionStump object at 0x0000019F7F445880>
2025-06-28 09:25:48 [INFO] adaboost.adaboost:25 - model is <base_models.decision_stump.DecisionStump object at 0x0000019F7F445970>
2025-06-28 09:25:48 [INFO] adaboost.adaboost:25 - model is <base_models.decision_stump.DecisionStump object at 0x0000019F7F445B50>
2025-06-28 09:25:48 [INFO] adaboost.adaboost:25 - model is <base_models.decision_stump.DecisionStump object at 0x0000019F7F445F40>
2025-06-28 09:25:49 [INFO] adaboost.adaboost:25 - model is <base_models.decision_stump.DecisionStump object at 0x0000019F7F445550>
2025-06-28 09:25:49 [INFO] adaboost.adaboost:25 - model is <base_models.decision_stump.DecisionStump object at 0x0000019F7F445FA0>
2025-06-28 09:25:49 [INFO] adaboost.adaboost:25 - model is <base_models.decision_stump.DecisionStump object at 0x0000019F7F445EE0>
2025-06-28 09:25:49 [INFO] adaboost.adaboost:25 - model is <base_models.decision_stump.DecisionStump object at 0x0000019F7F445E80>
2025-06-28 09:25:49 [INFO] adaboost.adaboost:25 - model is <base_models.decision_stump.DecisionStump object at 0x0000019F7F445E20>
2025-06-28 09:25:49 [INFO] adaboost.adaboost:25 - model is <base_models.decision_stump.DecisionStump object at 0x0000019F7F445DC0>
2025-06-28 09:25:49 [INFO] adaboost.adaboost:25 - model is <base_models.decision_stump.DecisionStump object at 0x0000019F7F445D60>
2025-06-28 09:25:49 [INFO] adaboost.adaboost:25 - model is <base_models.decision_stump.DecisionStump object at 0x0000019F7F445D00>
2025-06-28 09:25:49 [INFO] adaboost.adaboost:25 - model is <base_models.decision_stump.DecisionStump object at 0x0000019F7F4459D0>
2025-06-28 09:25:49 [INFO] adaboost.adaboost:25 - model is <base_models.decision_stump.DecisionStump object at 0x0000019F7F445910>
2025-06-28 09:25:49 [INFO] adaboost.adaboost:25 - model is <base_models.decision_stump.DecisionStump object at 0x0000019F7F4458B0>
2025-06-28 09:25:49 [INFO] adaboost.adaboost:25 - model is <base_models.decision_stump.DecisionStump object at 0x0000019F7F4457F0>
2025-06-28 09:25:49 [INFO] adaboost.adaboost:25 - model is <base_models.decision_stump.DecisionStump object at 0x0000019F7F445700>
2025-06-28 09:25:49 [INFO] adaboost.adaboost:25 - model is <base_models.decision_stump.DecisionStump object at 0x0000019F7F445A90>
2025-06-28 09:25:49 [INFO] adaboost.adaboost:25 - model is <base_models.decision_stump.DecisionStump object at 0x0000019F7F445CA0>
2025-06-28 09:25:49 [INFO] adaboost.adaboost:25 - model is <base_models.decision_stump.DecisionStump object at 0x0000019F7F445B20>
2025-06-28 09:25:49 [INFO] adaboost.adaboost:25 - model is <base_models.decision_stump.DecisionStump object at 0x0000019F7F445BE0>
2025-06-28 09:25:49 [INFO] adaboost.adaboost:25 - model is <base_models.decision_stump.DecisionStump object at 0x0000019F7F445A60>
2025-06-28 09:25:49 [INFO] adaboost.adaboost:25 - model is <base_models.decision_stump.DecisionStump object at 0x0000019F7F445C40>
2025-06-28 09:25:49 [INFO] adaboost.adaboost:25 - model is <base_models.decision_stump.DecisionStump object at 0x0000019F7F445730>
2025-06-28 09:25:49 [INFO] adaboost.adaboost:25 - model is <base_models.decision_stump.DecisionStump object at 0x0000019F7F458460>
2025-06-28 09:25:49 [INFO] adaboost.adaboost:25 - model is <base_models.decision_stump.DecisionStump object at 0x0000019F7F458040>
2025-06-28 09:25:49 [INFO] adaboost.adaboost:25 - model is <base_models.decision_stump.DecisionStump object at 0x0000019F7F4580A0>
2025-06-28 09:25:49 [INFO] adaboost.adaboost:25 - model is <base_models.decision_stump.DecisionStump object at 0x0000019F7F458130>
2025-06-28 09:25:49 [INFO] adaboost.adaboost:25 - model is <base_models.decision_stump.DecisionStump object at 0x0000019F7F458190>
2025-06-28 09:25:49 [INFO] adaboost.adaboost:25 - model is <base_models.decision_stump.DecisionStump object at 0x0000019F7F4581F0>
2025-06-28 09:25:49 [INFO] adaboost.adaboost:25 - model is <base_models.decision_stump.DecisionStump object at 0x0000019F7F458250>
2025-06-28 09:25:49 [INFO] adaboost.adaboost:25 - model is <base_models.decision_stump.DecisionStump object at 0x0000019F7F4582B0>
2025-06-28 09:25:49 [INFO] adaboost.adaboost:25 - model is <base_models.decision_stump.DecisionStump object at 0x0000019F7F458310>
2025-06-28 09:25:49 [INFO] adaboost.adaboost:25 - model is <base_models.decision_stump.DecisionStump object at 0x0000019F7F458370>
2025-06-28 09:25:49 [INFO] adaboost.adaboost:25 - model is <base_models.decision_stump.DecisionStump object at 0x0000019F7F4583D0>
2025-06-28 09:25:49 [INFO] adaboost.adaboost:25 - model is <base_models.decision_stump.DecisionStump object at 0x0000019F7F458430>
2025-06-28 09:25:49 [INFO] adaboost.adaboost:25 - model is <base_models.decision_stump.DecisionStump object at 0x0000019F7F4585B0>
2025-06-28 09:25:49 [INFO] adaboost.adaboost:25 - model is <base_models.decision_stump.DecisionStump object at 0x0000019F7F458610>
2025-06-28 09:25:49 [INFO] adaboost.adaboost:25 - model is <base_models.decision_stump.DecisionStump object at 0x0000019F7F458670>
2025-06-28 09:25:49 [INFO] adaboost.adaboost:25 - model is <base_models.decision_stump.DecisionStump object at 0x0000019F7F4586D0>
2025-06-28 09:25:50 [INFO] adaboost.adaboost:25 - model is <base_models.decision_stump.DecisionStump object at 0x0000019F7F458730>
2025-06-28 09:25:50 [INFO] adaboost.adaboost:25 - model is <base_models.decision_stump.DecisionStump object at 0x0000019F7F458790>
2025-06-28 09:25:50 [INFO] adaboost.adaboost:25 - model is <base_models.decision_stump.DecisionStump object at 0x0000019F7F4587F0>
2025-06-28 09:25:50 [INFO] adaboost.adaboost:25 - model is <base_models.decision_stump.DecisionStump object at 0x0000019F7F458850>
2025-06-28 09:25:50 [INFO] adaboost.adaboost:25 - model is <base_models.decision_stump.DecisionStump object at 0x0000019F7F458970>
2025-06-28 09:25:50 [INFO] adaboost.adaboost:25 - model is <base_models.decision_stump.DecisionStump object at 0x0000019F7F4589D0>
2025-06-28 09:25:50 [INFO] adaboost.adaboost:25 - model is <base_models.decision_stump.DecisionStump object at 0x0000019F7F458A30>
2025-06-28 09:25:50 [INFO] adaboost.adaboost:25 - model is <base_models.decision_stump.DecisionStump object at 0x0000019F7F458A90>
2025-06-28 09:25:50 [INFO] adaboost.adaboost:25 - model is <base_models.decision_stump.DecisionStump object at 0x0000019F7F458B50>
2025-06-28 09:25:50 [INFO] adaboost.adaboost:25 - model is <base_models.decision_stump.DecisionStump object at 0x0000019F7F458BE0>
2025-06-28 09:25:50 [INFO] adaboost.adaboost:25 - model is <base_models.decision_stump.DecisionStump object at 0x0000019F7F458CD0>
2025-06-28 09:25:50 [INFO] adaboost.adaboost:25 - model is <base_models.decision_stump.DecisionStump object at 0x0000019F7F458F40>
2025-06-28 09:25:50 [INFO] adaboost.adaboost:25 - model is <base_models.decision_stump.DecisionStump object at 0x0000019F7F458D90>
2025-06-28 09:25:50 [INFO] adaboost.adaboost:25 - model is <base_models.decision_stump.DecisionStump object at 0x0000019F7F4588B0>
2025-06-28 09:25:50 [INFO] adaboost.adaboost:25 - model is <base_models.decision_stump.DecisionStump object at 0x0000019F7F458AC0>
2025-06-28 09:25:50 [INFO] adaboost.adaboost:25 - model is <base_models.decision_stump.DecisionStump object at 0x0000019F7F458100>
2025-06-28 09:25:50 [INFO] adaboost.adaboost:25 - model is <base_models.decision_stump.DecisionStump object at 0x0000019F7F458EB0>
2025-06-28 09:25:50 [INFO] adaboost.adaboost:25 - model is <base_models.decision_stump.DecisionStump object at 0x0000019F7F458C10>
2025-06-28 09:25:50 [INFO] adaboost.adaboost:25 - model is <base_models.decision_stump.DecisionStump object at 0x0000019F7F4584C0>
2025-06-28 09:25:50 [INFO] adaboost.adaboost:25 - model is <base_models.decision_stump.DecisionStump object at 0x0000019F1AF9DF70>
2025-06-28 09:25:50 [INFO] adaboost.adaboost:25 - model is <base_models.decision_stump.DecisionStump object at 0x0000019F1AF9DFA0>
2025-06-28 09:25:50 [INFO] adaboost.adaboost:25 - model is <base_models.decision_stump.DecisionStump object at 0x0000019F1AF9DD00>
2025-06-28 09:25:50 [INFO] adaboost.adaboost:25 - model is <base_models.decision_stump.DecisionStump object at 0x0000019F1AF9DE80>
2025-06-28 09:25:50 [INFO] adaboost.adaboost:25 - model is <base_models.decision_stump.DecisionStump object at 0x0000019F1AF9DD90>
2025-06-28 09:25:50 [INFO] adaboost.adaboost:25 - model is <base_models.decision_stump.DecisionStump object at 0x0000019F1AF9DDF0>
2025-06-28 09:25:50 [INFO] adaboost.adaboost:25 - model is <base_models.decision_stump.DecisionStump object at 0x0000019F1AF9DEE0>
2025-06-28 09:25:50 [INFO] adaboost.adaboost:25 - model is <base_models.decision_stump.DecisionStump object at 0x0000019F1AF9DDC0>
2025-06-28 09:25:50 [INFO] adaboost.adaboost:25 - model is <base_models.decision_stump.DecisionStump object at 0x0000019F1AF9DCA0>
2025-06-28 09:25:50 [INFO] adaboost.adaboost:25 - model is <base_models.decision_stump.DecisionStump object at 0x0000019F7F45A250>
2025-06-28 09:25:50 [INFO] adaboost.adaboost:25 - model is <base_models.decision_stump.DecisionStump object at 0x0000019F7F45A490>
2025-06-28 09:25:50 [INFO] adaboost.adaboost:25 - model is <base_models.decision_stump.DecisionStump object at 0x0000019F7F45A400>
2025-06-28 09:25:50 [INFO] adaboost.adaboost:25 - model is <base_models.decision_stump.DecisionStump object at 0x0000019F7F45A430>
2025-06-28 09:25:50 [INFO] adaboost.adaboost:25 - model is <base_models.decision_stump.DecisionStump object at 0x0000019F7F45A4F0>
2025-06-28 09:25:50 [INFO] adaboost.adaboost:25 - model is <base_models.decision_stump.DecisionStump object at 0x0000019F7F452FA0>
2025-06-28 09:25:50 [INFO] adaboost.adaboost:25 - model is <base_models.decision_stump.DecisionStump object at 0x0000019F7F452F70>
2025-06-28 09:25:50 [INFO] adaboost.adaboost:25 - model is <base_models.decision_stump.DecisionStump object at 0x0000019F7F452F10>
2025-06-28 09:25:50 [INFO] adaboost.adaboost:25 - model is <base_models.decision_stump.DecisionStump object at 0x0000019F7F452EB0>
2025-06-28 09:25:50 [INFO] adaboost.adaboost:25 - model is <base_models.decision_stump.DecisionStump object at 0x0000019F7F452E50>
2025-06-28 09:25:50 [INFO] adaboost.adaboost:25 - model is <base_models.decision_stump.DecisionStump object at 0x0000019F7F452DF0>
2025-06-28 09:25:51 [INFO] adaboost.adaboost:25 - model is <base_models.decision_stump.DecisionStump object at 0x0000019F7F452D90>
2025-06-28 09:25:51 [INFO] adaboost.adaboost:25 - model is <base_models.decision_stump.DecisionStump object at 0x0000019F7F452D30>
2025-06-28 09:25:51 [INFO] adaboost.adaboost:25 - model is <base_models.decision_stump.DecisionStump object at 0x0000019F7F452CD0>
2025-06-28 09:25:51 [INFO] adaboost.adaboost:25 - model is <base_models.decision_stump.DecisionStump object at 0x0000019F7F452C70>
2025-06-28 09:25:51 [INFO] adaboost.adaboost:25 - model is <base_models.decision_stump.DecisionStump object at 0x0000019F7F452C10>
2025-06-28 09:25:51 [INFO] adaboost.adaboost:25 - model is <base_models.decision_stump.DecisionStump object at 0x0000019F7F452BB0>
2025-06-28 09:25:51 [INFO] adaboost.adaboost:25 - model is <base_models.decision_stump.DecisionStump object at 0x0000019F7F452160>
2025-06-28 09:25:51 [INFO] adaboost.adaboost:25 - model is <base_models.decision_stump.DecisionStump object at 0x0000019F7F452100>
2025-06-28 09:25:51 [INFO] adaboost.adaboost:25 - model is <base_models.decision_stump.DecisionStump object at 0x0000019F7F4520A0>
2025-06-28 09:25:51 [INFO] adaboost.adaboost:25 - model is <base_models.decision_stump.DecisionStump object at 0x0000019F7F452040>
2025-06-28 09:25:51 [INFO] adaboost.adaboost:25 - model is <base_models.decision_stump.DecisionStump object at 0x0000019F7F4526D0>
2025-06-28 09:25:51 [INFO] adaboost.adaboost:25 - model is <base_models.decision_stump.DecisionStump object at 0x0000019F7F452670>
2025-06-28 09:25:51 [INFO] adaboost.adaboost:25 - model is <base_models.decision_stump.DecisionStump object at 0x0000019F7F452610>
2025-06-28 09:25:51 [INFO] adaboost.adaboost:25 - model is <base_models.decision_stump.DecisionStump object at 0x0000019F7F4525B0>
2025-06-28 09:25:51 [INFO] adaboost.adaboost:25 - model is <base_models.decision_stump.DecisionStump object at 0x0000019F7F452550>
2025-06-28 09:25:51 [INFO] adaboost.adaboost:25 - model is <base_models.decision_stump.DecisionStump object at 0x0000019F7F452430>
2025-06-28 09:25:51 [INFO] adaboost.adaboost:25 - model is <base_models.decision_stump.DecisionStump object at 0x0000019F70E24C70>
2025-06-28 09:25:51 [INFO] adaboost.adaboost:25 - model is <base_models.decision_stump.DecisionStump object at 0x0000019F7F407D60>
2025-06-28 09:25:51 [INFO] adaboost.adaboost:25 - model is <base_models.decision_stump.DecisionStump object at 0x0000019F7F456820>
2025-06-28 09:25:51 [INFO] adaboost.adaboost:25 - model is <base_models.decision_stump.DecisionStump object at 0x0000019F7F416100>
2025-06-28 09:25:51 [INFO] adaboost.adaboost:25 - model is <base_models.decision_stump.DecisionStump object at 0x0000019F7F4567F0>
2025-06-28 09:25:51 [INFO] adaboost.adaboost:25 - model is <base_models.decision_stump.DecisionStump object at 0x0000019F7F445970>
2025-06-28 09:25:51 [INFO] adaboost.adaboost:25 - model is <base_models.decision_stump.DecisionStump object at 0x0000019F7F4459A0>
2025-06-28 09:25:51 [INFO] adaboost.adaboost:25 - model is <base_models.decision_stump.DecisionStump object at 0x0000019F7F445B80>
2025-06-28 09:25:51 [INFO] adaboost.adaboost:25 - model is <base_models.decision_stump.DecisionStump object at 0x0000019F7F445F10>
2025-06-28 09:25:51 [INFO] adaboost.adaboost:25 - model is <base_models.decision_stump.DecisionStump object at 0x0000019F7F445F70>
2025-06-28 09:25:51 [INFO] adaboost.adaboost:25 - model is <base_models.decision_stump.DecisionStump object at 0x0000019F7F445FD0>
2025-06-28 09:25:51 [INFO] adaboost.adaboost:25 - model is <base_models.decision_stump.DecisionStump object at 0x0000019F7F445EB0>
2025-06-28 09:25:51 [INFO] adaboost.adaboost:25 - model is <base_models.decision_stump.DecisionStump object at 0x0000019F7F445E50>
2025-06-28 09:25:51 [INFO] adaboost.adaboost:25 - model is <base_models.decision_stump.DecisionStump object at 0x0000019F7F445DF0>
2025-06-28 09:25:51 [INFO] adaboost.adaboost:25 - model is <base_models.decision_stump.DecisionStump object at 0x0000019F7F445D90>
2025-06-28 09:25:51 [INFO] adaboost.adaboost:25 - model is <base_models.decision_stump.DecisionStump object at 0x0000019F7F445D30>
2025-06-28 09:25:51 [INFO] adaboost.adaboost:25 - model is <base_models.decision_stump.DecisionStump object at 0x0000019F7F445A00>
2025-06-28 09:25:51 [INFO] adaboost.adaboost:25 - model is <base_models.decision_stump.DecisionStump object at 0x0000019F7F445940>
2025-06-28 09:25:51 [INFO] adaboost.adaboost:25 - model is <base_models.decision_stump.DecisionStump object at 0x0000019F7F4458E0>
2025-06-28 09:25:51 [INFO] adaboost.adaboost:25 - model is <base_models.decision_stump.DecisionStump object at 0x0000019F7F445820>
2025-06-28 09:25:51 [INFO] adaboost.adaboost:25 - model is <base_models.decision_stump.DecisionStump object at 0x0000019F7F4454F0>
2025-06-28 09:25:51 [INFO] adaboost.adaboost:25 - model is <base_models.decision_stump.DecisionStump object at 0x0000019F7F445AC0>
2025-06-28 09:25:52 [INFO] adaboost.adaboost:25 - model is <base_models.decision_stump.DecisionStump object at 0x0000019F7F445C70>
2025-06-28 09:25:52 [INFO] adaboost.adaboost:25 - model is <base_models.decision_stump.DecisionStump object at 0x0000019F7F445C10>
2025-06-28 09:25:52 [INFO] adaboost.adaboost:25 - model is <base_models.decision_stump.DecisionStump object at 0x0000019F7F445BB0>
2025-06-28 09:25:52 [INFO] adaboost.adaboost:25 - model is <base_models.decision_stump.DecisionStump object at 0x0000019F7F445CD0>
2025-06-28 09:25:52 [INFO] adaboost.adaboost:25 - model is <base_models.decision_stump.DecisionStump object at 0x0000019F7F445A30>
2025-06-28 09:25:52 [INFO] adaboost.adaboost:25 - model is <base_models.decision_stump.DecisionStump object at 0x0000019F7F445AF0>
2025-06-28 09:25:52 [INFO] adaboost.adaboost:25 - model is <base_models.decision_stump.DecisionStump object at 0x0000019F7F445850>
2025-06-28 09:25:52 [INFO] adaboost.adaboost:25 - model is <base_models.decision_stump.DecisionStump object at 0x0000019F7F458040>
2025-06-28 09:25:52 [INFO] adaboost.adaboost:25 - model is <base_models.decision_stump.DecisionStump object at 0x0000019F7F458070>
2025-06-28 09:25:52 [INFO] adaboost.adaboost:25 - model is <base_models.decision_stump.DecisionStump object at 0x0000019F7F458160>
2025-06-28 09:25:52 [INFO] adaboost.adaboost:25 - model is <base_models.decision_stump.DecisionStump object at 0x0000019F7F458550>
2025-06-28 09:25:52 [INFO] adaboost.adaboost:25 - model is <base_models.decision_stump.DecisionStump object at 0x0000019F7F4581C0>
2025-06-28 09:25:52 [INFO] adaboost.adaboost:25 - model is <base_models.decision_stump.DecisionStump object at 0x0000019F7F458220>
2025-06-28 09:25:52 [INFO] adaboost.adaboost:25 - model is <base_models.decision_stump.DecisionStump object at 0x0000019F7F458280>
2025-06-28 09:25:52 [INFO] adaboost.adaboost:25 - model is <base_models.decision_stump.DecisionStump object at 0x0000019F7F4582E0>
2025-06-28 09:25:52 [INFO] adaboost.adaboost:25 - model is <base_models.decision_stump.DecisionStump object at 0x0000019F7F458340>
2025-06-28 09:25:52 [INFO] adaboost.adaboost:25 - model is <base_models.decision_stump.DecisionStump object at 0x0000019F7F4583A0>
2025-06-28 09:25:52 [INFO] adaboost.adaboost:25 - model is <base_models.decision_stump.DecisionStump object at 0x0000019F7F458400>
2025-06-28 09:25:52 [INFO] adaboost.adaboost:25 - model is <base_models.decision_stump.DecisionStump object at 0x0000019F7F458580>
2025-06-28 09:25:52 [INFO] adaboost.adaboost:25 - model is <base_models.decision_stump.DecisionStump object at 0x0000019F7F4585E0>
2025-06-28 09:25:52 [INFO] adaboost.adaboost:25 - model is <base_models.decision_stump.DecisionStump object at 0x0000019F7F458640>
2025-06-28 09:25:52 [INFO] adaboost.adaboost:25 - model is <base_models.decision_stump.DecisionStump object at 0x0000019F7F4586A0>
2025-06-28 09:25:52 [INFO] adaboost.adaboost:25 - model is <base_models.decision_stump.DecisionStump object at 0x0000019F7F458700>
2025-06-28 09:25:52 [INFO] adaboost.adaboost:25 - model is <base_models.decision_stump.DecisionStump object at 0x0000019F7F458760>
2025-06-28 09:25:52 [INFO] adaboost.adaboost:25 - model is <base_models.decision_stump.DecisionStump object at 0x0000019F7F4587C0>
2025-06-28 09:25:52 [INFO] adaboost.adaboost:25 - model is <base_models.decision_stump.DecisionStump object at 0x0000019F7F458820>
2025-06-28 09:25:52 [INFO] adaboost.adaboost:25 - model is <base_models.decision_stump.DecisionStump object at 0x0000019F7F458940>
2025-06-28 09:25:52 [INFO] adaboost.adaboost:25 - model is <base_models.decision_stump.DecisionStump object at 0x0000019F7F4589A0>
2025-06-28 09:25:52 [INFO] adaboost.adaboost:25 - model is <base_models.decision_stump.DecisionStump object at 0x0000019F7F458A00>
2025-06-28 09:25:52 [INFO] adaboost.adaboost:25 - model is <base_models.decision_stump.DecisionStump object at 0x0000019F7F458A60>
2025-06-28 09:25:52 [INFO] adaboost.adaboost:25 - model is <base_models.decision_stump.DecisionStump object at 0x0000019F7F458B20>
2025-06-28 09:25:52 [INFO] adaboost.adaboost:25 - model is <base_models.decision_stump.DecisionStump object at 0x0000019F7F458B80>
2025-06-28 09:25:52 [INFO] adaboost.adaboost:25 - model is <base_models.decision_stump.DecisionStump object at 0x0000019F7F458CA0>
2025-06-28 09:25:52 [INFO] adaboost.adaboost:25 - model is <base_models.decision_stump.DecisionStump object at 0x0000019F7F458EE0>
2025-06-28 09:25:52 [INFO] adaboost.adaboost:25 - model is <base_models.decision_stump.DecisionStump object at 0x0000019F7F458C40>
2025-06-28 09:25:52 [INFO] adaboost.adaboost:25 - model is <base_models.decision_stump.DecisionStump object at 0x0000019F7F4588E0>
2025-06-28 09:25:53 [INFO] adaboost.adaboost:25 - model is <base_models.decision_stump.DecisionStump object at 0x0000019F7F458AF0>
2025-06-28 09:25:53 [INFO] adaboost.adaboost:25 - model is <base_models.decision_stump.DecisionStump object at 0x0000019F7F4580D0>
2025-06-28 09:25:53 [INFO] adaboost.adaboost:25 - model is <base_models.decision_stump.DecisionStump object at 0x0000019F7F458910>
2025-06-28 09:25:53 [INFO] adaboost.adaboost:25 - model is <base_models.decision_stump.DecisionStump object at 0x0000019F7F458880>
2025-06-28 09:25:53 [INFO] adaboost.adaboost:25 - model is <base_models.decision_stump.DecisionStump object at 0x0000019F7F458520>
2025-06-28 09:25:53 [INFO] adaboost.adaboost:25 - model is <base_models.decision_stump.DecisionStump object at 0x0000019F7F458490>
2025-06-28 09:25:53 [INFO] adaboost.adaboost:25 - model is <base_models.decision_stump.DecisionStump object at 0x0000019F1AF9DFA0>
2025-06-28 09:25:53 [INFO] adaboost.adaboost:25 - model is <base_models.decision_stump.DecisionStump object at 0x0000019F1AF9DFD0>
2025-06-28 09:25:53 [INFO] adaboost.adaboost:25 - model is <base_models.decision_stump.DecisionStump object at 0x0000019F1AF9DD30>
2025-06-28 09:25:53 [INFO] adaboost.adaboost:25 - model is <base_models.decision_stump.DecisionStump object at 0x0000019F1AF9DE50>
2025-06-28 09:25:53 [INFO] adaboost.adaboost:25 - model is <base_models.decision_stump.DecisionStump object at 0x0000019F1AF9DE20>
2025-06-28 09:25:53 [INFO] adaboost.adaboost:25 - model is <base_models.decision_stump.DecisionStump object at 0x0000019F1AF9DEB0>
2025-06-28 09:25:53 [INFO] adaboost.adaboost:25 - model is <base_models.decision_stump.DecisionStump object at 0x0000019F1AF9DF10>
2025-06-28 09:25:53 [INFO] adaboost.adaboost:25 - model is <base_models.decision_stump.DecisionStump object at 0x0000019F1AF9DF40>
2025-06-28 09:25:53 [INFO] adaboost.adaboost:25 - model is <base_models.decision_stump.DecisionStump object at 0x0000019F1AF9DCA0>
2025-06-28 09:25:53 [INFO] adaboost.adaboost:25 - model is <base_models.decision_stump.DecisionStump object at 0x0000019F7F45A250>
2025-06-28 09:25:53 [INFO] adaboost.adaboost:25 - model is <base_models.decision_stump.DecisionStump object at 0x0000019F7F45A3D0>
2025-06-28 09:25:53 [INFO] adaboost.adaboost:25 - model is <base_models.decision_stump.DecisionStump object at 0x0000019F7F45A3A0>
2025-06-28 09:25:53 [INFO] adaboost.adaboost:25 - model is <base_models.decision_stump.DecisionStump object at 0x0000019F7F45A370>
2025-06-28 09:25:53 [INFO] adaboost.adaboost:25 - model is <base_models.decision_stump.DecisionStump object at 0x0000019F7F45A460>
2025-06-28 09:25:53 [INFO] adaboost.adaboost:25 - model is <base_models.decision_stump.DecisionStump object at 0x0000019F7F45A4C0>
2025-06-28 09:25:53 [INFO] adaboost.adaboost:25 - model is <base_models.decision_stump.DecisionStump object at 0x0000019F7F450550>
2025-06-28 09:25:53 [INFO] adaboost.adaboost:25 - model is <base_models.decision_stump.DecisionStump object at 0x0000019F7F450910>
2025-06-28 09:25:53 [INFO] adaboost.adaboost:25 - model is <base_models.decision_stump.DecisionStump object at 0x0000019F7F450970>
2025-06-28 09:25:53 [INFO] adaboost.adaboost:25 - model is <base_models.decision_stump.DecisionStump object at 0x0000019F7F450A60>
2025-06-28 09:25:53 [INFO] adaboost.adaboost:25 - model is <base_models.decision_stump.DecisionStump object at 0x0000019F7F450460>
2025-06-28 09:25:53 [INFO] adaboost.adaboost:25 - model is <base_models.decision_stump.DecisionStump object at 0x0000019F7F450AC0>
2025-06-28 09:25:53 [INFO] adaboost.adaboost:25 - model is <base_models.decision_stump.DecisionStump object at 0x0000019F7F450580>
2025-06-28 09:25:53 [INFO] adaboost.adaboost:25 - model is <base_models.decision_stump.DecisionStump object at 0x0000019F7F4505E0>
2025-06-28 09:25:53 [INFO] adaboost.adaboost:25 - model is <base_models.decision_stump.DecisionStump object at 0x0000019F7F450640>
2025-06-28 09:25:53 [INFO] adaboost.adaboost:25 - model is <base_models.decision_stump.DecisionStump object at 0x0000019F7F4506A0>
2025-06-28 09:25:53 [INFO] adaboost.adaboost:25 - model is <base_models.decision_stump.DecisionStump object at 0x0000019F7F450700>
2025-06-28 09:25:53 [INFO] adaboost.adaboost:25 - model is <base_models.decision_stump.DecisionStump object at 0x0000019F7F450CA0>
2025-06-28 09:25:53 [INFO] adaboost.adaboost:25 - model is <base_models.decision_stump.DecisionStump object at 0x0000019F7F450C40>
2025-06-28 09:25:53 [INFO] adaboost.adaboost:25 - model is <base_models.decision_stump.DecisionStump object at 0x0000019F7F450BE0>
2025-06-28 09:25:53 [INFO] adaboost.adaboost:25 - model is <base_models.decision_stump.DecisionStump object at 0x0000019F7F450B80>
2025-06-28 09:25:54 [INFO] adaboost.adaboost:25 - model is <base_models.decision_stump.DecisionStump object at 0x0000019F7F450B20>
2025-06-28 09:25:54 [INFO] adaboost.adaboost:25 - model is <base_models.decision_stump.DecisionStump object at 0x0000019F7F450250>
2025-06-28 09:25:54 [INFO] adaboost.adaboost:25 - model is <base_models.decision_stump.DecisionStump object at 0x0000019F7F4501F0>
2025-06-28 09:25:54 [INFO] adaboost.adaboost:25 - model is <base_models.decision_stump.DecisionStump object at 0x0000019F7F450190>
2025-06-28 09:25:54 [INFO] adaboost.adaboost:25 - model is <base_models.decision_stump.DecisionStump object at 0x0000019F7F450130>
2025-06-28 09:25:54 [INFO] adaboost.adaboost:25 - model is <base_models.decision_stump.DecisionStump object at 0x0000019F7F4500D0>
2025-06-28 09:25:54 [INFO] adaboost.adaboost:25 - model is <base_models.decision_stump.DecisionStump object at 0x0000019F70E24C70>
2025-06-28 09:25:54 [INFO] adaboost.adaboost:25 - model is <base_models.decision_stump.DecisionStump object at 0x0000019F7F416100>
2025-06-28 09:25:54 [INFO] adaboost.adaboost:25 - model is <base_models.decision_stump.DecisionStump object at 0x0000019F7F4568E0>
2025-06-28 09:25:54 [INFO] adaboost.adaboost:25 - model is <base_models.decision_stump.DecisionStump object at 0x0000019F7F416190>
2025-06-28 09:25:54 [INFO] adaboost.adaboost:25 - model is <base_models.decision_stump.DecisionStump object at 0x0000019F7F4567F0>
2025-06-28 09:25:54 [INFO] adaboost.adaboost:25 - model is <base_models.decision_stump.DecisionStump object at 0x0000019F7F4459A0>
2025-06-28 09:25:54 [INFO] adaboost.adaboost:25 - model is <base_models.decision_stump.DecisionStump object at 0x0000019F7F445B50>
2025-06-28 09:25:54 [INFO] adaboost.adaboost:25 - model is <base_models.decision_stump.DecisionStump object at 0x0000019F7F445F40>
2025-06-28 09:25:54 [INFO] adaboost.adaboost:25 - model is <base_models.decision_stump.DecisionStump object at 0x0000019F7F445550>
2025-06-28 09:25:54 [INFO] adaboost.adaboost:25 - model is <base_models.decision_stump.DecisionStump object at 0x0000019F7F445FA0>
2025-06-28 09:25:54 [INFO] adaboost.adaboost:25 - model is <base_models.decision_stump.DecisionStump object at 0x0000019F7F445EE0>
2025-06-28 09:25:54 [INFO] adaboost.adaboost:25 - model is <base_models.decision_stump.DecisionStump object at 0x0000019F7F445E80>
2025-06-28 09:25:54 [INFO] adaboost.adaboost:25 - model is <base_models.decision_stump.DecisionStump object at 0x0000019F7F445E20>
2025-06-28 09:25:54 [INFO] adaboost.adaboost:25 - model is <base_models.decision_stump.DecisionStump object at 0x0000019F7F445DC0>
2025-06-28 09:25:54 [INFO] adaboost.adaboost:25 - model is <base_models.decision_stump.DecisionStump object at 0x0000019F7F445D60>
2025-06-28 09:25:54 [INFO] adaboost.adaboost:25 - model is <base_models.decision_stump.DecisionStump object at 0x0000019F7F445D00>
2025-06-28 09:25:54 [INFO] adaboost.adaboost:25 - model is <base_models.decision_stump.DecisionStump object at 0x0000019F7F4459D0>
2025-06-28 09:25:54 [INFO] adaboost.adaboost:25 - model is <base_models.decision_stump.DecisionStump object at 0x0000019F7F445910>
2025-06-28 09:25:54 [INFO] adaboost.adaboost:25 - model is <base_models.decision_stump.DecisionStump object at 0x0000019F7F4458B0>
2025-06-28 09:25:54 [INFO] adaboost.adaboost:25 - model is <base_models.decision_stump.DecisionStump object at 0x0000019F7F4457F0>
2025-06-28 09:25:54 [INFO] adaboost.adaboost:25 - model is <base_models.decision_stump.DecisionStump object at 0x0000019F7F445700>
2025-06-28 09:25:54 [INFO] adaboost.adaboost:25 - model is <base_models.decision_stump.DecisionStump object at 0x0000019F7F445A90>
2025-06-28 09:25:54 [INFO] adaboost.adaboost:25 - model is <base_models.decision_stump.DecisionStump object at 0x0000019F7F445CA0>
2025-06-28 09:25:54 [INFO] adaboost.adaboost:25 - model is <base_models.decision_stump.DecisionStump object at 0x0000019F7F445B20>
2025-06-28 09:25:54 [INFO] adaboost.adaboost:25 - model is <base_models.decision_stump.DecisionStump object at 0x0000019F7F445BE0>
2025-06-28 09:25:54 [INFO] adaboost.adaboost:25 - model is <base_models.decision_stump.DecisionStump object at 0x0000019F7F445A60>
2025-06-28 09:25:54 [INFO] adaboost.adaboost:25 - model is <base_models.decision_stump.DecisionStump object at 0x0000019F7F445C40>
2025-06-28 09:25:54 [INFO] adaboost.adaboost:25 - model is <base_models.decision_stump.DecisionStump object at 0x0000019F7F445730>
2025-06-28 09:25:54 [INFO] adaboost.adaboost:25 - model is <base_models.decision_stump.DecisionStump object at 0x0000019F7F445880>
2025-06-28 09:25:54 [INFO] adaboost.adaboost:25 - model is <base_models.decision_stump.DecisionStump object at 0x0000019F7F458070>
2025-06-28 09:25:54 [INFO] adaboost.adaboost:25 - model is <base_models.decision_stump.DecisionStump object at 0x0000019F7F4580A0>
2025-06-28 09:25:55 [INFO] adaboost.adaboost:25 - model is <base_models.decision_stump.DecisionStump object at 0x0000019F7F458130>
2025-06-28 09:25:55 [INFO] adaboost.adaboost:25 - model is <base_models.decision_stump.DecisionStump object at 0x0000019F7F458190>
2025-06-28 09:25:55 [INFO] adaboost.adaboost:25 - model is <base_models.decision_stump.DecisionStump object at 0x0000019F7F4581F0>
2025-06-28 09:25:55 [INFO] adaboost.adaboost:25 - model is <base_models.decision_stump.DecisionStump object at 0x0000019F7F458250>
2025-06-28 09:25:55 [INFO] adaboost.adaboost:25 - model is <base_models.decision_stump.DecisionStump object at 0x0000019F7F4582B0>
2025-06-28 09:25:55 [INFO] adaboost.adaboost:25 - model is <base_models.decision_stump.DecisionStump object at 0x0000019F7F458310>
2025-06-28 09:25:55 [INFO] adaboost.adaboost:25 - model is <base_models.decision_stump.DecisionStump object at 0x0000019F7F458370>
2025-06-28 09:25:55 [INFO] adaboost.adaboost:25 - model is <base_models.decision_stump.DecisionStump object at 0x0000019F7F4583D0>
2025-06-28 09:25:55 [INFO] adaboost.adaboost:25 - model is <base_models.decision_stump.DecisionStump object at 0x0000019F7F458430>
2025-06-28 09:25:55 [INFO] adaboost.adaboost:25 - model is <base_models.decision_stump.DecisionStump object at 0x0000019F7F4585B0>
2025-06-28 09:25:55 [INFO] adaboost.adaboost:25 - model is <base_models.decision_stump.DecisionStump object at 0x0000019F7F458610>
2025-06-28 09:25:55 [INFO] adaboost.adaboost:25 - model is <base_models.decision_stump.DecisionStump object at 0x0000019F7F458670>
2025-06-28 09:25:55 [INFO] adaboost.adaboost:25 - model is <base_models.decision_stump.DecisionStump object at 0x0000019F7F4586D0>
2025-06-28 09:25:55 [INFO] adaboost.adaboost:25 - model is <base_models.decision_stump.DecisionStump object at 0x0000019F7F458730>
2025-06-28 09:25:55 [INFO] adaboost.adaboost:25 - model is <base_models.decision_stump.DecisionStump object at 0x0000019F7F458790>
2025-06-28 09:25:55 [INFO] adaboost.adaboost:25 - model is <base_models.decision_stump.DecisionStump object at 0x0000019F7F4587F0>
2025-06-28 09:25:55 [INFO] adaboost.adaboost:25 - model is <base_models.decision_stump.DecisionStump object at 0x0000019F7F458850>
2025-06-28 09:25:55 [INFO] adaboost.adaboost:25 - model is <base_models.decision_stump.DecisionStump object at 0x0000019F7F458970>
2025-06-28 09:25:55 [INFO] adaboost.adaboost:25 - model is <base_models.decision_stump.DecisionStump object at 0x0000019F7F4589D0>
2025-06-28 09:25:55 [INFO] adaboost.adaboost:25 - model is <base_models.decision_stump.DecisionStump object at 0x0000019F7F458A30>
2025-06-28 09:25:55 [INFO] adaboost.adaboost:25 - model is <base_models.decision_stump.DecisionStump object at 0x0000019F7F458A90>
2025-06-28 09:25:55 [INFO] adaboost.adaboost:25 - model is <base_models.decision_stump.DecisionStump object at 0x0000019F7F458B50>
2025-06-28 09:25:55 [INFO] adaboost.adaboost:25 - model is <base_models.decision_stump.DecisionStump object at 0x0000019F7F458BE0>
2025-06-28 09:25:55 [INFO] adaboost.adaboost:25 - model is <base_models.decision_stump.DecisionStump object at 0x0000019F7F458CD0>
2025-06-28 09:25:55 [INFO] adaboost.adaboost:25 - model is <base_models.decision_stump.DecisionStump object at 0x0000019F7F458F40>
2025-06-28 09:25:55 [INFO] adaboost.adaboost:25 - model is <base_models.decision_stump.DecisionStump object at 0x0000019F7F458D90>
2025-06-28 09:25:55 [INFO] adaboost.adaboost:25 - model is <base_models.decision_stump.DecisionStump object at 0x0000019F7F4588B0>
2025-06-28 09:25:55 [INFO] adaboost.adaboost:25 - model is <base_models.decision_stump.DecisionStump object at 0x0000019F7F458AC0>
2025-06-28 09:25:55 [INFO] adaboost.adaboost:25 - model is <base_models.decision_stump.DecisionStump object at 0x0000019F7F458100>
2025-06-28 09:25:55 [INFO] adaboost.adaboost:25 - model is <base_models.decision_stump.DecisionStump object at 0x0000019F7F458EB0>
2025-06-28 09:25:55 [INFO] adaboost.adaboost:25 - model is <base_models.decision_stump.DecisionStump object at 0x0000019F7F458C10>
2025-06-28 09:25:55 [INFO] adaboost.adaboost:25 - model is <base_models.decision_stump.DecisionStump object at 0x0000019F7F4584C0>
2025-06-28 09:25:55 [INFO] adaboost.adaboost:25 - model is <base_models.decision_stump.DecisionStump object at 0x0000019F7F458460>
2025-06-28 09:25:55 [INFO] adaboost.adaboost:25 - model is <base_models.decision_stump.DecisionStump object at 0x0000019F1AF9DFD0>
2025-06-28 09:25:55 [INFO] adaboost.adaboost:25 - model is <base_models.decision_stump.DecisionStump object at 0x0000019F1AF9DD00>
2025-06-28 09:25:55 [INFO] adaboost.adaboost:25 - model is <base_models.decision_stump.DecisionStump object at 0x0000019F1AF9DE80>
2025-06-28 09:25:55 [INFO] adaboost.adaboost:25 - model is <base_models.decision_stump.DecisionStump object at 0x0000019F1AF9DD90>
2025-06-28 09:25:56 [INFO] adaboost.adaboost:25 - model is <base_models.decision_stump.DecisionStump object at 0x0000019F1AF9DDF0>
2025-06-28 09:25:56 [INFO] adaboost.adaboost:25 - model is <base_models.decision_stump.DecisionStump object at 0x0000019F1AF9DEE0>
2025-06-28 09:25:56 [INFO] adaboost.adaboost:25 - model is <base_models.decision_stump.DecisionStump object at 0x0000019F1AF9DDC0>
2025-06-28 09:25:56 [INFO] adaboost.adaboost:25 - model is <base_models.decision_stump.DecisionStump object at 0x0000019F1AF9DF70>
2025-06-28 09:25:56 [INFO] adaboost.adaboost:25 - model is <base_models.decision_stump.DecisionStump object at 0x0000019F1AF9DCA0>
2025-06-28 09:25:56 [INFO] adaboost.adaboost:25 - model is <base_models.decision_stump.DecisionStump object at 0x0000019F7F45A3D0>
2025-06-28 09:25:56 [INFO] adaboost.adaboost:25 - model is <base_models.decision_stump.DecisionStump object at 0x0000019F7F45A490>
2025-06-28 09:25:56 [INFO] adaboost.adaboost:25 - model is <base_models.decision_stump.DecisionStump object at 0x0000019F7F45A400>
2025-06-28 09:25:56 [INFO] adaboost.adaboost:25 - model is <base_models.decision_stump.DecisionStump object at 0x0000019F7F45A430>
2025-06-28 09:25:56 [INFO] adaboost.adaboost:25 - model is <base_models.decision_stump.DecisionStump object at 0x0000019F7F45A4F0>
2025-06-28 09:25:56 [INFO] adaboost.adaboost:25 - model is <base_models.decision_stump.DecisionStump object at 0x0000019F7F45A2B0>
2025-06-28 09:25:56 [INFO] adaboost.adaboost:25 - model is <base_models.decision_stump.DecisionStump object at 0x0000019F1AE53160>
2025-06-28 09:25:56 [INFO] adaboost.adaboost:25 - model is <base_models.decision_stump.DecisionStump object at 0x0000019F1AE53190>
2025-06-28 09:25:56 [INFO] adaboost.adaboost:25 - model is <base_models.decision_stump.DecisionStump object at 0x0000019F1AE531F0>
2025-06-28 09:25:56 [INFO] adaboost.adaboost:25 - model is <base_models.decision_stump.DecisionStump object at 0x0000019F1AE53250>
2025-06-28 09:25:56 [INFO] adaboost.adaboost:25 - model is <base_models.decision_stump.DecisionStump object at 0x0000019F1AE532B0>
2025-06-28 09:25:56 [INFO] adaboost.adaboost:25 - model is <base_models.decision_stump.DecisionStump object at 0x0000019F1AE53310>
2025-06-28 09:25:56 [INFO] adaboost.adaboost:25 - model is <base_models.decision_stump.DecisionStump object at 0x0000019F1AE53370>
2025-06-28 09:25:56 [INFO] adaboost.adaboost:25 - model is <base_models.decision_stump.DecisionStump object at 0x0000019F1AE533D0>
2025-06-28 09:25:56 [INFO] adaboost.adaboost:25 - model is <base_models.decision_stump.DecisionStump object at 0x0000019F1AE53430>
2025-06-28 09:25:56 [INFO] adaboost.adaboost:25 - model is <base_models.decision_stump.DecisionStump object at 0x0000019F1AE53490>
2025-06-28 09:25:56 [INFO] adaboost.adaboost:25 - model is <base_models.decision_stump.DecisionStump object at 0x0000019F1AE534F0>
2025-06-28 09:25:56 [INFO] adaboost.adaboost:25 - model is <base_models.decision_stump.DecisionStump object at 0x0000019F1AE53550>
2025-06-28 09:25:56 [INFO] adaboost.adaboost:25 - model is <base_models.decision_stump.DecisionStump object at 0x0000019F1AE535B0>
2025-06-28 09:25:56 [INFO] adaboost.adaboost:25 - model is <base_models.decision_stump.DecisionStump object at 0x0000019F1AE53610>
2025-06-28 09:25:56 [INFO] adaboost.adaboost:25 - model is <base_models.decision_stump.DecisionStump object at 0x0000019F1AE53670>
2025-06-28 09:25:56 [INFO] adaboost.adaboost:25 - model is <base_models.decision_stump.DecisionStump object at 0x0000019F1AE536D0>
2025-06-28 09:25:56 [INFO] adaboost.adaboost:25 - model is <base_models.decision_stump.DecisionStump object at 0x0000019F1AE53730>
2025-06-28 09:25:56 [INFO] adaboost.adaboost:25 - model is <base_models.decision_stump.DecisionStump object at 0x0000019F1AE53790>
2025-06-28 09:25:56 [INFO] adaboost.adaboost:25 - model is <base_models.decision_stump.DecisionStump object at 0x0000019F1AE537F0>
2025-06-28 09:25:56 [INFO] adaboost.adaboost:25 - model is <base_models.decision_stump.DecisionStump object at 0x0000019F1AE53850>
2025-06-28 09:25:56 [INFO] adaboost.adaboost:25 - model is <base_models.decision_stump.DecisionStump object at 0x0000019F1AE538B0>
2025-06-28 09:25:56 [INFO] adaboost.adaboost:25 - model is <base_models.decision_stump.DecisionStump object at 0x0000019F70E24C70>
2025-06-28 09:25:56 [INFO] adaboost.adaboost:25 - model is <base_models.decision_stump.DecisionStump object at 0x0000019F7F407D60>
2025-06-28 09:25:56 [INFO] adaboost.adaboost:25 - model is <base_models.decision_stump.DecisionStump object at 0x0000019F7F4567F0>
2025-06-28 09:25:56 [INFO] adaboost.adaboost:25 - model is <base_models.decision_stump.DecisionStump object at 0x0000019F7F416190>
2025-06-28 09:25:56 [INFO] adaboost.adaboost:25 - model is <base_models.decision_stump.DecisionStump object at 0x0000019F7F4568E0>
2025-06-28 09:25:56 [INFO] adaboost.adaboost:25 - model is <base_models.decision_stump.DecisionStump object at 0x0000019F7F445B50>
2025-06-28 09:25:56 [INFO] adaboost.adaboost:25 - model is <base_models.decision_stump.DecisionStump object at 0x0000019F7F445B80>
2025-06-28 09:25:57 [INFO] adaboost.adaboost:25 - model is <base_models.decision_stump.DecisionStump object at 0x0000019F7F445F10>
2025-06-28 09:25:57 [INFO] adaboost.adaboost:25 - model is <base_models.decision_stump.DecisionStump object at 0x0000019F7F445F70>
2025-06-28 09:25:57 [INFO] adaboost.adaboost:25 - model is <base_models.decision_stump.DecisionStump object at 0x0000019F7F445FD0>
2025-06-28 09:25:57 [INFO] adaboost.adaboost:25 - model is <base_models.decision_stump.DecisionStump object at 0x0000019F7F445EB0>
2025-06-28 09:25:57 [INFO] adaboost.adaboost:25 - model is <base_models.decision_stump.DecisionStump object at 0x0000019F7F445E50>
2025-06-28 09:25:57 [INFO] adaboost.adaboost:25 - model is <base_models.decision_stump.DecisionStump object at 0x0000019F7F445DF0>
2025-06-28 09:25:57 [INFO] adaboost.adaboost:25 - model is <base_models.decision_stump.DecisionStump object at 0x0000019F7F445D90>
2025-06-28 09:25:57 [INFO] adaboost.adaboost:25 - model is <base_models.decision_stump.DecisionStump object at 0x0000019F7F445D30>
2025-06-28 09:25:57 [INFO] adaboost.adaboost:25 - model is <base_models.decision_stump.DecisionStump object at 0x0000019F7F445A00>
2025-06-28 09:25:57 [INFO] adaboost.adaboost:25 - model is <base_models.decision_stump.DecisionStump object at 0x0000019F7F445940>
2025-06-28 09:25:57 [INFO] adaboost.adaboost:25 - model is <base_models.decision_stump.DecisionStump object at 0x0000019F7F4458E0>
2025-06-28 09:25:57 [INFO] adaboost.adaboost:25 - model is <base_models.decision_stump.DecisionStump object at 0x0000019F7F445820>
2025-06-28 09:25:57 [INFO] adaboost.adaboost:25 - model is <base_models.decision_stump.DecisionStump object at 0x0000019F7F4454F0>
2025-06-28 09:25:57 [INFO] adaboost.adaboost:25 - model is <base_models.decision_stump.DecisionStump object at 0x0000019F7F445AC0>
2025-06-28 09:25:57 [INFO] adaboost.adaboost:25 - model is <base_models.decision_stump.DecisionStump object at 0x0000019F7F445C70>
2025-06-28 09:25:57 [INFO] adaboost.adaboost:25 - model is <base_models.decision_stump.DecisionStump object at 0x0000019F7F445C10>
2025-06-28 09:25:57 [INFO] adaboost.adaboost:25 - model is <base_models.decision_stump.DecisionStump object at 0x0000019F7F445BB0>
2025-06-28 09:25:57 [INFO] adaboost.adaboost:25 - model is <base_models.decision_stump.DecisionStump object at 0x0000019F7F445CD0>
2025-06-28 09:25:57 [INFO] adaboost.adaboost:25 - model is <base_models.decision_stump.DecisionStump object at 0x0000019F7F445A30>
2025-06-28 09:25:57 [INFO] adaboost.adaboost:25 - model is <base_models.decision_stump.DecisionStump object at 0x0000019F7F445AF0>
2025-06-28 09:25:57 [INFO] adaboost.adaboost:25 - model is <base_models.decision_stump.DecisionStump object at 0x0000019F7F445850>
2025-06-28 09:25:57 [INFO] adaboost.adaboost:25 - model is <base_models.decision_stump.DecisionStump object at 0x0000019F7F445970>
2025-06-28 09:25:57 [INFO] adaboost.adaboost:25 - model is <base_models.decision_stump.DecisionStump object at 0x0000019F7F4580A0>
2025-06-28 09:25:57 [INFO] adaboost.adaboost:25 - model is <base_models.decision_stump.DecisionStump object at 0x0000019F7F458160>
2025-06-28 09:25:57 [INFO] adaboost.adaboost:25 - model is <base_models.decision_stump.DecisionStump object at 0x0000019F7F458550>
2025-06-28 09:25:57 [INFO] adaboost.adaboost:25 - model is <base_models.decision_stump.DecisionStump object at 0x0000019F7F4581C0>
2025-06-28 09:25:57 [INFO] adaboost.adaboost:25 - model is <base_models.decision_stump.DecisionStump object at 0x0000019F7F458220>
2025-06-28 09:25:57 [INFO] adaboost.adaboost:25 - model is <base_models.decision_stump.DecisionStump object at 0x0000019F7F458280>
2025-06-28 09:25:57 [INFO] adaboost.adaboost:25 - model is <base_models.decision_stump.DecisionStump object at 0x0000019F7F4582E0>
2025-06-28 09:25:57 [INFO] adaboost.adaboost:25 - model is <base_models.decision_stump.DecisionStump object at 0x0000019F7F458340>
2025-06-28 09:25:57 [INFO] adaboost.adaboost:25 - model is <base_models.decision_stump.DecisionStump object at 0x0000019F7F4583A0>
2025-06-28 09:25:57 [INFO] adaboost.adaboost:25 - model is <base_models.decision_stump.DecisionStump object at 0x0000019F7F458400>
2025-06-28 09:25:57 [INFO] adaboost.adaboost:25 - model is <base_models.decision_stump.DecisionStump object at 0x0000019F7F458580>
2025-06-28 09:25:57 [INFO] adaboost.adaboost:25 - model is <base_models.decision_stump.DecisionStump object at 0x0000019F7F4585E0>
2025-06-28 09:25:57 [INFO] adaboost.adaboost:25 - model is <base_models.decision_stump.DecisionStump object at 0x0000019F7F458640>
2025-06-28 09:25:57 [INFO] adaboost.adaboost:25 - model is <base_models.decision_stump.DecisionStump object at 0x0000019F7F4586A0>
2025-06-28 09:25:58 [INFO] adaboost.adaboost:25 - model is <base_models.decision_stump.DecisionStump object at 0x0000019F7F458700>
2025-06-28 09:25:58 [INFO] adaboost.adaboost:25 - model is <base_models.decision_stump.DecisionStump object at 0x0000019F7F458760>
2025-06-28 09:25:58 [INFO] adaboost.adaboost:25 - model is <base_models.decision_stump.DecisionStump object at 0x0000019F7F4587C0>
2025-06-28 09:25:58 [INFO] adaboost.adaboost:25 - model is <base_models.decision_stump.DecisionStump object at 0x0000019F7F458820>
2025-06-28 09:25:58 [INFO] adaboost.adaboost:25 - model is <base_models.decision_stump.DecisionStump object at 0x0000019F7F458940>
2025-06-28 09:25:58 [INFO] adaboost.adaboost:25 - model is <base_models.decision_stump.DecisionStump object at 0x0000019F7F4589A0>
2025-06-28 09:25:58 [INFO] adaboost.adaboost:25 - model is <base_models.decision_stump.DecisionStump object at 0x0000019F7F458A00>
2025-06-28 09:25:58 [INFO] adaboost.adaboost:25 - model is <base_models.decision_stump.DecisionStump object at 0x0000019F7F458A60>
2025-06-28 09:25:58 [INFO] adaboost.adaboost:25 - model is <base_models.decision_stump.DecisionStump object at 0x0000019F7F458B20>
2025-06-28 09:25:58 [INFO] adaboost.adaboost:25 - model is <base_models.decision_stump.DecisionStump object at 0x0000019F7F458B80>
2025-06-28 09:25:58 [INFO] adaboost.adaboost:25 - model is <base_models.decision_stump.DecisionStump object at 0x0000019F7F458CA0>
2025-06-28 09:25:58 [INFO] adaboost.adaboost:25 - model is <base_models.decision_stump.DecisionStump object at 0x0000019F7F458EE0>
2025-06-28 09:25:58 [INFO] adaboost.adaboost:25 - model is <base_models.decision_stump.DecisionStump object at 0x0000019F7F458C40>
2025-06-28 09:25:58 [INFO] adaboost.adaboost:25 - model is <base_models.decision_stump.DecisionStump object at 0x0000019F7F4588E0>
2025-06-28 09:25:58 [INFO] adaboost.adaboost:25 - model is <base_models.decision_stump.DecisionStump object at 0x0000019F7F458040>
2025-06-28 09:25:58 [INFO] adaboost.adaboost:25 - model is <base_models.decision_stump.DecisionStump object at 0x0000019F7F458880>
2025-06-28 09:25:58 [INFO] adaboost.adaboost:25 - model is <base_models.decision_stump.DecisionStump object at 0x0000019F7F458520>
2025-06-28 09:25:58 [INFO] adaboost.adaboost:25 - model is <base_models.decision_stump.DecisionStump object at 0x0000019F7F458490>
2025-06-28 09:25:58 [INFO] adaboost.adaboost:25 - model is <base_models.decision_stump.DecisionStump object at 0x0000019F7F458EB0>
2025-06-28 09:25:58 [INFO] adaboost.adaboost:25 - model is <base_models.decision_stump.DecisionStump object at 0x0000019F1AF9DD00>
2025-06-28 09:25:58 [INFO] adaboost.adaboost:25 - model is <base_models.decision_stump.DecisionStump object at 0x0000019F1AF9DD30>
2025-06-28 09:25:58 [INFO] adaboost.adaboost:25 - model is <base_models.decision_stump.DecisionStump object at 0x0000019F1AF9DE50>
2025-06-28 09:25:58 [INFO] adaboost.adaboost:25 - model is <base_models.decision_stump.DecisionStump object at 0x0000019F1AF9DE20>
2025-06-28 09:25:58 [INFO] adaboost.adaboost:25 - model is <base_models.decision_stump.DecisionStump object at 0x0000019F1AF9DEB0>
2025-06-28 09:25:58 [INFO] adaboost.adaboost:25 - model is <base_models.decision_stump.DecisionStump object at 0x0000019F1AF9DF10>
2025-06-28 09:25:58 [INFO] adaboost.adaboost:25 - model is <base_models.decision_stump.DecisionStump object at 0x0000019F1AF9DF40>
2025-06-28 09:25:58 [INFO] adaboost.adaboost:25 - model is <base_models.decision_stump.DecisionStump object at 0x0000019F1AF9DFA0>
2025-06-28 09:25:58 [INFO] adaboost.adaboost:25 - model is <base_models.decision_stump.DecisionStump object at 0x0000019F1AF9DCA0>
2025-06-28 09:25:58 [INFO] adaboost.adaboost:25 - model is <base_models.decision_stump.DecisionStump object at 0x0000019F7F45A490>
2025-06-28 09:25:58 [INFO] adaboost.adaboost:25 - model is <base_models.decision_stump.DecisionStump object at 0x0000019F7F45A3A0>
2025-06-28 09:25:58 [INFO] adaboost.adaboost:25 - model is <base_models.decision_stump.DecisionStump object at 0x0000019F7F45A370>
2025-06-28 09:25:58 [INFO] adaboost.adaboost:25 - model is <base_models.decision_stump.DecisionStump object at 0x0000019F7F45A460>
2025-06-28 09:25:58 [INFO] adaboost.adaboost:25 - model is <base_models.decision_stump.DecisionStump object at 0x0000019F7F45A4C0>
2025-06-28 09:25:58 [INFO] adaboost.adaboost:25 - model is <base_models.decision_stump.DecisionStump object at 0x0000019F7F45A250>
2025-06-28 09:25:58 [INFO] adaboost.adaboost:25 - model is <base_models.decision_stump.DecisionStump object at 0x0000019F7F4BC2B0>
2025-06-28 09:25:58 [INFO] adaboost.adaboost:25 - model is <base_models.decision_stump.DecisionStump object at 0x0000019F7F4BC2E0>
2025-06-28 09:25:58 [INFO] adaboost.adaboost:25 - model is <base_models.decision_stump.DecisionStump object at 0x0000019F7F4BC340>
2025-06-28 09:25:58 [INFO] adaboost.adaboost:25 - model is <base_models.decision_stump.DecisionStump object at 0x0000019F7F4BC460>
2025-06-28 09:25:59 [INFO] adaboost.adaboost:25 - model is <base_models.decision_stump.DecisionStump object at 0x0000019F7F4BC160>
2025-06-28 09:25:59 [INFO] adaboost.adaboost:25 - model is <base_models.decision_stump.DecisionStump object at 0x0000019F7F4BC4C0>
2025-06-28 09:25:59 [INFO] adaboost.adaboost:25 - model is <base_models.decision_stump.DecisionStump object at 0x0000019F7F4BC520>
2025-06-28 09:25:59 [INFO] adaboost.adaboost:25 - model is <base_models.decision_stump.DecisionStump object at 0x0000019F7F4BC580>
2025-06-28 09:25:59 [INFO] adaboost.adaboost:25 - model is <base_models.decision_stump.DecisionStump object at 0x0000019F7F4BC5E0>
2025-06-28 09:25:59 [INFO] adaboost.adaboost:25 - model is <base_models.decision_stump.DecisionStump object at 0x0000019F7F4BC640>
2025-06-28 09:25:59 [INFO] adaboost.adaboost:25 - model is <base_models.decision_stump.DecisionStump object at 0x0000019F7F4BC6A0>
2025-06-28 09:25:59 [INFO] adaboost.adaboost:25 - model is <base_models.decision_stump.DecisionStump object at 0x0000019F7F4BC700>
2025-06-28 09:25:59 [INFO] adaboost.adaboost:25 - model is <base_models.decision_stump.DecisionStump object at 0x0000019F7F4BC760>
2025-06-28 09:25:59 [INFO] adaboost.adaboost:25 - model is <base_models.decision_stump.DecisionStump object at 0x0000019F7F4BC7C0>
2025-06-28 09:25:59 [INFO] adaboost.adaboost:25 - model is <base_models.decision_stump.DecisionStump object at 0x0000019F7F4BC820>
2025-06-28 09:25:59 [INFO] adaboost.adaboost:25 - model is <base_models.decision_stump.DecisionStump object at 0x0000019F7F4BC880>
2025-06-28 09:25:59 [INFO] adaboost.adaboost:25 - model is <base_models.decision_stump.DecisionStump object at 0x0000019F7F4BC8E0>
2025-06-28 09:25:59 [INFO] adaboost.adaboost:25 - model is <base_models.decision_stump.DecisionStump object at 0x0000019F7F4BC940>
2025-06-28 09:25:59 [INFO] adaboost.adaboost:25 - model is <base_models.decision_stump.DecisionStump object at 0x0000019F7F4BC9A0>
2025-06-28 09:25:59 [INFO] adaboost.adaboost:25 - model is <base_models.decision_stump.DecisionStump object at 0x0000019F7F4BCA00>
2025-06-28 09:25:59 [INFO] adaboost.adaboost:25 - model is <base_models.decision_stump.DecisionStump object at 0x0000019F7F4BCA60>
2025-06-28 09:25:59 [INFO] adaboost.adaboost:25 - model is <base_models.decision_stump.DecisionStump object at 0x0000019F7F4BCAC0>
2025-06-28 09:25:59 [INFO] adaboost.adaboost:25 - model is <base_models.decision_stump.DecisionStump object at 0x0000019F7F4BCB20>
2025-06-28 09:25:59 [INFO] adaboost.adaboost:25 - model is <base_models.decision_stump.DecisionStump object at 0x0000019F70E24C70>
2025-06-28 09:25:59 [INFO] adaboost.adaboost:25 - model is <base_models.decision_stump.DecisionStump object at 0x0000019F7F416190>
2025-06-28 09:25:59 [INFO] adaboost.adaboost:25 - model is <base_models.decision_stump.DecisionStump object at 0x0000019F7F456820>
2025-06-28 09:25:59 [INFO] adaboost.adaboost:25 - model is <base_models.decision_stump.DecisionStump object at 0x0000019F7F416FD0>
2025-06-28 09:25:59 [INFO] adaboost.adaboost:25 - model is <base_models.decision_stump.DecisionStump object at 0x0000019F7F4568E0>
2025-06-28 09:25:59 [INFO] adaboost.adaboost:25 - model is <base_models.decision_stump.DecisionStump object at 0x0000019F7F445B80>
2025-06-28 09:25:59 [INFO] adaboost.adaboost:25 - model is <base_models.decision_stump.DecisionStump object at 0x0000019F7F445F40>
2025-06-28 09:25:59 [INFO] adaboost.adaboost:25 - model is <base_models.decision_stump.DecisionStump object at 0x0000019F7F445550>
2025-06-28 09:25:59 [INFO] adaboost.adaboost:25 - model is <base_models.decision_stump.DecisionStump object at 0x0000019F7F445FA0>
2025-06-28 09:25:59 [INFO] adaboost.adaboost:25 - model is <base_models.decision_stump.DecisionStump object at 0x0000019F7F445EE0>
2025-06-28 09:25:59 [INFO] adaboost.adaboost:25 - model is <base_models.decision_stump.DecisionStump object at 0x0000019F7F445E80>
2025-06-28 09:25:59 [INFO] adaboost.adaboost:25 - model is <base_models.decision_stump.DecisionStump object at 0x0000019F7F445E20>
2025-06-28 09:25:59 [INFO] adaboost.adaboost:25 - model is <base_models.decision_stump.DecisionStump object at 0x0000019F7F445DC0>
2025-06-28 09:25:59 [INFO] adaboost.adaboost:25 - model is <base_models.decision_stump.DecisionStump object at 0x0000019F7F445D60>
2025-06-28 09:25:59 [INFO] adaboost.adaboost:25 - model is <base_models.decision_stump.DecisionStump object at 0x0000019F7F445D00>
2025-06-28 09:26:00 [INFO] adaboost.adaboost:25 - model is <base_models.decision_stump.DecisionStump object at 0x0000019F7F4459D0>
2025-06-28 09:26:00 [INFO] adaboost.adaboost:25 - model is <base_models.decision_stump.DecisionStump object at 0x0000019F7F445910>
2025-06-28 09:26:00 [INFO] adaboost.adaboost:25 - model is <base_models.decision_stump.DecisionStump object at 0x0000019F7F4458B0>
2025-06-28 09:26:00 [INFO] adaboost.adaboost:25 - model is <base_models.decision_stump.DecisionStump object at 0x0000019F7F4457F0>
2025-06-28 09:26:00 [INFO] adaboost.adaboost:25 - model is <base_models.decision_stump.DecisionStump object at 0x0000019F7F445700>
2025-06-28 09:26:00 [INFO] adaboost.adaboost:25 - model is <base_models.decision_stump.DecisionStump object at 0x0000019F7F445A90>
2025-06-28 09:26:00 [INFO] adaboost.adaboost:25 - model is <base_models.decision_stump.DecisionStump object at 0x0000019F7F445CA0>
2025-06-28 09:26:00 [INFO] adaboost.adaboost:25 - model is <base_models.decision_stump.DecisionStump object at 0x0000019F7F445B20>
2025-06-28 09:26:00 [INFO] adaboost.adaboost:25 - model is <base_models.decision_stump.DecisionStump object at 0x0000019F7F445BE0>
2025-06-28 09:26:00 [INFO] adaboost.adaboost:25 - model is <base_models.decision_stump.DecisionStump object at 0x0000019F7F445A60>
2025-06-28 09:26:00 [INFO] adaboost.adaboost:25 - model is <base_models.decision_stump.DecisionStump object at 0x0000019F7F445C40>
2025-06-28 09:26:00 [INFO] adaboost.adaboost:25 - model is <base_models.decision_stump.DecisionStump object at 0x0000019F7F445730>
2025-06-28 09:26:00 [INFO] adaboost.adaboost:25 - model is <base_models.decision_stump.DecisionStump object at 0x0000019F7F445880>
2025-06-28 09:26:00 [INFO] adaboost.adaboost:25 - model is <base_models.decision_stump.DecisionStump object at 0x0000019F7F4459A0>
2025-06-28 09:26:00 [INFO] adaboost.adaboost:25 - model is <base_models.decision_stump.DecisionStump object at 0x0000019F7F458160>
2025-06-28 09:26:00 [INFO] adaboost.adaboost:25 - model is <base_models.decision_stump.DecisionStump object at 0x0000019F7F458130>
2025-06-28 09:26:00 [INFO] adaboost.adaboost:25 - model is <base_models.decision_stump.DecisionStump object at 0x0000019F7F458190>
2025-06-28 09:26:00 [INFO] adaboost.adaboost:25 - model is <base_models.decision_stump.DecisionStump object at 0x0000019F7F4581F0>
2025-06-28 09:26:00 [INFO] adaboost.adaboost:25 - model is <base_models.decision_stump.DecisionStump object at 0x0000019F7F458250>
2025-06-28 09:26:00 [INFO] adaboost.adaboost:25 - model is <base_models.decision_stump.DecisionStump object at 0x0000019F7F4582B0>
2025-06-28 09:26:00 [INFO] adaboost.adaboost:25 - model is <base_models.decision_stump.DecisionStump object at 0x0000019F7F458310>
2025-06-28 09:26:00 [INFO] adaboost.adaboost:25 - model is <base_models.decision_stump.DecisionStump object at 0x0000019F7F458370>
2025-06-28 09:26:00 [INFO] adaboost.adaboost:25 - model is <base_models.decision_stump.DecisionStump object at 0x0000019F7F4583D0>
2025-06-28 09:26:00 [INFO] adaboost.adaboost:25 - model is <base_models.decision_stump.DecisionStump object at 0x0000019F7F458430>
2025-06-28 09:26:00 [INFO] adaboost.adaboost:25 - model is <base_models.decision_stump.DecisionStump object at 0x0000019F7F4585B0>
2025-06-28 09:26:00 [INFO] adaboost.adaboost:25 - model is <base_models.decision_stump.DecisionStump object at 0x0000019F7F458610>
2025-06-28 09:26:00 [INFO] adaboost.adaboost:25 - model is <base_models.decision_stump.DecisionStump object at 0x0000019F7F458670>
2025-06-28 09:26:00 [INFO] adaboost.adaboost:25 - model is <base_models.decision_stump.DecisionStump object at 0x0000019F7F4586D0>
2025-06-28 09:26:00 [INFO] adaboost.adaboost:25 - model is <base_models.decision_stump.DecisionStump object at 0x0000019F7F458730>
2025-06-28 09:26:00 [INFO] adaboost.adaboost:25 - model is <base_models.decision_stump.DecisionStump object at 0x0000019F7F458790>
2025-06-28 09:26:00 [INFO] adaboost.adaboost:25 - model is <base_models.decision_stump.DecisionStump object at 0x0000019F7F4587F0>
2025-06-28 09:26:00 [INFO] adaboost.adaboost:25 - model is <base_models.decision_stump.DecisionStump object at 0x0000019F7F458850>
2025-06-28 09:26:00 [INFO] adaboost.adaboost:25 - model is <base_models.decision_stump.DecisionStump object at 0x0000019F7F458970>
2025-06-28 09:26:00 [INFO] adaboost.adaboost:25 - model is <base_models.decision_stump.DecisionStump object at 0x0000019F7F4589D0>
2025-06-28 09:26:00 [INFO] adaboost.adaboost:25 - model is <base_models.decision_stump.DecisionStump object at 0x0000019F7F458A30>
2025-06-28 09:26:00 [INFO] adaboost.adaboost:25 - model is <base_models.decision_stump.DecisionStump object at 0x0000019F7F458A90>
2025-06-28 09:26:01 [INFO] adaboost.adaboost:25 - model is <base_models.decision_stump.DecisionStump object at 0x0000019F7F458B50>
2025-06-28 09:26:01 [INFO] adaboost.adaboost:25 - model is <base_models.decision_stump.DecisionStump object at 0x0000019F7F458BE0>
2025-06-28 09:26:01 [INFO] adaboost.adaboost:25 - model is <base_models.decision_stump.DecisionStump object at 0x0000019F7F458CD0>
2025-06-28 09:26:01 [INFO] adaboost.adaboost:25 - model is <base_models.decision_stump.DecisionStump object at 0x0000019F7F458F40>
2025-06-28 09:26:01 [INFO] adaboost.adaboost:25 - model is <base_models.decision_stump.DecisionStump object at 0x0000019F7F458D90>
2025-06-28 09:26:01 [INFO] adaboost.adaboost:25 - model is <base_models.decision_stump.DecisionStump object at 0x0000019F7F4588B0>
2025-06-28 09:26:01 [INFO] adaboost.adaboost:25 - model is <base_models.decision_stump.DecisionStump object at 0x0000019F7F458AF0>
2025-06-28 09:26:01 [INFO] adaboost.adaboost:25 - model is <base_models.decision_stump.DecisionStump object at 0x0000019F7F458C10>
2025-06-28 09:26:01 [INFO] adaboost.adaboost:25 - model is <base_models.decision_stump.DecisionStump object at 0x0000019F7F4584C0>
2025-06-28 09:26:01 [INFO] adaboost.adaboost:25 - model is <base_models.decision_stump.DecisionStump object at 0x0000019F7F458460>
2025-06-28 09:26:01 [INFO] adaboost.adaboost:25 - model is <base_models.decision_stump.DecisionStump object at 0x0000019F7F458070>
2025-06-28 09:26:01 [INFO] adaboost.adaboost:25 - model is <base_models.decision_stump.DecisionStump object at 0x0000019F1AF9DD30>
2025-06-28 09:26:01 [INFO] adaboost.adaboost:25 - model is <base_models.decision_stump.DecisionStump object at 0x0000019F1AF9DE80>
2025-06-28 09:26:01 [INFO] adaboost.adaboost:25 - model is <base_models.decision_stump.DecisionStump object at 0x0000019F1AF9DD90>
2025-06-28 09:26:01 [INFO] adaboost.adaboost:25 - model is <base_models.decision_stump.DecisionStump object at 0x0000019F1AF9DDF0>
2025-06-28 09:26:01 [INFO] adaboost.adaboost:25 - model is <base_models.decision_stump.DecisionStump object at 0x0000019F1AF9DEE0>
2025-06-28 09:26:01 [INFO] adaboost.adaboost:25 - model is <base_models.decision_stump.DecisionStump object at 0x0000019F1AF9DDC0>
2025-06-28 09:26:01 [INFO] adaboost.adaboost:25 - model is <base_models.decision_stump.DecisionStump object at 0x0000019F1AF9DF70>
2025-06-28 09:26:01 [INFO] adaboost.adaboost:25 - model is <base_models.decision_stump.DecisionStump object at 0x0000019F1AF9DFD0>
2025-06-28 09:26:01 [INFO] adaboost.adaboost:25 - model is <base_models.decision_stump.DecisionStump object at 0x0000019F1AF9DCA0>
2025-06-28 09:26:01 [INFO] adaboost.adaboost:25 - model is <base_models.decision_stump.DecisionStump object at 0x0000019F7F45A3A0>
2025-06-28 09:26:01 [INFO] adaboost.adaboost:25 - model is <base_models.decision_stump.DecisionStump object at 0x0000019F7F45A400>
2025-06-28 09:26:01 [INFO] adaboost.adaboost:25 - model is <base_models.decision_stump.DecisionStump object at 0x0000019F7F45A430>
2025-06-28 09:26:01 [INFO] adaboost.adaboost:25 - model is <base_models.decision_stump.DecisionStump object at 0x0000019F7F45A4F0>
2025-06-28 09:26:01 [INFO] adaboost.adaboost:25 - model is <base_models.decision_stump.DecisionStump object at 0x0000019F7F45A2B0>
2025-06-28 09:26:01 [INFO] adaboost.adaboost:25 - model is <base_models.decision_stump.DecisionStump object at 0x0000019F7F45A3D0>
2025-06-28 09:26:01 [INFO] adaboost.adaboost:25 - model is <base_models.decision_stump.DecisionStump object at 0x0000019F7F452F10>
2025-06-28 09:26:01 [INFO] adaboost.adaboost:25 - model is <base_models.decision_stump.DecisionStump object at 0x0000019F7F452EE0>
2025-06-28 09:26:01 [INFO] adaboost.adaboost:25 - model is <base_models.decision_stump.DecisionStump object at 0x0000019F7F452E80>
2025-06-28 09:26:01 [INFO] adaboost.adaboost:25 - model is <base_models.decision_stump.DecisionStump object at 0x0000019F7F452E20>
2025-06-28 09:26:01 [INFO] adaboost.adaboost:25 - model is <base_models.decision_stump.DecisionStump object at 0x0000019F7F452DC0>
2025-06-28 09:26:01 [INFO] adaboost.adaboost:25 - model is <base_models.decision_stump.DecisionStump object at 0x0000019F7F452D60>
2025-06-28 09:26:01 [INFO] adaboost.adaboost:25 - model is <base_models.decision_stump.DecisionStump object at 0x0000019F7F452D00>
2025-06-28 09:26:01 [INFO] adaboost.adaboost:25 - model is <base_models.decision_stump.DecisionStump object at 0x0000019F7F452CA0>
2025-06-28 09:26:01 [INFO] adaboost.adaboost:25 - model is <base_models.decision_stump.DecisionStump object at 0x0000019F7F452C40>
2025-06-28 09:26:01 [INFO] adaboost.adaboost:25 - model is <base_models.decision_stump.DecisionStump object at 0x0000019F7F452BE0>
2025-06-28 09:26:01 [INFO] adaboost.adaboost:25 - model is <base_models.decision_stump.DecisionStump object at 0x0000019F7F452B80>
2025-06-28 09:26:02 [INFO] adaboost.adaboost:25 - model is <base_models.decision_stump.DecisionStump object at 0x0000019F7F452130>
2025-06-28 09:26:02 [INFO] adaboost.adaboost:25 - model is <base_models.decision_stump.DecisionStump object at 0x0000019F7F4520D0>
2025-06-28 09:26:02 [INFO] adaboost.adaboost:25 - model is <base_models.decision_stump.DecisionStump object at 0x0000019F7F452070>
2025-06-28 09:26:02 [INFO] adaboost.adaboost:25 - model is <base_models.decision_stump.DecisionStump object at 0x0000019F7F452700>
2025-06-28 09:26:02 [INFO] adaboost.adaboost:25 - model is <base_models.decision_stump.DecisionStump object at 0x0000019F7F4526A0>
2025-06-28 09:26:02 [INFO] adaboost.adaboost:25 - model is <base_models.decision_stump.DecisionStump object at 0x0000019F7F452640>
2025-06-28 09:26:02 [INFO] adaboost.adaboost:25 - model is <base_models.decision_stump.DecisionStump object at 0x0000019F7F4525E0>
2025-06-28 09:26:02 [INFO] adaboost.adaboost:25 - model is <base_models.decision_stump.DecisionStump object at 0x0000019F7F452580>
2025-06-28 09:26:02 [INFO] adaboost.adaboost:25 - model is <base_models.decision_stump.DecisionStump object at 0x0000019F7F452520>
2025-06-28 09:26:02 [INFO] adaboost.adaboost:25 - model is <base_models.decision_stump.DecisionStump object at 0x0000019F7F4528E0>
2025-06-28 09:26:02 [INFO] adaboost.adaboost:25 - model is <base_models.decision_stump.DecisionStump object at 0x0000019F7F452A60>
2025-06-28 09:26:02 [INFO] adaboost.adaboost:25 - model is <base_models.decision_stump.DecisionStump object at 0x0000019F7F452AF0>
2025-06-28 09:26:02 [INFO] __main__:116 - 完成基分类器数目=100 的10折输出
2025-06-28 09:26:02 [INFO] __main__:117 - 所有折次训练完成，10折交叉验证结果已输出到 experiments/ 文件夹
