2025-06-28 09:26:20 [INFO] __main__:38 - 基分类器编号: 0
2025-06-28 09:26:20 [INFO] __main__:79 - 使用基分类器: LogisticRegression 进行10折交叉验证，并输出到 experiments/ 文件夹
2025-06-28 09:26:20 [INFO] utils.data_loader:10 - load_data: 读取 data.csv 和 targets.csv, 样本数=3680, 特征数=57
2025-06-28 09:26:20 [INFO] utils.cross_validation:26 - k_fold_split: 已拆分为 10 折, each fold size~368 (最后一折=368)
2025-06-28 09:26:20 [INFO] adaboost.adaboost:25 - model is <base_models.logistic_regression.LogisticRegressionModel object at 0x000002D56AA90BB0>
2025-06-28 09:26:20 [INFO] base_models.logistic_regression:57 - LogisticRegression final iteration 0, max_iter=1500, learning_rate = 0.05
2025-06-28 09:26:20 [INFO] base_models.logistic_regression:57 - LogisticRegression final iteration 1499, max_iter=1500, learning_rate = 0.05
2025-06-28 09:26:20 [INFO] adaboost.adaboost:25 - model is <base_models.logistic_regression.LogisticRegressionModel object at 0x000002D569A07AF0>
2025-06-28 09:26:20 [INFO] base_models.logistic_regression:57 - LogisticRegression final iteration 0, max_iter=1500, learning_rate = 0.05
2025-06-28 09:26:21 [INFO] base_models.logistic_regression:57 - LogisticRegression final iteration 1499, max_iter=1500, learning_rate = 0.05
2025-06-28 09:26:21 [INFO] adaboost.adaboost:25 - model is <base_models.logistic_regression.LogisticRegressionModel object at 0x000002D5699FCF70>
2025-06-28 09:26:21 [INFO] base_models.logistic_regression:57 - LogisticRegression final iteration 0, max_iter=1500, learning_rate = 0.05
2025-06-28 09:26:21 [INFO] base_models.logistic_regression:57 - LogisticRegression final iteration 1499, max_iter=1500, learning_rate = 0.05
2025-06-28 09:26:21 [INFO] adaboost.adaboost:25 - model is <base_models.logistic_regression.LogisticRegressionModel object at 0x000002D569A65760>
2025-06-28 09:26:21 [INFO] base_models.logistic_regression:57 - LogisticRegression final iteration 0, max_iter=1500, learning_rate = 0.05
2025-06-28 09:26:22 [INFO] base_models.logistic_regression:57 - LogisticRegression final iteration 1499, max_iter=1500, learning_rate = 0.05
2025-06-28 09:26:22 [INFO] adaboost.adaboost:25 - model is <base_models.logistic_regression.LogisticRegressionModel object at 0x000002D569A65760>
2025-06-28 09:26:22 [INFO] base_models.logistic_regression:57 - LogisticRegression final iteration 0, max_iter=1500, learning_rate = 0.05
2025-06-28 09:26:22 [INFO] base_models.logistic_regression:57 - LogisticRegression final iteration 1499, max_iter=1500, learning_rate = 0.05
2025-06-28 09:26:22 [INFO] adaboost.adaboost:25 - model is <base_models.logistic_regression.LogisticRegressionModel object at 0x000002D569A65760>
2025-06-28 09:26:22 [INFO] base_models.logistic_regression:57 - LogisticRegression final iteration 0, max_iter=1500, learning_rate = 0.05
2025-06-28 09:26:23 [INFO] base_models.logistic_regression:57 - LogisticRegression final iteration 1499, max_iter=1500, learning_rate = 0.05
2025-06-28 09:26:23 [INFO] adaboost.adaboost:25 - model is <base_models.logistic_regression.LogisticRegressionModel object at 0x000002D569A65760>
2025-06-28 09:26:23 [INFO] base_models.logistic_regression:57 - LogisticRegression final iteration 0, max_iter=1500, learning_rate = 0.05
2025-06-28 09:26:23 [INFO] base_models.logistic_regression:57 - LogisticRegression final iteration 1499, max_iter=1500, learning_rate = 0.05
2025-06-28 09:26:23 [INFO] adaboost.adaboost:25 - model is <base_models.logistic_regression.LogisticRegressionModel object at 0x000002D569A65760>
2025-06-28 09:26:23 [INFO] base_models.logistic_regression:57 - LogisticRegression final iteration 0, max_iter=1500, learning_rate = 0.05
2025-06-28 09:26:24 [INFO] base_models.logistic_regression:57 - LogisticRegression final iteration 1499, max_iter=1500, learning_rate = 0.05
2025-06-28 09:26:24 [INFO] adaboost.adaboost:25 - model is <base_models.logistic_regression.LogisticRegressionModel object at 0x000002D569A16190>
2025-06-28 09:26:24 [INFO] base_models.logistic_regression:57 - LogisticRegression final iteration 0, max_iter=1500, learning_rate = 0.05
2025-06-28 09:26:25 [INFO] base_models.logistic_regression:57 - LogisticRegression final iteration 1499, max_iter=1500, learning_rate = 0.05
2025-06-28 09:26:25 [INFO] adaboost.adaboost:25 - model is <base_models.logistic_regression.LogisticRegressionModel object at 0x000002D569A16190>
2025-06-28 09:26:25 [INFO] base_models.logistic_regression:57 - LogisticRegression final iteration 0, max_iter=1500, learning_rate = 0.05
2025-06-28 09:26:26 [INFO] base_models.logistic_regression:57 - LogisticRegression final iteration 1499, max_iter=1500, learning_rate = 0.05
2025-06-28 09:26:26 [INFO] __main__:116 - 完成基分类器数目=1 的10折输出
2025-06-28 09:26:26 [INFO] adaboost.adaboost:25 - model is <base_models.logistic_regression.LogisticRegressionModel object at 0x000002D569A16190>
2025-06-28 09:26:26 [INFO] base_models.logistic_regression:57 - LogisticRegression final iteration 0, max_iter=1500, learning_rate = 0.05
2025-06-28 09:26:27 [INFO] base_models.logistic_regression:57 - LogisticRegression final iteration 1499, max_iter=1500, learning_rate = 0.05
2025-06-28 09:26:27 [INFO] adaboost.adaboost:25 - model is <base_models.logistic_regression.LogisticRegressionModel object at 0x000002D569A45D90>
2025-06-28 09:26:27 [INFO] base_models.logistic_regression:57 - LogisticRegression final iteration 0, max_iter=1500, learning_rate = 0.05
2025-06-28 09:26:28 [INFO] base_models.logistic_regression:57 - LogisticRegression final iteration 1499, max_iter=1500, learning_rate = 0.05
2025-06-28 09:26:28 [INFO] adaboost.adaboost:25 - model is <base_models.logistic_regression.LogisticRegressionModel object at 0x000002D569A45DF0>
2025-06-28 09:26:28 [INFO] base_models.logistic_regression:57 - LogisticRegression final iteration 0, max_iter=1500, learning_rate = 0.05
2025-06-28 09:26:29 [INFO] base_models.logistic_regression:57 - LogisticRegression final iteration 1499, max_iter=1500, learning_rate = 0.05
2025-06-28 09:26:29 [INFO] adaboost.adaboost:25 - model is <base_models.logistic_regression.LogisticRegressionModel object at 0x000002D569A45E50>
2025-06-28 09:26:29 [INFO] base_models.logistic_regression:57 - LogisticRegression final iteration 0, max_iter=1500, learning_rate = 0.05
2025-06-28 09:26:29 [INFO] base_models.logistic_regression:57 - LogisticRegression final iteration 1499, max_iter=1500, learning_rate = 0.05
2025-06-28 09:26:29 [INFO] adaboost.adaboost:25 - model is <base_models.logistic_regression.LogisticRegressionModel object at 0x000002D569A45EB0>
2025-06-28 09:26:29 [INFO] base_models.logistic_regression:57 - LogisticRegression final iteration 0, max_iter=1500, learning_rate = 0.05
2025-06-28 09:26:30 [INFO] base_models.logistic_regression:57 - LogisticRegression final iteration 1499, max_iter=1500, learning_rate = 0.05
2025-06-28 09:26:30 [INFO] adaboost.adaboost:25 - model is <base_models.logistic_regression.LogisticRegressionModel object at 0x000002D569A16190>
2025-06-28 09:26:30 [INFO] base_models.logistic_regression:57 - LogisticRegression final iteration 0, max_iter=1500, learning_rate = 0.05
2025-06-28 09:26:31 [INFO] base_models.logistic_regression:57 - LogisticRegression final iteration 1499, max_iter=1500, learning_rate = 0.05
2025-06-28 09:26:31 [INFO] adaboost.adaboost:25 - model is <base_models.logistic_regression.LogisticRegressionModel object at 0x000002D569A87FA0>
2025-06-28 09:26:31 [INFO] base_models.logistic_regression:57 - LogisticRegression final iteration 0, max_iter=1500, learning_rate = 0.05
2025-06-28 09:26:32 [INFO] base_models.logistic_regression:57 - LogisticRegression final iteration 1499, max_iter=1500, learning_rate = 0.05
2025-06-28 09:26:32 [INFO] adaboost.adaboost:25 - model is <base_models.logistic_regression.LogisticRegressionModel object at 0x000002D569A87190>
2025-06-28 09:26:32 [INFO] base_models.logistic_regression:57 - LogisticRegression final iteration 0, max_iter=1500, learning_rate = 0.05
2025-06-28 09:26:33 [INFO] base_models.logistic_regression:57 - LogisticRegression final iteration 1499, max_iter=1500, learning_rate = 0.05
2025-06-28 09:26:33 [INFO] adaboost.adaboost:25 - model is <base_models.logistic_regression.LogisticRegressionModel object at 0x000002D569A87E50>
2025-06-28 09:26:33 [INFO] base_models.logistic_regression:57 - LogisticRegression final iteration 0, max_iter=1500, learning_rate = 0.05
2025-06-28 09:26:34 [INFO] base_models.logistic_regression:57 - LogisticRegression final iteration 1499, max_iter=1500, learning_rate = 0.05
2025-06-28 09:26:34 [INFO] adaboost.adaboost:25 - model is <base_models.logistic_regression.LogisticRegressionModel object at 0x000002D569A87F40>
2025-06-28 09:26:34 [INFO] base_models.logistic_regression:57 - LogisticRegression final iteration 0, max_iter=1500, learning_rate = 0.05
2025-06-28 09:26:35 [INFO] base_models.logistic_regression:57 - LogisticRegression final iteration 1499, max_iter=1500, learning_rate = 0.05
2025-06-28 09:26:35 [INFO] adaboost.adaboost:25 - model is <base_models.logistic_regression.LogisticRegressionModel object at 0x000002D569A16190>
2025-06-28 09:26:35 [INFO] base_models.logistic_regression:57 - LogisticRegression final iteration 0, max_iter=1500, learning_rate = 0.05
2025-06-28 09:26:36 [INFO] base_models.logistic_regression:57 - LogisticRegression final iteration 1499, max_iter=1500, learning_rate = 0.05
2025-06-28 09:26:36 [INFO] adaboost.adaboost:25 - model is <base_models.logistic_regression.LogisticRegressionModel object at 0x000002D569A87250>
2025-06-28 09:26:36 [INFO] base_models.logistic_regression:57 - LogisticRegression final iteration 0, max_iter=1500, learning_rate = 0.05
2025-06-28 09:26:37 [INFO] base_models.logistic_regression:57 - LogisticRegression final iteration 1499, max_iter=1500, learning_rate = 0.05
2025-06-28 09:26:37 [INFO] adaboost.adaboost:25 - model is <base_models.logistic_regression.LogisticRegressionModel object at 0x000002D569A87FA0>
2025-06-28 09:26:37 [INFO] base_models.logistic_regression:57 - LogisticRegression final iteration 0, max_iter=1500, learning_rate = 0.05
2025-06-28 09:26:38 [INFO] base_models.logistic_regression:57 - LogisticRegression final iteration 1499, max_iter=1500, learning_rate = 0.05
2025-06-28 09:26:38 [INFO] adaboost.adaboost:25 - model is <base_models.logistic_regression.LogisticRegressionModel object at 0x000002D569A87190>
2025-06-28 09:26:38 [INFO] base_models.logistic_regression:57 - LogisticRegression final iteration 0, max_iter=1500, learning_rate = 0.05
2025-06-28 09:26:39 [INFO] base_models.logistic_regression:57 - LogisticRegression final iteration 1499, max_iter=1500, learning_rate = 0.05
2025-06-28 09:26:39 [INFO] adaboost.adaboost:25 - model is <base_models.logistic_regression.LogisticRegressionModel object at 0x000002D569A87E50>
2025-06-28 09:26:39 [INFO] base_models.logistic_regression:57 - LogisticRegression final iteration 0, max_iter=1500, learning_rate = 0.05
2025-06-28 09:26:40 [INFO] base_models.logistic_regression:57 - LogisticRegression final iteration 1499, max_iter=1500, learning_rate = 0.05
2025-06-28 09:26:40 [INFO] adaboost.adaboost:25 - model is <base_models.logistic_regression.LogisticRegressionModel object at 0x000002D569A16190>
2025-06-28 09:26:40 [INFO] base_models.logistic_regression:57 - LogisticRegression final iteration 0, max_iter=1500, learning_rate = 0.05
2025-06-28 09:26:40 [INFO] base_models.logistic_regression:57 - LogisticRegression final iteration 1499, max_iter=1500, learning_rate = 0.05
2025-06-28 09:26:40 [INFO] adaboost.adaboost:25 - model is <base_models.logistic_regression.LogisticRegressionModel object at 0x000002D56AA90C70>
2025-06-28 09:26:40 [INFO] base_models.logistic_regression:57 - LogisticRegression final iteration 0, max_iter=1500, learning_rate = 0.05
2025-06-28 09:26:41 [INFO] base_models.logistic_regression:57 - LogisticRegression final iteration 1499, max_iter=1500, learning_rate = 0.05
2025-06-28 09:26:41 [INFO] adaboost.adaboost:25 - model is <base_models.logistic_regression.LogisticRegressionModel object at 0x000002D56AA90D60>
2025-06-28 09:26:41 [INFO] base_models.logistic_regression:57 - LogisticRegression final iteration 0, max_iter=1500, learning_rate = 0.05
2025-06-28 09:26:42 [INFO] base_models.logistic_regression:57 - LogisticRegression final iteration 1499, max_iter=1500, learning_rate = 0.05
2025-06-28 09:26:42 [INFO] adaboost.adaboost:25 - model is <base_models.logistic_regression.LogisticRegressionModel object at 0x000002D56AA90DC0>
2025-06-28 09:26:42 [INFO] base_models.logistic_regression:57 - LogisticRegression final iteration 0, max_iter=1500, learning_rate = 0.05
2025-06-28 09:26:43 [INFO] base_models.logistic_regression:57 - LogisticRegression final iteration 1499, max_iter=1500, learning_rate = 0.05
2025-06-28 09:26:43 [INFO] adaboost.adaboost:25 - model is <base_models.logistic_regression.LogisticRegressionModel object at 0x000002D56AA90E20>
2025-06-28 09:26:43 [INFO] base_models.logistic_regression:57 - LogisticRegression final iteration 0, max_iter=1500, learning_rate = 0.05
2025-06-28 09:26:44 [INFO] base_models.logistic_regression:57 - LogisticRegression final iteration 1499, max_iter=1500, learning_rate = 0.05
2025-06-28 09:26:44 [INFO] adaboost.adaboost:25 - model is <base_models.logistic_regression.LogisticRegressionModel object at 0x000002D569A16190>
2025-06-28 09:26:44 [INFO] base_models.logistic_regression:57 - LogisticRegression final iteration 0, max_iter=1500, learning_rate = 0.05
2025-06-28 09:26:45 [INFO] base_models.logistic_regression:57 - LogisticRegression final iteration 1499, max_iter=1500, learning_rate = 0.05
2025-06-28 09:26:45 [INFO] adaboost.adaboost:25 - model is <base_models.logistic_regression.LogisticRegressionModel object at 0x000002D569A07D60>
2025-06-28 09:26:45 [INFO] base_models.logistic_regression:57 - LogisticRegression final iteration 0, max_iter=1500, learning_rate = 0.05
2025-06-28 09:26:46 [INFO] base_models.logistic_regression:57 - LogisticRegression final iteration 1499, max_iter=1500, learning_rate = 0.05
2025-06-28 09:26:46 [INFO] adaboost.adaboost:25 - model is <base_models.logistic_regression.LogisticRegressionModel object at 0x000002D5699FCF70>
2025-06-28 09:26:46 [INFO] base_models.logistic_regression:57 - LogisticRegression final iteration 0, max_iter=1500, learning_rate = 0.05
2025-06-28 09:26:46 [INFO] base_models.logistic_regression:57 - LogisticRegression final iteration 1499, max_iter=1500, learning_rate = 0.05
2025-06-28 09:26:46 [INFO] adaboost.adaboost:25 - model is <base_models.logistic_regression.LogisticRegressionModel object at 0x000002D569ABC100>
2025-06-28 09:26:46 [INFO] base_models.logistic_regression:57 - LogisticRegression final iteration 0, max_iter=1500, learning_rate = 0.05
2025-06-28 09:26:47 [INFO] base_models.logistic_regression:57 - LogisticRegression final iteration 1499, max_iter=1500, learning_rate = 0.05
2025-06-28 09:26:47 [INFO] adaboost.adaboost:25 - model is <base_models.logistic_regression.LogisticRegressionModel object at 0x000002D569ABC160>
2025-06-28 09:26:47 [INFO] base_models.logistic_regression:57 - LogisticRegression final iteration 0, max_iter=1500, learning_rate = 0.05
2025-06-28 09:26:48 [INFO] base_models.logistic_regression:57 - LogisticRegression final iteration 1499, max_iter=1500, learning_rate = 0.05
2025-06-28 09:26:48 [INFO] adaboost.adaboost:25 - model is <base_models.logistic_regression.LogisticRegressionModel object at 0x000002D5413E4C70>
2025-06-28 09:26:48 [INFO] base_models.logistic_regression:57 - LogisticRegression final iteration 0, max_iter=1500, learning_rate = 0.05
2025-06-28 09:26:49 [INFO] base_models.logistic_regression:57 - LogisticRegression final iteration 1499, max_iter=1500, learning_rate = 0.05
2025-06-28 09:26:49 [INFO] adaboost.adaboost:25 - model is <base_models.logistic_regression.LogisticRegressionModel object at 0x000002D569A16FD0>
2025-06-28 09:26:49 [INFO] base_models.logistic_regression:57 - LogisticRegression final iteration 0, max_iter=1500, learning_rate = 0.05
2025-06-28 09:26:50 [INFO] base_models.logistic_regression:57 - LogisticRegression final iteration 1499, max_iter=1500, learning_rate = 0.05
2025-06-28 09:26:50 [INFO] adaboost.adaboost:25 - model is <base_models.logistic_regression.LogisticRegressionModel object at 0x000002D569A07D60>
2025-06-28 09:26:50 [INFO] base_models.logistic_regression:57 - LogisticRegression final iteration 0, max_iter=1500, learning_rate = 0.05
2025-06-28 09:26:51 [INFO] base_models.logistic_regression:57 - LogisticRegression final iteration 1499, max_iter=1500, learning_rate = 0.05
2025-06-28 09:26:51 [INFO] adaboost.adaboost:25 - model is <base_models.logistic_regression.LogisticRegressionModel object at 0x000002D5699FCF70>
2025-06-28 09:26:51 [INFO] base_models.logistic_regression:57 - LogisticRegression final iteration 0, max_iter=1500, learning_rate = 0.05
2025-06-28 09:26:51 [INFO] base_models.logistic_regression:57 - LogisticRegression final iteration 1499, max_iter=1500, learning_rate = 0.05
2025-06-28 09:26:51 [INFO] adaboost.adaboost:25 - model is <base_models.logistic_regression.LogisticRegressionModel object at 0x000002D569A45DC0>
2025-06-28 09:26:52 [INFO] base_models.logistic_regression:57 - LogisticRegression final iteration 0, max_iter=1500, learning_rate = 0.05
2025-06-28 09:26:52 [INFO] base_models.logistic_regression:57 - LogisticRegression final iteration 1499, max_iter=1500, learning_rate = 0.05
2025-06-28 09:26:52 [INFO] adaboost.adaboost:25 - model is <base_models.logistic_regression.LogisticRegressionModel object at 0x000002D5413E4C70>
2025-06-28 09:26:52 [INFO] base_models.logistic_regression:57 - LogisticRegression final iteration 0, max_iter=1500, learning_rate = 0.05
2025-06-28 09:26:53 [INFO] base_models.logistic_regression:57 - LogisticRegression final iteration 1499, max_iter=1500, learning_rate = 0.05
2025-06-28 09:26:53 [INFO] adaboost.adaboost:25 - model is <base_models.logistic_regression.LogisticRegressionModel object at 0x000002D569A16FD0>
2025-06-28 09:26:53 [INFO] base_models.logistic_regression:57 - LogisticRegression final iteration 0, max_iter=1500, learning_rate = 0.05
2025-06-28 09:26:54 [INFO] base_models.logistic_regression:57 - LogisticRegression final iteration 1499, max_iter=1500, learning_rate = 0.05
2025-06-28 09:26:54 [INFO] adaboost.adaboost:25 - model is <base_models.logistic_regression.LogisticRegressionModel object at 0x000002D569A07D60>
2025-06-28 09:26:54 [INFO] base_models.logistic_regression:57 - LogisticRegression final iteration 0, max_iter=1500, learning_rate = 0.05
2025-06-28 09:26:55 [INFO] base_models.logistic_regression:57 - LogisticRegression final iteration 1499, max_iter=1500, learning_rate = 0.05
2025-06-28 09:26:55 [INFO] adaboost.adaboost:25 - model is <base_models.logistic_regression.LogisticRegressionModel object at 0x000002D5699FCF70>
2025-06-28 09:26:55 [INFO] base_models.logistic_regression:57 - LogisticRegression final iteration 0, max_iter=1500, learning_rate = 0.05
2025-06-28 09:26:56 [INFO] base_models.logistic_regression:57 - LogisticRegression final iteration 1499, max_iter=1500, learning_rate = 0.05
2025-06-28 09:26:56 [INFO] adaboost.adaboost:25 - model is <base_models.logistic_regression.LogisticRegressionModel object at 0x000002D56B561190>
2025-06-28 09:26:56 [INFO] base_models.logistic_regression:57 - LogisticRegression final iteration 0, max_iter=1500, learning_rate = 0.05
2025-06-28 09:26:56 [INFO] base_models.logistic_regression:57 - LogisticRegression final iteration 1499, max_iter=1500, learning_rate = 0.05
2025-06-28 09:26:56 [INFO] adaboost.adaboost:25 - model is <base_models.logistic_regression.LogisticRegressionModel object at 0x000002D5413E4C70>
2025-06-28 09:26:56 [INFO] base_models.logistic_regression:57 - LogisticRegression final iteration 0, max_iter=1500, learning_rate = 0.05
2025-06-28 09:26:57 [INFO] base_models.logistic_regression:57 - LogisticRegression final iteration 1499, max_iter=1500, learning_rate = 0.05
2025-06-28 09:26:57 [INFO] adaboost.adaboost:25 - model is <base_models.logistic_regression.LogisticRegressionModel object at 0x000002D569A16FD0>
2025-06-28 09:26:57 [INFO] base_models.logistic_regression:57 - LogisticRegression final iteration 0, max_iter=1500, learning_rate = 0.05
2025-06-28 09:26:58 [INFO] base_models.logistic_regression:57 - LogisticRegression final iteration 1499, max_iter=1500, learning_rate = 0.05
2025-06-28 09:26:58 [INFO] adaboost.adaboost:25 - model is <base_models.logistic_regression.LogisticRegressionModel object at 0x000002D569A07D60>
2025-06-28 09:26:58 [INFO] base_models.logistic_regression:57 - LogisticRegression final iteration 0, max_iter=1500, learning_rate = 0.05
2025-06-28 09:26:59 [INFO] base_models.logistic_regression:57 - LogisticRegression final iteration 1499, max_iter=1500, learning_rate = 0.05
2025-06-28 09:26:59 [INFO] adaboost.adaboost:25 - model is <base_models.logistic_regression.LogisticRegressionModel object at 0x000002D5699FCF70>
2025-06-28 09:26:59 [INFO] base_models.logistic_regression:57 - LogisticRegression final iteration 0, max_iter=1500, learning_rate = 0.05
2025-06-28 09:27:00 [INFO] base_models.logistic_regression:57 - LogisticRegression final iteration 1499, max_iter=1500, learning_rate = 0.05
2025-06-28 09:27:00 [INFO] adaboost.adaboost:25 - model is <base_models.logistic_regression.LogisticRegressionModel object at 0x000002D569A87FD0>
2025-06-28 09:27:00 [INFO] base_models.logistic_regression:57 - LogisticRegression final iteration 0, max_iter=1500, learning_rate = 0.05
2025-06-28 09:27:00 [INFO] base_models.logistic_regression:57 - LogisticRegression final iteration 1499, max_iter=1500, learning_rate = 0.05
2025-06-28 09:27:01 [INFO] adaboost.adaboost:25 - model is <base_models.logistic_regression.LogisticRegressionModel object at 0x000002D5413E4C70>
2025-06-28 09:27:01 [INFO] base_models.logistic_regression:57 - LogisticRegression final iteration 0, max_iter=1500, learning_rate = 0.05
2025-06-28 09:27:01 [INFO] base_models.logistic_regression:57 - LogisticRegression final iteration 1499, max_iter=1500, learning_rate = 0.05
2025-06-28 09:27:01 [INFO] adaboost.adaboost:25 - model is <base_models.logistic_regression.LogisticRegressionModel object at 0x000002D569A16FD0>
2025-06-28 09:27:01 [INFO] base_models.logistic_regression:57 - LogisticRegression final iteration 0, max_iter=1500, learning_rate = 0.05
2025-06-28 09:27:02 [INFO] base_models.logistic_regression:57 - LogisticRegression final iteration 1499, max_iter=1500, learning_rate = 0.05
2025-06-28 09:27:02 [INFO] adaboost.adaboost:25 - model is <base_models.logistic_regression.LogisticRegressionModel object at 0x000002D569A07D60>
2025-06-28 09:27:02 [INFO] base_models.logistic_regression:57 - LogisticRegression final iteration 0, max_iter=1500, learning_rate = 0.05
2025-06-28 09:27:03 [INFO] base_models.logistic_regression:57 - LogisticRegression final iteration 1499, max_iter=1500, learning_rate = 0.05
2025-06-28 09:27:03 [INFO] adaboost.adaboost:25 - model is <base_models.logistic_regression.LogisticRegressionModel object at 0x000002D5699FCF70>
2025-06-28 09:27:03 [INFO] base_models.logistic_regression:57 - LogisticRegression final iteration 0, max_iter=1500, learning_rate = 0.05
2025-06-28 09:27:04 [INFO] base_models.logistic_regression:57 - LogisticRegression final iteration 1499, max_iter=1500, learning_rate = 0.05
2025-06-28 09:27:04 [INFO] adaboost.adaboost:25 - model is <base_models.logistic_regression.LogisticRegressionModel object at 0x000002D56AA90B80>
2025-06-28 09:27:04 [INFO] base_models.logistic_regression:57 - LogisticRegression final iteration 0, max_iter=1500, learning_rate = 0.05
2025-06-28 09:27:05 [INFO] base_models.logistic_regression:57 - LogisticRegression final iteration 1499, max_iter=1500, learning_rate = 0.05
2025-06-28 09:27:05 [INFO] adaboost.adaboost:25 - model is <base_models.logistic_regression.LogisticRegressionModel object at 0x000002D5413E4C70>
2025-06-28 09:27:05 [INFO] base_models.logistic_regression:57 - LogisticRegression final iteration 0, max_iter=1500, learning_rate = 0.05
2025-06-28 09:27:06 [INFO] base_models.logistic_regression:57 - LogisticRegression final iteration 1499, max_iter=1500, learning_rate = 0.05
2025-06-28 09:27:06 [INFO] adaboost.adaboost:25 - model is <base_models.logistic_regression.LogisticRegressionModel object at 0x000002D569A16FD0>
2025-06-28 09:27:06 [INFO] base_models.logistic_regression:57 - LogisticRegression final iteration 0, max_iter=1500, learning_rate = 0.05
2025-06-28 09:27:07 [INFO] base_models.logistic_regression:57 - LogisticRegression final iteration 1499, max_iter=1500, learning_rate = 0.05
2025-06-28 09:27:07 [INFO] adaboost.adaboost:25 - model is <base_models.logistic_regression.LogisticRegressionModel object at 0x000002D569A07D60>
2025-06-28 09:27:07 [INFO] base_models.logistic_regression:57 - LogisticRegression final iteration 0, max_iter=1500, learning_rate = 0.05
2025-06-28 09:27:08 [INFO] base_models.logistic_regression:57 - LogisticRegression final iteration 1499, max_iter=1500, learning_rate = 0.05
2025-06-28 09:27:08 [INFO] adaboost.adaboost:25 - model is <base_models.logistic_regression.LogisticRegressionModel object at 0x000002D5699FCF70>
2025-06-28 09:27:08 [INFO] base_models.logistic_regression:57 - LogisticRegression final iteration 0, max_iter=1500, learning_rate = 0.05
2025-06-28 09:27:08 [INFO] base_models.logistic_regression:57 - LogisticRegression final iteration 1499, max_iter=1500, learning_rate = 0.05
2025-06-28 09:27:08 [INFO] adaboost.adaboost:25 - model is <base_models.logistic_regression.LogisticRegressionModel object at 0x000002D569ABC160>
2025-06-28 09:27:08 [INFO] base_models.logistic_regression:57 - LogisticRegression final iteration 0, max_iter=1500, learning_rate = 0.05
2025-06-28 09:27:10 [INFO] base_models.logistic_regression:57 - LogisticRegression final iteration 1499, max_iter=1500, learning_rate = 0.05
2025-06-28 09:27:10 [INFO] __main__:116 - 完成基分类器数目=5 的10折输出
2025-06-28 09:27:10 [INFO] adaboost.adaboost:25 - model is <base_models.logistic_regression.LogisticRegressionModel object at 0x000002D5413E4C70>
2025-06-28 09:27:10 [INFO] base_models.logistic_regression:57 - LogisticRegression final iteration 0, max_iter=1500, learning_rate = 0.05
2025-06-28 09:27:11 [INFO] base_models.logistic_regression:57 - LogisticRegression final iteration 1499, max_iter=1500, learning_rate = 0.05
2025-06-28 09:27:11 [INFO] adaboost.adaboost:25 - model is <base_models.logistic_regression.LogisticRegressionModel object at 0x000002D569A16FD0>
2025-06-28 09:27:11 [INFO] base_models.logistic_regression:57 - LogisticRegression final iteration 0, max_iter=1500, learning_rate = 0.05
2025-06-28 09:27:12 [INFO] base_models.logistic_regression:57 - LogisticRegression final iteration 1499, max_iter=1500, learning_rate = 0.05
2025-06-28 09:27:12 [INFO] adaboost.adaboost:25 - model is <base_models.logistic_regression.LogisticRegressionModel object at 0x000002D569A07D60>
2025-06-28 09:27:12 [INFO] base_models.logistic_regression:57 - LogisticRegression final iteration 0, max_iter=1500, learning_rate = 0.05
2025-06-28 09:27:13 [INFO] base_models.logistic_regression:57 - LogisticRegression final iteration 1499, max_iter=1500, learning_rate = 0.05
2025-06-28 09:27:13 [INFO] adaboost.adaboost:25 - model is <base_models.logistic_regression.LogisticRegressionModel object at 0x000002D5699FCF70>
2025-06-28 09:27:13 [INFO] base_models.logistic_regression:57 - LogisticRegression final iteration 0, max_iter=1500, learning_rate = 0.05
2025-06-28 09:27:15 [INFO] base_models.logistic_regression:57 - LogisticRegression final iteration 1499, max_iter=1500, learning_rate = 0.05
2025-06-28 09:27:15 [INFO] adaboost.adaboost:25 - model is <base_models.logistic_regression.LogisticRegressionModel object at 0x000002D569A45DC0>
2025-06-28 09:27:15 [INFO] base_models.logistic_regression:57 - LogisticRegression final iteration 0, max_iter=1500, learning_rate = 0.05
2025-06-28 09:27:16 [INFO] base_models.logistic_regression:57 - LogisticRegression final iteration 1499, max_iter=1500, learning_rate = 0.05
2025-06-28 09:27:16 [INFO] adaboost.adaboost:25 - model is <base_models.logistic_regression.LogisticRegressionModel object at 0x000002D569A45F70>
2025-06-28 09:27:16 [INFO] base_models.logistic_regression:57 - LogisticRegression final iteration 0, max_iter=1500, learning_rate = 0.05
2025-06-28 09:27:17 [INFO] base_models.logistic_regression:57 - LogisticRegression final iteration 1499, max_iter=1500, learning_rate = 0.05
2025-06-28 09:27:17 [INFO] adaboost.adaboost:25 - model is <base_models.logistic_regression.LogisticRegressionModel object at 0x000002D569A45EE0>
2025-06-28 09:27:17 [INFO] base_models.logistic_regression:57 - LogisticRegression final iteration 0, max_iter=1500, learning_rate = 0.05
2025-06-28 09:27:17 [INFO] base_models.logistic_regression:57 - LogisticRegression final iteration 1499, max_iter=1500, learning_rate = 0.05
2025-06-28 09:27:17 [INFO] adaboost.adaboost:25 - model is <base_models.logistic_regression.LogisticRegressionModel object at 0x000002D569A45FA0>
2025-06-28 09:27:17 [INFO] base_models.logistic_regression:57 - LogisticRegression final iteration 0, max_iter=1500, learning_rate = 0.05
2025-06-28 09:27:18 [INFO] base_models.logistic_regression:57 - LogisticRegression final iteration 1499, max_iter=1500, learning_rate = 0.05
2025-06-28 09:27:18 [INFO] adaboost.adaboost:25 - model is <base_models.logistic_regression.LogisticRegressionModel object at 0x000002D569A45E20>
2025-06-28 09:27:18 [INFO] base_models.logistic_regression:57 - LogisticRegression final iteration 0, max_iter=1500, learning_rate = 0.05
2025-06-28 09:27:19 [INFO] base_models.logistic_regression:57 - LogisticRegression final iteration 1499, max_iter=1500, learning_rate = 0.05
2025-06-28 09:27:19 [INFO] adaboost.adaboost:25 - model is <base_models.logistic_regression.LogisticRegressionModel object at 0x000002D56B561100>
2025-06-28 09:27:19 [INFO] base_models.logistic_regression:57 - LogisticRegression final iteration 0, max_iter=1500, learning_rate = 0.05
2025-06-28 09:27:20 [INFO] base_models.logistic_regression:57 - LogisticRegression final iteration 1499, max_iter=1500, learning_rate = 0.05
2025-06-28 09:27:20 [INFO] adaboost.adaboost:25 - model is <base_models.logistic_regression.LogisticRegressionModel object at 0x000002D5413E4C70>
2025-06-28 09:27:20 [INFO] base_models.logistic_regression:57 - LogisticRegression final iteration 0, max_iter=1500, learning_rate = 0.05
2025-06-28 09:27:21 [INFO] base_models.logistic_regression:57 - LogisticRegression final iteration 1499, max_iter=1500, learning_rate = 0.05
2025-06-28 09:27:21 [INFO] adaboost.adaboost:25 - model is <base_models.logistic_regression.LogisticRegressionModel object at 0x000002D569A16FD0>
2025-06-28 09:27:21 [INFO] base_models.logistic_regression:57 - LogisticRegression final iteration 0, max_iter=1500, learning_rate = 0.05
2025-06-28 09:27:21 [INFO] base_models.logistic_regression:57 - LogisticRegression final iteration 1499, max_iter=1500, learning_rate = 0.05
2025-06-28 09:27:21 [INFO] adaboost.adaboost:25 - model is <base_models.logistic_regression.LogisticRegressionModel object at 0x000002D569A07D60>
2025-06-28 09:27:21 [INFO] base_models.logistic_regression:57 - LogisticRegression final iteration 0, max_iter=1500, learning_rate = 0.05
2025-06-28 09:27:22 [INFO] base_models.logistic_regression:57 - LogisticRegression final iteration 1499, max_iter=1500, learning_rate = 0.05
2025-06-28 09:27:22 [INFO] adaboost.adaboost:25 - model is <base_models.logistic_regression.LogisticRegressionModel object at 0x000002D5699FCF70>
2025-06-28 09:27:22 [INFO] base_models.logistic_regression:57 - LogisticRegression final iteration 0, max_iter=1500, learning_rate = 0.05
2025-06-28 09:27:23 [INFO] base_models.logistic_regression:57 - LogisticRegression final iteration 1499, max_iter=1500, learning_rate = 0.05
2025-06-28 09:27:23 [INFO] adaboost.adaboost:25 - model is <base_models.logistic_regression.LogisticRegressionModel object at 0x000002D569A459A0>
2025-06-28 09:27:23 [INFO] base_models.logistic_regression:57 - LogisticRegression final iteration 0, max_iter=1500, learning_rate = 0.05
2025-06-28 09:27:24 [INFO] base_models.logistic_regression:57 - LogisticRegression final iteration 1499, max_iter=1500, learning_rate = 0.05
2025-06-28 09:27:24 [INFO] adaboost.adaboost:25 - model is <base_models.logistic_regression.LogisticRegressionModel object at 0x000002D569A45DC0>
2025-06-28 09:27:24 [INFO] base_models.logistic_regression:57 - LogisticRegression final iteration 0, max_iter=1500, learning_rate = 0.05
2025-06-28 09:27:25 [INFO] base_models.logistic_regression:57 - LogisticRegression final iteration 1499, max_iter=1500, learning_rate = 0.05
2025-06-28 09:27:25 [INFO] adaboost.adaboost:25 - model is <base_models.logistic_regression.LogisticRegressionModel object at 0x000002D569A45F70>
2025-06-28 09:27:25 [INFO] base_models.logistic_regression:57 - LogisticRegression final iteration 0, max_iter=1500, learning_rate = 0.05
2025-06-28 09:27:25 [INFO] base_models.logistic_regression:57 - LogisticRegression final iteration 1499, max_iter=1500, learning_rate = 0.05
2025-06-28 09:27:25 [INFO] adaboost.adaboost:25 - model is <base_models.logistic_regression.LogisticRegressionModel object at 0x000002D569A45EE0>
2025-06-28 09:27:25 [INFO] base_models.logistic_regression:57 - LogisticRegression final iteration 0, max_iter=1500, learning_rate = 0.05
2025-06-28 09:27:26 [INFO] base_models.logistic_regression:57 - LogisticRegression final iteration 1499, max_iter=1500, learning_rate = 0.05
2025-06-28 09:27:26 [INFO] adaboost.adaboost:25 - model is <base_models.logistic_regression.LogisticRegressionModel object at 0x000002D569A45FA0>
2025-06-28 09:27:26 [INFO] base_models.logistic_regression:57 - LogisticRegression final iteration 0, max_iter=1500, learning_rate = 0.05
2025-06-28 09:27:27 [INFO] base_models.logistic_regression:57 - LogisticRegression final iteration 1499, max_iter=1500, learning_rate = 0.05
2025-06-28 09:27:27 [INFO] adaboost.adaboost:25 - model is <base_models.logistic_regression.LogisticRegressionModel object at 0x000002D569A45E20>
2025-06-28 09:27:27 [INFO] base_models.logistic_regression:57 - LogisticRegression final iteration 0, max_iter=1500, learning_rate = 0.05
2025-06-28 09:27:28 [INFO] base_models.logistic_regression:57 - LogisticRegression final iteration 1499, max_iter=1500, learning_rate = 0.05
2025-06-28 09:27:28 [INFO] adaboost.adaboost:25 - model is <base_models.logistic_regression.LogisticRegressionModel object at 0x000002D5413E4C70>
2025-06-28 09:27:28 [INFO] base_models.logistic_regression:57 - LogisticRegression final iteration 0, max_iter=1500, learning_rate = 0.05
2025-06-28 09:27:28 [INFO] base_models.logistic_regression:57 - LogisticRegression final iteration 1499, max_iter=1500, learning_rate = 0.05
2025-06-28 09:27:28 [INFO] adaboost.adaboost:25 - model is <base_models.logistic_regression.LogisticRegressionModel object at 0x000002D569A16FD0>
2025-06-28 09:27:28 [INFO] base_models.logistic_regression:57 - LogisticRegression final iteration 0, max_iter=1500, learning_rate = 0.05
2025-06-28 09:27:29 [INFO] base_models.logistic_regression:57 - LogisticRegression final iteration 1499, max_iter=1500, learning_rate = 0.05
2025-06-28 09:27:29 [INFO] adaboost.adaboost:25 - model is <base_models.logistic_regression.LogisticRegressionModel object at 0x000002D569A07D60>
2025-06-28 09:27:29 [INFO] base_models.logistic_regression:57 - LogisticRegression final iteration 0, max_iter=1500, learning_rate = 0.05
2025-06-28 09:27:30 [INFO] base_models.logistic_regression:57 - LogisticRegression final iteration 1499, max_iter=1500, learning_rate = 0.05
2025-06-28 09:27:30 [INFO] adaboost.adaboost:25 - model is <base_models.logistic_regression.LogisticRegressionModel object at 0x000002D5699FCF70>
2025-06-28 09:27:30 [INFO] base_models.logistic_regression:57 - LogisticRegression final iteration 0, max_iter=1500, learning_rate = 0.05
2025-06-28 09:27:31 [INFO] base_models.logistic_regression:57 - LogisticRegression final iteration 1499, max_iter=1500, learning_rate = 0.05
2025-06-28 09:27:31 [INFO] adaboost.adaboost:25 - model is <base_models.logistic_regression.LogisticRegressionModel object at 0x000002D569A459A0>
2025-06-28 09:27:31 [INFO] base_models.logistic_regression:57 - LogisticRegression final iteration 0, max_iter=1500, learning_rate = 0.05
2025-06-28 09:27:32 [INFO] base_models.logistic_regression:57 - LogisticRegression final iteration 1499, max_iter=1500, learning_rate = 0.05
2025-06-28 09:27:32 [INFO] adaboost.adaboost:25 - model is <base_models.logistic_regression.LogisticRegressionModel object at 0x000002D569A45DC0>
2025-06-28 09:27:32 [INFO] base_models.logistic_regression:57 - LogisticRegression final iteration 0, max_iter=1500, learning_rate = 0.05
2025-06-28 09:27:33 [INFO] base_models.logistic_regression:57 - LogisticRegression final iteration 1499, max_iter=1500, learning_rate = 0.05
2025-06-28 09:27:33 [INFO] adaboost.adaboost:25 - model is <base_models.logistic_regression.LogisticRegressionModel object at 0x000002D569A45F70>
2025-06-28 09:27:33 [INFO] base_models.logistic_regression:57 - LogisticRegression final iteration 0, max_iter=1500, learning_rate = 0.05
2025-06-28 09:27:34 [INFO] base_models.logistic_regression:57 - LogisticRegression final iteration 1499, max_iter=1500, learning_rate = 0.05
2025-06-28 09:27:34 [INFO] adaboost.adaboost:25 - model is <base_models.logistic_regression.LogisticRegressionModel object at 0x000002D569A45EE0>
2025-06-28 09:27:34 [INFO] base_models.logistic_regression:57 - LogisticRegression final iteration 0, max_iter=1500, learning_rate = 0.05
2025-06-28 09:27:34 [INFO] base_models.logistic_regression:57 - LogisticRegression final iteration 1499, max_iter=1500, learning_rate = 0.05
2025-06-28 09:27:34 [INFO] adaboost.adaboost:25 - model is <base_models.logistic_regression.LogisticRegressionModel object at 0x000002D569A45FA0>
2025-06-28 09:27:34 [INFO] base_models.logistic_regression:57 - LogisticRegression final iteration 0, max_iter=1500, learning_rate = 0.05
2025-06-28 09:27:35 [INFO] base_models.logistic_regression:57 - LogisticRegression final iteration 1499, max_iter=1500, learning_rate = 0.05
2025-06-28 09:27:35 [INFO] adaboost.adaboost:25 - model is <base_models.logistic_regression.LogisticRegressionModel object at 0x000002D569A45E20>
2025-06-28 09:27:35 [INFO] base_models.logistic_regression:57 - LogisticRegression final iteration 0, max_iter=1500, learning_rate = 0.05
2025-06-28 09:27:36 [INFO] base_models.logistic_regression:57 - LogisticRegression final iteration 1499, max_iter=1500, learning_rate = 0.05
2025-06-28 09:27:36 [INFO] adaboost.adaboost:25 - model is <base_models.logistic_regression.LogisticRegressionModel object at 0x000002D5413E4C70>
2025-06-28 09:27:36 [INFO] base_models.logistic_regression:57 - LogisticRegression final iteration 0, max_iter=1500, learning_rate = 0.05
2025-06-28 09:27:37 [INFO] base_models.logistic_regression:57 - LogisticRegression final iteration 1499, max_iter=1500, learning_rate = 0.05
2025-06-28 09:27:37 [INFO] adaboost.adaboost:25 - model is <base_models.logistic_regression.LogisticRegressionModel object at 0x000002D569A16FD0>
2025-06-28 09:27:37 [INFO] base_models.logistic_regression:57 - LogisticRegression final iteration 0, max_iter=1500, learning_rate = 0.05
2025-06-28 09:27:38 [INFO] base_models.logistic_regression:57 - LogisticRegression final iteration 1499, max_iter=1500, learning_rate = 0.05
2025-06-28 09:27:38 [INFO] adaboost.adaboost:25 - model is <base_models.logistic_regression.LogisticRegressionModel object at 0x000002D569A07D60>
2025-06-28 09:27:38 [INFO] base_models.logistic_regression:57 - LogisticRegression final iteration 0, max_iter=1500, learning_rate = 0.05
2025-06-28 09:27:38 [INFO] base_models.logistic_regression:57 - LogisticRegression final iteration 1499, max_iter=1500, learning_rate = 0.05
2025-06-28 09:27:38 [INFO] adaboost.adaboost:25 - model is <base_models.logistic_regression.LogisticRegressionModel object at 0x000002D5699FCF70>
2025-06-28 09:27:38 [INFO] base_models.logistic_regression:57 - LogisticRegression final iteration 0, max_iter=1500, learning_rate = 0.05
2025-06-28 09:27:39 [INFO] base_models.logistic_regression:57 - LogisticRegression final iteration 1499, max_iter=1500, learning_rate = 0.05
2025-06-28 09:27:39 [INFO] adaboost.adaboost:25 - model is <base_models.logistic_regression.LogisticRegressionModel object at 0x000002D569A459A0>
2025-06-28 09:27:39 [INFO] base_models.logistic_regression:57 - LogisticRegression final iteration 0, max_iter=1500, learning_rate = 0.05
2025-06-28 09:27:40 [INFO] base_models.logistic_regression:57 - LogisticRegression final iteration 1499, max_iter=1500, learning_rate = 0.05
2025-06-28 09:27:40 [INFO] adaboost.adaboost:25 - model is <base_models.logistic_regression.LogisticRegressionModel object at 0x000002D569A45DC0>
2025-06-28 09:27:40 [INFO] base_models.logistic_regression:57 - LogisticRegression final iteration 0, max_iter=1500, learning_rate = 0.05
2025-06-28 09:27:41 [INFO] base_models.logistic_regression:57 - LogisticRegression final iteration 1499, max_iter=1500, learning_rate = 0.05
2025-06-28 09:27:41 [INFO] adaboost.adaboost:25 - model is <base_models.logistic_regression.LogisticRegressionModel object at 0x000002D569A45F70>
2025-06-28 09:27:41 [INFO] base_models.logistic_regression:57 - LogisticRegression final iteration 0, max_iter=1500, learning_rate = 0.05
2025-06-28 09:27:42 [INFO] base_models.logistic_regression:57 - LogisticRegression final iteration 1499, max_iter=1500, learning_rate = 0.05
2025-06-28 09:27:42 [INFO] adaboost.adaboost:25 - model is <base_models.logistic_regression.LogisticRegressionModel object at 0x000002D569A45EE0>
2025-06-28 09:27:42 [INFO] base_models.logistic_regression:57 - LogisticRegression final iteration 0, max_iter=1500, learning_rate = 0.05
2025-06-28 09:27:42 [INFO] base_models.logistic_regression:57 - LogisticRegression final iteration 1499, max_iter=1500, learning_rate = 0.05
2025-06-28 09:27:42 [INFO] adaboost.adaboost:25 - model is <base_models.logistic_regression.LogisticRegressionModel object at 0x000002D569A45FA0>
2025-06-28 09:27:42 [INFO] base_models.logistic_regression:57 - LogisticRegression final iteration 0, max_iter=1500, learning_rate = 0.05
2025-06-28 09:27:43 [INFO] base_models.logistic_regression:57 - LogisticRegression final iteration 1499, max_iter=1500, learning_rate = 0.05
2025-06-28 09:27:43 [INFO] adaboost.adaboost:25 - model is <base_models.logistic_regression.LogisticRegressionModel object at 0x000002D569A45E20>
2025-06-28 09:27:43 [INFO] base_models.logistic_regression:57 - LogisticRegression final iteration 0, max_iter=1500, learning_rate = 0.05
2025-06-28 09:27:44 [INFO] base_models.logistic_regression:57 - LogisticRegression final iteration 1499, max_iter=1500, learning_rate = 0.05
2025-06-28 09:27:44 [INFO] adaboost.adaboost:25 - model is <base_models.logistic_regression.LogisticRegressionModel object at 0x000002D5413E4C70>
2025-06-28 09:27:44 [INFO] base_models.logistic_regression:57 - LogisticRegression final iteration 0, max_iter=1500, learning_rate = 0.05
2025-06-28 09:27:45 [INFO] base_models.logistic_regression:57 - LogisticRegression final iteration 1499, max_iter=1500, learning_rate = 0.05
2025-06-28 09:27:45 [INFO] adaboost.adaboost:25 - model is <base_models.logistic_regression.LogisticRegressionModel object at 0x000002D569A16FD0>
2025-06-28 09:27:45 [INFO] base_models.logistic_regression:57 - LogisticRegression final iteration 0, max_iter=1500, learning_rate = 0.05
2025-06-28 09:27:46 [INFO] base_models.logistic_regression:57 - LogisticRegression final iteration 1499, max_iter=1500, learning_rate = 0.05
2025-06-28 09:27:46 [INFO] adaboost.adaboost:25 - model is <base_models.logistic_regression.LogisticRegressionModel object at 0x000002D569A07D60>
2025-06-28 09:27:46 [INFO] base_models.logistic_regression:57 - LogisticRegression final iteration 0, max_iter=1500, learning_rate = 0.05
2025-06-28 09:27:47 [INFO] base_models.logistic_regression:57 - LogisticRegression final iteration 1499, max_iter=1500, learning_rate = 0.05
2025-06-28 09:27:47 [INFO] adaboost.adaboost:25 - model is <base_models.logistic_regression.LogisticRegressionModel object at 0x000002D5699FCF70>
2025-06-28 09:27:47 [INFO] base_models.logistic_regression:57 - LogisticRegression final iteration 0, max_iter=1500, learning_rate = 0.05
2025-06-28 09:27:47 [INFO] base_models.logistic_regression:57 - LogisticRegression final iteration 1499, max_iter=1500, learning_rate = 0.05
2025-06-28 09:27:47 [INFO] adaboost.adaboost:25 - model is <base_models.logistic_regression.LogisticRegressionModel object at 0x000002D569A459A0>
2025-06-28 09:27:47 [INFO] base_models.logistic_regression:57 - LogisticRegression final iteration 0, max_iter=1500, learning_rate = 0.05
2025-06-28 09:27:48 [INFO] base_models.logistic_regression:57 - LogisticRegression final iteration 1499, max_iter=1500, learning_rate = 0.05
2025-06-28 09:27:48 [INFO] adaboost.adaboost:25 - model is <base_models.logistic_regression.LogisticRegressionModel object at 0x000002D569A45DC0>
2025-06-28 09:27:48 [INFO] base_models.logistic_regression:57 - LogisticRegression final iteration 0, max_iter=1500, learning_rate = 0.05
2025-06-28 09:27:49 [INFO] base_models.logistic_regression:57 - LogisticRegression final iteration 1499, max_iter=1500, learning_rate = 0.05
2025-06-28 09:27:49 [INFO] adaboost.adaboost:25 - model is <base_models.logistic_regression.LogisticRegressionModel object at 0x000002D569A45F70>
2025-06-28 09:27:49 [INFO] base_models.logistic_regression:57 - LogisticRegression final iteration 0, max_iter=1500, learning_rate = 0.05
2025-06-28 09:27:50 [INFO] base_models.logistic_regression:57 - LogisticRegression final iteration 1499, max_iter=1500, learning_rate = 0.05
2025-06-28 09:27:50 [INFO] adaboost.adaboost:25 - model is <base_models.logistic_regression.LogisticRegressionModel object at 0x000002D569A45EE0>
2025-06-28 09:27:50 [INFO] base_models.logistic_regression:57 - LogisticRegression final iteration 0, max_iter=1500, learning_rate = 0.05
2025-06-28 09:27:51 [INFO] base_models.logistic_regression:57 - LogisticRegression final iteration 1499, max_iter=1500, learning_rate = 0.05
2025-06-28 09:27:51 [INFO] adaboost.adaboost:25 - model is <base_models.logistic_regression.LogisticRegressionModel object at 0x000002D569A45FA0>
2025-06-28 09:27:51 [INFO] base_models.logistic_regression:57 - LogisticRegression final iteration 0, max_iter=1500, learning_rate = 0.05
2025-06-28 09:27:51 [INFO] base_models.logistic_regression:57 - LogisticRegression final iteration 1499, max_iter=1500, learning_rate = 0.05
2025-06-28 09:27:51 [INFO] adaboost.adaboost:25 - model is <base_models.logistic_regression.LogisticRegressionModel object at 0x000002D569A45E20>
2025-06-28 09:27:51 [INFO] base_models.logistic_regression:57 - LogisticRegression final iteration 0, max_iter=1500, learning_rate = 0.05
2025-06-28 09:27:52 [INFO] base_models.logistic_regression:57 - LogisticRegression final iteration 1499, max_iter=1500, learning_rate = 0.05
2025-06-28 09:27:52 [INFO] adaboost.adaboost:25 - model is <base_models.logistic_regression.LogisticRegressionModel object at 0x000002D5413E4C70>
2025-06-28 09:27:52 [INFO] base_models.logistic_regression:57 - LogisticRegression final iteration 0, max_iter=1500, learning_rate = 0.05
2025-06-28 09:27:53 [INFO] base_models.logistic_regression:57 - LogisticRegression final iteration 1499, max_iter=1500, learning_rate = 0.05
2025-06-28 09:27:53 [INFO] adaboost.adaboost:25 - model is <base_models.logistic_regression.LogisticRegressionModel object at 0x000002D569A16FD0>
2025-06-28 09:27:53 [INFO] base_models.logistic_regression:57 - LogisticRegression final iteration 0, max_iter=1500, learning_rate = 0.05
2025-06-28 09:27:54 [INFO] base_models.logistic_regression:57 - LogisticRegression final iteration 1499, max_iter=1500, learning_rate = 0.05
2025-06-28 09:27:54 [INFO] adaboost.adaboost:25 - model is <base_models.logistic_regression.LogisticRegressionModel object at 0x000002D569A07D60>
2025-06-28 09:27:54 [INFO] base_models.logistic_regression:57 - LogisticRegression final iteration 0, max_iter=1500, learning_rate = 0.05
2025-06-28 09:27:55 [INFO] base_models.logistic_regression:57 - LogisticRegression final iteration 1499, max_iter=1500, learning_rate = 0.05
2025-06-28 09:27:55 [INFO] adaboost.adaboost:25 - model is <base_models.logistic_regression.LogisticRegressionModel object at 0x000002D5699FCF70>
2025-06-28 09:27:55 [INFO] base_models.logistic_regression:57 - LogisticRegression final iteration 0, max_iter=1500, learning_rate = 0.05
2025-06-28 09:27:56 [INFO] base_models.logistic_regression:57 - LogisticRegression final iteration 1499, max_iter=1500, learning_rate = 0.05
2025-06-28 09:27:56 [INFO] adaboost.adaboost:25 - model is <base_models.logistic_regression.LogisticRegressionModel object at 0x000002D569A459A0>
2025-06-28 09:27:56 [INFO] base_models.logistic_regression:57 - LogisticRegression final iteration 0, max_iter=1500, learning_rate = 0.05
2025-06-28 09:27:57 [INFO] base_models.logistic_regression:57 - LogisticRegression final iteration 1499, max_iter=1500, learning_rate = 0.05
2025-06-28 09:27:57 [INFO] adaboost.adaboost:25 - model is <base_models.logistic_regression.LogisticRegressionModel object at 0x000002D569A45DC0>
2025-06-28 09:27:57 [INFO] base_models.logistic_regression:57 - LogisticRegression final iteration 0, max_iter=1500, learning_rate = 0.05
2025-06-28 09:27:58 [INFO] base_models.logistic_regression:57 - LogisticRegression final iteration 1499, max_iter=1500, learning_rate = 0.05
2025-06-28 09:27:58 [INFO] adaboost.adaboost:25 - model is <base_models.logistic_regression.LogisticRegressionModel object at 0x000002D569A45F70>
2025-06-28 09:27:58 [INFO] base_models.logistic_regression:57 - LogisticRegression final iteration 0, max_iter=1500, learning_rate = 0.05
2025-06-28 09:27:58 [INFO] base_models.logistic_regression:57 - LogisticRegression final iteration 1499, max_iter=1500, learning_rate = 0.05
2025-06-28 09:27:58 [INFO] adaboost.adaboost:25 - model is <base_models.logistic_regression.LogisticRegressionModel object at 0x000002D569A45EE0>
2025-06-28 09:27:58 [INFO] base_models.logistic_regression:57 - LogisticRegression final iteration 0, max_iter=1500, learning_rate = 0.05
2025-06-28 09:27:59 [INFO] base_models.logistic_regression:57 - LogisticRegression final iteration 1499, max_iter=1500, learning_rate = 0.05
2025-06-28 09:27:59 [INFO] adaboost.adaboost:25 - model is <base_models.logistic_regression.LogisticRegressionModel object at 0x000002D569A45FA0>
2025-06-28 09:27:59 [INFO] base_models.logistic_regression:57 - LogisticRegression final iteration 0, max_iter=1500, learning_rate = 0.05
2025-06-28 09:28:00 [INFO] base_models.logistic_regression:57 - LogisticRegression final iteration 1499, max_iter=1500, learning_rate = 0.05
2025-06-28 09:28:00 [INFO] adaboost.adaboost:25 - model is <base_models.logistic_regression.LogisticRegressionModel object at 0x000002D569A45E20>
2025-06-28 09:28:00 [INFO] base_models.logistic_regression:57 - LogisticRegression final iteration 0, max_iter=1500, learning_rate = 0.05
2025-06-28 09:28:01 [INFO] base_models.logistic_regression:57 - LogisticRegression final iteration 1499, max_iter=1500, learning_rate = 0.05
2025-06-28 09:28:01 [INFO] adaboost.adaboost:25 - model is <base_models.logistic_regression.LogisticRegressionModel object at 0x000002D5413E4C70>
2025-06-28 09:28:01 [INFO] base_models.logistic_regression:57 - LogisticRegression final iteration 0, max_iter=1500, learning_rate = 0.05
2025-06-28 09:28:02 [INFO] base_models.logistic_regression:57 - LogisticRegression final iteration 1499, max_iter=1500, learning_rate = 0.05
2025-06-28 09:28:02 [INFO] adaboost.adaboost:25 - model is <base_models.logistic_regression.LogisticRegressionModel object at 0x000002D569A16FD0>
2025-06-28 09:28:02 [INFO] base_models.logistic_regression:57 - LogisticRegression final iteration 0, max_iter=1500, learning_rate = 0.05
2025-06-28 09:28:03 [INFO] base_models.logistic_regression:57 - LogisticRegression final iteration 1499, max_iter=1500, learning_rate = 0.05
2025-06-28 09:28:03 [INFO] adaboost.adaboost:25 - model is <base_models.logistic_regression.LogisticRegressionModel object at 0x000002D569A07D60>
2025-06-28 09:28:03 [INFO] base_models.logistic_regression:57 - LogisticRegression final iteration 0, max_iter=1500, learning_rate = 0.05
2025-06-28 09:28:04 [INFO] base_models.logistic_regression:57 - LogisticRegression final iteration 1499, max_iter=1500, learning_rate = 0.05
2025-06-28 09:28:04 [INFO] adaboost.adaboost:25 - model is <base_models.logistic_regression.LogisticRegressionModel object at 0x000002D5699FCF70>
2025-06-28 09:28:04 [INFO] base_models.logistic_regression:57 - LogisticRegression final iteration 0, max_iter=1500, learning_rate = 0.05
2025-06-28 09:28:05 [INFO] base_models.logistic_regression:57 - LogisticRegression final iteration 1499, max_iter=1500, learning_rate = 0.05
2025-06-28 09:28:05 [INFO] adaboost.adaboost:25 - model is <base_models.logistic_regression.LogisticRegressionModel object at 0x000002D569A459A0>
2025-06-28 09:28:05 [INFO] base_models.logistic_regression:57 - LogisticRegression final iteration 0, max_iter=1500, learning_rate = 0.05
2025-06-28 09:28:06 [INFO] base_models.logistic_regression:57 - LogisticRegression final iteration 1499, max_iter=1500, learning_rate = 0.05
2025-06-28 09:28:06 [INFO] adaboost.adaboost:25 - model is <base_models.logistic_regression.LogisticRegressionModel object at 0x000002D569A45DC0>
2025-06-28 09:28:06 [INFO] base_models.logistic_regression:57 - LogisticRegression final iteration 0, max_iter=1500, learning_rate = 0.05
2025-06-28 09:28:07 [INFO] base_models.logistic_regression:57 - LogisticRegression final iteration 1499, max_iter=1500, learning_rate = 0.05
2025-06-28 09:28:07 [INFO] adaboost.adaboost:25 - model is <base_models.logistic_regression.LogisticRegressionModel object at 0x000002D569A45F70>
2025-06-28 09:28:07 [INFO] base_models.logistic_regression:57 - LogisticRegression final iteration 0, max_iter=1500, learning_rate = 0.05
2025-06-28 09:28:08 [INFO] base_models.logistic_regression:57 - LogisticRegression final iteration 1499, max_iter=1500, learning_rate = 0.05
2025-06-28 09:28:08 [INFO] adaboost.adaboost:25 - model is <base_models.logistic_regression.LogisticRegressionModel object at 0x000002D569A45EE0>
2025-06-28 09:28:08 [INFO] base_models.logistic_regression:57 - LogisticRegression final iteration 0, max_iter=1500, learning_rate = 0.05
2025-06-28 09:28:09 [INFO] base_models.logistic_regression:57 - LogisticRegression final iteration 1499, max_iter=1500, learning_rate = 0.05
2025-06-28 09:28:09 [INFO] adaboost.adaboost:25 - model is <base_models.logistic_regression.LogisticRegressionModel object at 0x000002D569A45FA0>
2025-06-28 09:28:09 [INFO] base_models.logistic_regression:57 - LogisticRegression final iteration 0, max_iter=1500, learning_rate = 0.05
2025-06-28 09:28:10 [INFO] base_models.logistic_regression:57 - LogisticRegression final iteration 1499, max_iter=1500, learning_rate = 0.05
2025-06-28 09:28:10 [INFO] adaboost.adaboost:25 - model is <base_models.logistic_regression.LogisticRegressionModel object at 0x000002D569A45E20>
2025-06-28 09:28:10 [INFO] base_models.logistic_regression:57 - LogisticRegression final iteration 0, max_iter=1500, learning_rate = 0.05
2025-06-28 09:28:10 [INFO] base_models.logistic_regression:57 - LogisticRegression final iteration 1499, max_iter=1500, learning_rate = 0.05
2025-06-28 09:28:10 [INFO] adaboost.adaboost:25 - model is <base_models.logistic_regression.LogisticRegressionModel object at 0x000002D5413E4C70>
2025-06-28 09:28:10 [INFO] base_models.logistic_regression:57 - LogisticRegression final iteration 0, max_iter=1500, learning_rate = 0.05
2025-06-28 09:28:11 [INFO] base_models.logistic_regression:57 - LogisticRegression final iteration 1499, max_iter=1500, learning_rate = 0.05
2025-06-28 09:28:11 [INFO] adaboost.adaboost:25 - model is <base_models.logistic_regression.LogisticRegressionModel object at 0x000002D569A16FD0>
2025-06-28 09:28:11 [INFO] base_models.logistic_regression:57 - LogisticRegression final iteration 0, max_iter=1500, learning_rate = 0.05
2025-06-28 09:28:12 [INFO] base_models.logistic_regression:57 - LogisticRegression final iteration 1499, max_iter=1500, learning_rate = 0.05
2025-06-28 09:28:12 [INFO] adaboost.adaboost:25 - model is <base_models.logistic_regression.LogisticRegressionModel object at 0x000002D569A07D60>
2025-06-28 09:28:12 [INFO] base_models.logistic_regression:57 - LogisticRegression final iteration 0, max_iter=1500, learning_rate = 0.05
2025-06-28 09:28:13 [INFO] base_models.logistic_regression:57 - LogisticRegression final iteration 1499, max_iter=1500, learning_rate = 0.05
2025-06-28 09:28:13 [INFO] adaboost.adaboost:25 - model is <base_models.logistic_regression.LogisticRegressionModel object at 0x000002D5699FCF70>
2025-06-28 09:28:13 [INFO] base_models.logistic_regression:57 - LogisticRegression final iteration 0, max_iter=1500, learning_rate = 0.05
2025-06-28 09:28:13 [INFO] base_models.logistic_regression:57 - LogisticRegression final iteration 1499, max_iter=1500, learning_rate = 0.05
2025-06-28 09:28:13 [INFO] adaboost.adaboost:25 - model is <base_models.logistic_regression.LogisticRegressionModel object at 0x000002D569A459A0>
2025-06-28 09:28:13 [INFO] base_models.logistic_regression:57 - LogisticRegression final iteration 0, max_iter=1500, learning_rate = 0.05
2025-06-28 09:28:14 [INFO] base_models.logistic_regression:57 - LogisticRegression final iteration 1499, max_iter=1500, learning_rate = 0.05
2025-06-28 09:28:14 [INFO] adaboost.adaboost:25 - model is <base_models.logistic_regression.LogisticRegressionModel object at 0x000002D569A45DC0>
2025-06-28 09:28:14 [INFO] base_models.logistic_regression:57 - LogisticRegression final iteration 0, max_iter=1500, learning_rate = 0.05
2025-06-28 09:28:15 [INFO] base_models.logistic_regression:57 - LogisticRegression final iteration 1499, max_iter=1500, learning_rate = 0.05
2025-06-28 09:28:15 [INFO] adaboost.adaboost:25 - model is <base_models.logistic_regression.LogisticRegressionModel object at 0x000002D569A45F70>
2025-06-28 09:28:15 [INFO] base_models.logistic_regression:57 - LogisticRegression final iteration 0, max_iter=1500, learning_rate = 0.05
2025-06-28 09:28:16 [INFO] base_models.logistic_regression:57 - LogisticRegression final iteration 1499, max_iter=1500, learning_rate = 0.05
2025-06-28 09:28:16 [INFO] adaboost.adaboost:25 - model is <base_models.logistic_regression.LogisticRegressionModel object at 0x000002D569A45EE0>
2025-06-28 09:28:16 [INFO] base_models.logistic_regression:57 - LogisticRegression final iteration 0, max_iter=1500, learning_rate = 0.05
2025-06-28 09:28:16 [INFO] base_models.logistic_regression:57 - LogisticRegression final iteration 1499, max_iter=1500, learning_rate = 0.05
2025-06-28 09:28:16 [INFO] adaboost.adaboost:25 - model is <base_models.logistic_regression.LogisticRegressionModel object at 0x000002D569A45FA0>
2025-06-28 09:28:16 [INFO] base_models.logistic_regression:57 - LogisticRegression final iteration 0, max_iter=1500, learning_rate = 0.05
2025-06-28 09:28:17 [INFO] base_models.logistic_regression:57 - LogisticRegression final iteration 1499, max_iter=1500, learning_rate = 0.05
2025-06-28 09:28:17 [INFO] adaboost.adaboost:25 - model is <base_models.logistic_regression.LogisticRegressionModel object at 0x000002D569A45E20>
2025-06-28 09:28:17 [INFO] base_models.logistic_regression:57 - LogisticRegression final iteration 0, max_iter=1500, learning_rate = 0.05
2025-06-28 09:28:18 [INFO] base_models.logistic_regression:57 - LogisticRegression final iteration 1499, max_iter=1500, learning_rate = 0.05
2025-06-28 09:28:18 [INFO] adaboost.adaboost:25 - model is <base_models.logistic_regression.LogisticRegressionModel object at 0x000002D5413E4C70>
2025-06-28 09:28:18 [INFO] base_models.logistic_regression:57 - LogisticRegression final iteration 0, max_iter=1500, learning_rate = 0.05
2025-06-28 09:28:18 [INFO] base_models.logistic_regression:57 - LogisticRegression final iteration 1499, max_iter=1500, learning_rate = 0.05
2025-06-28 09:28:18 [INFO] adaboost.adaboost:25 - model is <base_models.logistic_regression.LogisticRegressionModel object at 0x000002D569A16FD0>
2025-06-28 09:28:18 [INFO] base_models.logistic_regression:57 - LogisticRegression final iteration 0, max_iter=1500, learning_rate = 0.05
2025-06-28 09:28:19 [INFO] base_models.logistic_regression:57 - LogisticRegression final iteration 1499, max_iter=1500, learning_rate = 0.05
2025-06-28 09:28:19 [INFO] adaboost.adaboost:25 - model is <base_models.logistic_regression.LogisticRegressionModel object at 0x000002D569A07D60>
2025-06-28 09:28:19 [INFO] base_models.logistic_regression:57 - LogisticRegression final iteration 0, max_iter=1500, learning_rate = 0.05
2025-06-28 09:28:20 [INFO] base_models.logistic_regression:57 - LogisticRegression final iteration 1499, max_iter=1500, learning_rate = 0.05
2025-06-28 09:28:20 [INFO] adaboost.adaboost:25 - model is <base_models.logistic_regression.LogisticRegressionModel object at 0x000002D5699FCF70>
2025-06-28 09:28:20 [INFO] base_models.logistic_regression:57 - LogisticRegression final iteration 0, max_iter=1500, learning_rate = 0.05
2025-06-28 09:28:21 [INFO] base_models.logistic_regression:57 - LogisticRegression final iteration 1499, max_iter=1500, learning_rate = 0.05
2025-06-28 09:28:21 [INFO] adaboost.adaboost:25 - model is <base_models.logistic_regression.LogisticRegressionModel object at 0x000002D569A459A0>
2025-06-28 09:28:21 [INFO] base_models.logistic_regression:57 - LogisticRegression final iteration 0, max_iter=1500, learning_rate = 0.05
2025-06-28 09:28:21 [INFO] base_models.logistic_regression:57 - LogisticRegression final iteration 1499, max_iter=1500, learning_rate = 0.05
2025-06-28 09:28:21 [INFO] adaboost.adaboost:25 - model is <base_models.logistic_regression.LogisticRegressionModel object at 0x000002D569A45DC0>
2025-06-28 09:28:21 [INFO] base_models.logistic_regression:57 - LogisticRegression final iteration 0, max_iter=1500, learning_rate = 0.05
2025-06-28 09:28:22 [INFO] base_models.logistic_regression:57 - LogisticRegression final iteration 1499, max_iter=1500, learning_rate = 0.05
2025-06-28 09:28:22 [INFO] adaboost.adaboost:25 - model is <base_models.logistic_regression.LogisticRegressionModel object at 0x000002D569A45F70>
2025-06-28 09:28:22 [INFO] base_models.logistic_regression:57 - LogisticRegression final iteration 0, max_iter=1500, learning_rate = 0.05
2025-06-28 09:28:23 [INFO] base_models.logistic_regression:57 - LogisticRegression final iteration 1499, max_iter=1500, learning_rate = 0.05
2025-06-28 09:28:23 [INFO] adaboost.adaboost:25 - model is <base_models.logistic_regression.LogisticRegressionModel object at 0x000002D569A45EE0>
2025-06-28 09:28:23 [INFO] base_models.logistic_regression:57 - LogisticRegression final iteration 0, max_iter=1500, learning_rate = 0.05
2025-06-28 09:28:24 [INFO] base_models.logistic_regression:57 - LogisticRegression final iteration 1499, max_iter=1500, learning_rate = 0.05
2025-06-28 09:28:24 [INFO] adaboost.adaboost:25 - model is <base_models.logistic_regression.LogisticRegressionModel object at 0x000002D569A45FA0>
2025-06-28 09:28:24 [INFO] base_models.logistic_regression:57 - LogisticRegression final iteration 0, max_iter=1500, learning_rate = 0.05
2025-06-28 09:28:24 [INFO] base_models.logistic_regression:57 - LogisticRegression final iteration 1499, max_iter=1500, learning_rate = 0.05
2025-06-28 09:28:24 [INFO] adaboost.adaboost:25 - model is <base_models.logistic_regression.LogisticRegressionModel object at 0x000002D569A45E20>
2025-06-28 09:28:24 [INFO] base_models.logistic_regression:57 - LogisticRegression final iteration 0, max_iter=1500, learning_rate = 0.05
2025-06-28 09:28:25 [INFO] base_models.logistic_regression:57 - LogisticRegression final iteration 1499, max_iter=1500, learning_rate = 0.05
2025-06-28 09:28:25 [INFO] adaboost.adaboost:25 - model is <base_models.logistic_regression.LogisticRegressionModel object at 0x000002D5413E4C70>
2025-06-28 09:28:25 [INFO] base_models.logistic_regression:57 - LogisticRegression final iteration 0, max_iter=1500, learning_rate = 0.05
2025-06-28 09:28:26 [INFO] base_models.logistic_regression:57 - LogisticRegression final iteration 1499, max_iter=1500, learning_rate = 0.05
2025-06-28 09:28:26 [INFO] adaboost.adaboost:25 - model is <base_models.logistic_regression.LogisticRegressionModel object at 0x000002D569A16FD0>
2025-06-28 09:28:26 [INFO] base_models.logistic_regression:57 - LogisticRegression final iteration 0, max_iter=1500, learning_rate = 0.05
2025-06-28 09:28:27 [INFO] base_models.logistic_regression:57 - LogisticRegression final iteration 1499, max_iter=1500, learning_rate = 0.05
2025-06-28 09:28:27 [INFO] adaboost.adaboost:25 - model is <base_models.logistic_regression.LogisticRegressionModel object at 0x000002D569A07D60>
2025-06-28 09:28:27 [INFO] base_models.logistic_regression:57 - LogisticRegression final iteration 0, max_iter=1500, learning_rate = 0.05
2025-06-28 09:28:27 [INFO] base_models.logistic_regression:57 - LogisticRegression final iteration 1499, max_iter=1500, learning_rate = 0.05
2025-06-28 09:28:27 [INFO] adaboost.adaboost:25 - model is <base_models.logistic_regression.LogisticRegressionModel object at 0x000002D5699FCF70>
2025-06-28 09:28:27 [INFO] base_models.logistic_regression:57 - LogisticRegression final iteration 0, max_iter=1500, learning_rate = 0.05
2025-06-28 09:28:28 [INFO] base_models.logistic_regression:57 - LogisticRegression final iteration 1499, max_iter=1500, learning_rate = 0.05
2025-06-28 09:28:28 [INFO] adaboost.adaboost:25 - model is <base_models.logistic_regression.LogisticRegressionModel object at 0x000002D569A459A0>
2025-06-28 09:28:28 [INFO] base_models.logistic_regression:57 - LogisticRegression final iteration 0, max_iter=1500, learning_rate = 0.05
2025-06-28 09:28:29 [INFO] base_models.logistic_regression:57 - LogisticRegression final iteration 1499, max_iter=1500, learning_rate = 0.05
2025-06-28 09:28:29 [INFO] adaboost.adaboost:25 - model is <base_models.logistic_regression.LogisticRegressionModel object at 0x000002D569A45DC0>
2025-06-28 09:28:29 [INFO] base_models.logistic_regression:57 - LogisticRegression final iteration 0, max_iter=1500, learning_rate = 0.05
2025-06-28 09:28:29 [INFO] base_models.logistic_regression:57 - LogisticRegression final iteration 1499, max_iter=1500, learning_rate = 0.05
2025-06-28 09:28:29 [INFO] adaboost.adaboost:25 - model is <base_models.logistic_regression.LogisticRegressionModel object at 0x000002D569A45F70>
2025-06-28 09:28:29 [INFO] base_models.logistic_regression:57 - LogisticRegression final iteration 0, max_iter=1500, learning_rate = 0.05
2025-06-28 09:28:30 [INFO] base_models.logistic_regression:57 - LogisticRegression final iteration 1499, max_iter=1500, learning_rate = 0.05
2025-06-28 09:28:30 [INFO] adaboost.adaboost:25 - model is <base_models.logistic_regression.LogisticRegressionModel object at 0x000002D569A45EE0>
2025-06-28 09:28:30 [INFO] base_models.logistic_regression:57 - LogisticRegression final iteration 0, max_iter=1500, learning_rate = 0.05
2025-06-28 09:28:31 [INFO] base_models.logistic_regression:57 - LogisticRegression final iteration 1499, max_iter=1500, learning_rate = 0.05
2025-06-28 09:28:31 [INFO] adaboost.adaboost:25 - model is <base_models.logistic_regression.LogisticRegressionModel object at 0x000002D569A45FA0>
2025-06-28 09:28:31 [INFO] base_models.logistic_regression:57 - LogisticRegression final iteration 0, max_iter=1500, learning_rate = 0.05
2025-06-28 09:28:32 [INFO] base_models.logistic_regression:57 - LogisticRegression final iteration 1499, max_iter=1500, learning_rate = 0.05
2025-06-28 09:28:32 [INFO] adaboost.adaboost:25 - model is <base_models.logistic_regression.LogisticRegressionModel object at 0x000002D569A45E20>
2025-06-28 09:28:32 [INFO] base_models.logistic_regression:57 - LogisticRegression final iteration 0, max_iter=1500, learning_rate = 0.05
2025-06-28 09:28:32 [INFO] base_models.logistic_regression:57 - LogisticRegression final iteration 1499, max_iter=1500, learning_rate = 0.05
2025-06-28 09:28:32 [INFO] __main__:116 - 完成基分类器数目=10 的10折输出
2025-06-28 09:28:32 [INFO] adaboost.adaboost:25 - model is <base_models.logistic_regression.LogisticRegressionModel object at 0x000002D5413E4C70>
2025-06-28 09:28:32 [INFO] base_models.logistic_regression:57 - LogisticRegression final iteration 0, max_iter=1500, learning_rate = 0.05
2025-06-28 09:28:33 [INFO] base_models.logistic_regression:57 - LogisticRegression final iteration 1499, max_iter=1500, learning_rate = 0.05
2025-06-28 09:28:33 [INFO] adaboost.adaboost:25 - model is <base_models.logistic_regression.LogisticRegressionModel object at 0x000002D569A16FD0>
2025-06-28 09:28:33 [INFO] base_models.logistic_regression:57 - LogisticRegression final iteration 0, max_iter=1500, learning_rate = 0.05
2025-06-28 09:28:34 [INFO] base_models.logistic_regression:57 - LogisticRegression final iteration 1499, max_iter=1500, learning_rate = 0.05
2025-06-28 09:28:34 [INFO] adaboost.adaboost:25 - model is <base_models.logistic_regression.LogisticRegressionModel object at 0x000002D569A07D60>
2025-06-28 09:28:34 [INFO] base_models.logistic_regression:57 - LogisticRegression final iteration 0, max_iter=1500, learning_rate = 0.05
2025-06-28 09:28:35 [INFO] base_models.logistic_regression:57 - LogisticRegression final iteration 1499, max_iter=1500, learning_rate = 0.05
2025-06-28 09:28:35 [INFO] adaboost.adaboost:25 - model is <base_models.logistic_regression.LogisticRegressionModel object at 0x000002D5699FCF70>
2025-06-28 09:28:35 [INFO] base_models.logistic_regression:57 - LogisticRegression final iteration 0, max_iter=1500, learning_rate = 0.05
2025-06-28 09:28:35 [INFO] base_models.logistic_regression:57 - LogisticRegression final iteration 1499, max_iter=1500, learning_rate = 0.05
2025-06-28 09:28:35 [INFO] adaboost.adaboost:25 - model is <base_models.logistic_regression.LogisticRegressionModel object at 0x000002D569A459A0>
2025-06-28 09:28:35 [INFO] base_models.logistic_regression:57 - LogisticRegression final iteration 0, max_iter=1500, learning_rate = 0.05
2025-06-28 09:28:36 [INFO] base_models.logistic_regression:57 - LogisticRegression final iteration 1499, max_iter=1500, learning_rate = 0.05
2025-06-28 09:28:36 [INFO] adaboost.adaboost:25 - model is <base_models.logistic_regression.LogisticRegressionModel object at 0x000002D569A45DC0>
2025-06-28 09:28:36 [INFO] base_models.logistic_regression:57 - LogisticRegression final iteration 0, max_iter=1500, learning_rate = 0.05
2025-06-28 09:28:37 [INFO] base_models.logistic_regression:57 - LogisticRegression final iteration 1499, max_iter=1500, learning_rate = 0.05
2025-06-28 09:28:37 [INFO] adaboost.adaboost:25 - model is <base_models.logistic_regression.LogisticRegressionModel object at 0x000002D569A45F70>
2025-06-28 09:28:37 [INFO] base_models.logistic_regression:57 - LogisticRegression final iteration 0, max_iter=1500, learning_rate = 0.05
2025-06-28 09:28:38 [INFO] base_models.logistic_regression:57 - LogisticRegression final iteration 1499, max_iter=1500, learning_rate = 0.05
2025-06-28 09:28:38 [INFO] adaboost.adaboost:25 - model is <base_models.logistic_regression.LogisticRegressionModel object at 0x000002D569A45EE0>
2025-06-28 09:28:38 [INFO] base_models.logistic_regression:57 - LogisticRegression final iteration 0, max_iter=1500, learning_rate = 0.05
2025-06-28 09:28:38 [INFO] base_models.logistic_regression:57 - LogisticRegression final iteration 1499, max_iter=1500, learning_rate = 0.05
2025-06-28 09:28:38 [INFO] adaboost.adaboost:25 - model is <base_models.logistic_regression.LogisticRegressionModel object at 0x000002D569A45FA0>
2025-06-28 09:28:38 [INFO] base_models.logistic_regression:57 - LogisticRegression final iteration 0, max_iter=1500, learning_rate = 0.05
2025-06-28 09:28:39 [INFO] base_models.logistic_regression:57 - LogisticRegression final iteration 1499, max_iter=1500, learning_rate = 0.05
2025-06-28 09:28:39 [INFO] adaboost.adaboost:25 - model is <base_models.logistic_regression.LogisticRegressionModel object at 0x000002D569A45E20>
2025-06-28 09:28:39 [INFO] base_models.logistic_regression:57 - LogisticRegression final iteration 0, max_iter=1500, learning_rate = 0.05
2025-06-28 09:28:40 [INFO] base_models.logistic_regression:57 - LogisticRegression final iteration 1499, max_iter=1500, learning_rate = 0.05
2025-06-28 09:28:40 [INFO] adaboost.adaboost:25 - model is <base_models.logistic_regression.LogisticRegressionModel object at 0x000002D56AA90E20>
2025-06-28 09:28:40 [INFO] base_models.logistic_regression:57 - LogisticRegression final iteration 0, max_iter=1500, learning_rate = 0.05
2025-06-28 09:28:40 [INFO] base_models.logistic_regression:57 - LogisticRegression final iteration 1499, max_iter=1500, learning_rate = 0.05
2025-06-28 09:28:40 [INFO] adaboost.adaboost:25 - model is <base_models.logistic_regression.LogisticRegressionModel object at 0x000002D56AA90EE0>
2025-06-28 09:28:40 [INFO] base_models.logistic_regression:57 - LogisticRegression final iteration 0, max_iter=1500, learning_rate = 0.05
2025-06-28 09:28:41 [INFO] base_models.logistic_regression:57 - LogisticRegression final iteration 1499, max_iter=1500, learning_rate = 0.05
2025-06-28 09:28:41 [INFO] adaboost.adaboost:25 - model is <base_models.logistic_regression.LogisticRegressionModel object at 0x000002D56AA90F40>
2025-06-28 09:28:41 [INFO] base_models.logistic_regression:57 - LogisticRegression final iteration 0, max_iter=1500, learning_rate = 0.05
2025-06-28 09:28:42 [INFO] base_models.logistic_regression:57 - LogisticRegression final iteration 1499, max_iter=1500, learning_rate = 0.05
2025-06-28 09:28:42 [INFO] adaboost.adaboost:25 - model is <base_models.logistic_regression.LogisticRegressionModel object at 0x000002D56AA90FA0>
2025-06-28 09:28:42 [INFO] base_models.logistic_regression:57 - LogisticRegression final iteration 0, max_iter=1500, learning_rate = 0.05
2025-06-28 09:28:43 [INFO] base_models.logistic_regression:57 - LogisticRegression final iteration 1499, max_iter=1500, learning_rate = 0.05
2025-06-28 09:28:43 [INFO] adaboost.adaboost:25 - model is <base_models.logistic_regression.LogisticRegressionModel object at 0x000002D56AA90CA0>
2025-06-28 09:28:43 [INFO] base_models.logistic_regression:57 - LogisticRegression final iteration 0, max_iter=1500, learning_rate = 0.05
2025-06-28 09:28:43 [INFO] base_models.logistic_regression:57 - LogisticRegression final iteration 1499, max_iter=1500, learning_rate = 0.05
2025-06-28 09:28:43 [INFO] adaboost.adaboost:25 - model is <base_models.logistic_regression.LogisticRegressionModel object at 0x000002D56AA90BB0>
2025-06-28 09:28:43 [INFO] base_models.logistic_regression:57 - LogisticRegression final iteration 0, max_iter=1500, learning_rate = 0.05
2025-06-28 09:28:44 [INFO] base_models.logistic_regression:57 - LogisticRegression final iteration 1499, max_iter=1500, learning_rate = 0.05
2025-06-28 09:28:44 [INFO] adaboost.adaboost:25 - model is <base_models.logistic_regression.LogisticRegressionModel object at 0x000002D56AA90E80>
2025-06-28 09:28:44 [INFO] base_models.logistic_regression:57 - LogisticRegression final iteration 0, max_iter=1500, learning_rate = 0.05
2025-06-28 09:28:45 [INFO] base_models.logistic_regression:57 - LogisticRegression final iteration 1499, max_iter=1500, learning_rate = 0.05
2025-06-28 09:28:45 [INFO] adaboost.adaboost:25 - model is <base_models.logistic_regression.LogisticRegressionModel object at 0x000002D56AA90D90>
2025-06-28 09:28:45 [INFO] base_models.logistic_regression:57 - LogisticRegression final iteration 0, max_iter=1500, learning_rate = 0.05
2025-06-28 09:28:46 [INFO] base_models.logistic_regression:57 - LogisticRegression final iteration 1499, max_iter=1500, learning_rate = 0.05
2025-06-28 09:28:46 [INFO] adaboost.adaboost:25 - model is <base_models.logistic_regression.LogisticRegressionModel object at 0x000002D56AA90C70>
2025-06-28 09:28:46 [INFO] base_models.logistic_regression:57 - LogisticRegression final iteration 0, max_iter=1500, learning_rate = 0.05
2025-06-28 09:28:46 [INFO] base_models.logistic_regression:57 - LogisticRegression final iteration 1499, max_iter=1500, learning_rate = 0.05
2025-06-28 09:28:46 [INFO] adaboost.adaboost:25 - model is <base_models.logistic_regression.LogisticRegressionModel object at 0x000002D56AA90D60>
2025-06-28 09:28:46 [INFO] base_models.logistic_regression:57 - LogisticRegression final iteration 0, max_iter=1500, learning_rate = 0.05
2025-06-28 09:28:47 [INFO] base_models.logistic_regression:57 - LogisticRegression final iteration 1499, max_iter=1500, learning_rate = 0.05
2025-06-28 09:28:47 [INFO] adaboost.adaboost:25 - model is <base_models.logistic_regression.LogisticRegressionModel object at 0x000002D569ABC0D0>
2025-06-28 09:28:47 [INFO] base_models.logistic_regression:57 - LogisticRegression final iteration 0, max_iter=1500, learning_rate = 0.05
2025-06-28 09:28:48 [INFO] base_models.logistic_regression:57 - LogisticRegression final iteration 1499, max_iter=1500, learning_rate = 0.05
2025-06-28 09:28:48 [INFO] adaboost.adaboost:25 - model is <base_models.logistic_regression.LogisticRegressionModel object at 0x000002D569ABC2B0>
2025-06-28 09:28:48 [INFO] base_models.logistic_regression:57 - LogisticRegression final iteration 0, max_iter=1500, learning_rate = 0.05
2025-06-28 09:28:49 [INFO] base_models.logistic_regression:57 - LogisticRegression final iteration 1499, max_iter=1500, learning_rate = 0.05
2025-06-28 09:28:49 [INFO] adaboost.adaboost:25 - model is <base_models.logistic_regression.LogisticRegressionModel object at 0x000002D569ABC310>
2025-06-28 09:28:49 [INFO] base_models.logistic_regression:57 - LogisticRegression final iteration 0, max_iter=1500, learning_rate = 0.05
2025-06-28 09:28:49 [INFO] base_models.logistic_regression:57 - LogisticRegression final iteration 1499, max_iter=1500, learning_rate = 0.05
2025-06-28 09:28:49 [INFO] adaboost.adaboost:25 - model is <base_models.logistic_regression.LogisticRegressionModel object at 0x000002D569ABC370>
2025-06-28 09:28:49 [INFO] base_models.logistic_regression:57 - LogisticRegression final iteration 0, max_iter=1500, learning_rate = 0.05
2025-06-28 09:28:50 [INFO] base_models.logistic_regression:57 - LogisticRegression final iteration 1499, max_iter=1500, learning_rate = 0.05
2025-06-28 09:28:50 [INFO] adaboost.adaboost:25 - model is <base_models.logistic_regression.LogisticRegressionModel object at 0x000002D569ABC3D0>
2025-06-28 09:28:50 [INFO] base_models.logistic_regression:57 - LogisticRegression final iteration 0, max_iter=1500, learning_rate = 0.05
2025-06-28 09:28:51 [INFO] base_models.logistic_regression:57 - LogisticRegression final iteration 1499, max_iter=1500, learning_rate = 0.05
2025-06-28 09:28:51 [INFO] adaboost.adaboost:25 - model is <base_models.logistic_regression.LogisticRegressionModel object at 0x000002D569ABC430>
2025-06-28 09:28:51 [INFO] base_models.logistic_regression:57 - LogisticRegression final iteration 0, max_iter=1500, learning_rate = 0.05
2025-06-28 09:28:52 [INFO] base_models.logistic_regression:57 - LogisticRegression final iteration 1499, max_iter=1500, learning_rate = 0.05
2025-06-28 09:28:52 [INFO] adaboost.adaboost:25 - model is <base_models.logistic_regression.LogisticRegressionModel object at 0x000002D569ABC490>
2025-06-28 09:28:52 [INFO] base_models.logistic_regression:57 - LogisticRegression final iteration 0, max_iter=1500, learning_rate = 0.05
2025-06-28 09:28:52 [INFO] base_models.logistic_regression:57 - LogisticRegression final iteration 1499, max_iter=1500, learning_rate = 0.05
2025-06-28 09:28:52 [INFO] adaboost.adaboost:25 - model is <base_models.logistic_regression.LogisticRegressionModel object at 0x000002D569ABC4F0>
2025-06-28 09:28:52 [INFO] base_models.logistic_regression:57 - LogisticRegression final iteration 0, max_iter=1500, learning_rate = 0.05
2025-06-28 09:28:53 [INFO] base_models.logistic_regression:57 - LogisticRegression final iteration 1499, max_iter=1500, learning_rate = 0.05
2025-06-28 09:28:53 [INFO] adaboost.adaboost:25 - model is <base_models.logistic_regression.LogisticRegressionModel object at 0x000002D569ABC550>
2025-06-28 09:28:53 [INFO] base_models.logistic_regression:57 - LogisticRegression final iteration 0, max_iter=1500, learning_rate = 0.05
2025-06-28 09:28:54 [INFO] base_models.logistic_regression:57 - LogisticRegression final iteration 1499, max_iter=1500, learning_rate = 0.05
2025-06-28 09:28:54 [INFO] adaboost.adaboost:25 - model is <base_models.logistic_regression.LogisticRegressionModel object at 0x000002D569ABC5B0>
2025-06-28 09:28:54 [INFO] base_models.logistic_regression:57 - LogisticRegression final iteration 0, max_iter=1500, learning_rate = 0.05
2025-06-28 09:28:54 [INFO] base_models.logistic_regression:57 - LogisticRegression final iteration 1499, max_iter=1500, learning_rate = 0.05
2025-06-28 09:28:54 [INFO] adaboost.adaboost:25 - model is <base_models.logistic_regression.LogisticRegressionModel object at 0x000002D569ABC610>
2025-06-28 09:28:54 [INFO] base_models.logistic_regression:57 - LogisticRegression final iteration 0, max_iter=1500, learning_rate = 0.05
2025-06-28 09:28:55 [INFO] base_models.logistic_regression:57 - LogisticRegression final iteration 1499, max_iter=1500, learning_rate = 0.05
2025-06-28 09:28:55 [INFO] adaboost.adaboost:25 - model is <base_models.logistic_regression.LogisticRegressionModel object at 0x000002D569ABC670>
2025-06-28 09:28:55 [INFO] base_models.logistic_regression:57 - LogisticRegression final iteration 0, max_iter=1500, learning_rate = 0.05
2025-06-28 09:28:56 [INFO] base_models.logistic_regression:57 - LogisticRegression final iteration 1499, max_iter=1500, learning_rate = 0.05
2025-06-28 09:28:56 [INFO] adaboost.adaboost:25 - model is <base_models.logistic_regression.LogisticRegressionModel object at 0x000002D569ABC6D0>
2025-06-28 09:28:56 [INFO] base_models.logistic_regression:57 - LogisticRegression final iteration 0, max_iter=1500, learning_rate = 0.05
2025-06-28 09:28:57 [INFO] base_models.logistic_regression:57 - LogisticRegression final iteration 1499, max_iter=1500, learning_rate = 0.05
2025-06-28 09:28:57 [INFO] adaboost.adaboost:25 - model is <base_models.logistic_regression.LogisticRegressionModel object at 0x000002D569ABC730>
2025-06-28 09:28:57 [INFO] base_models.logistic_regression:57 - LogisticRegression final iteration 0, max_iter=1500, learning_rate = 0.05
2025-06-28 09:28:58 [INFO] base_models.logistic_regression:57 - LogisticRegression final iteration 1499, max_iter=1500, learning_rate = 0.05
2025-06-28 09:28:58 [INFO] adaboost.adaboost:25 - model is <base_models.logistic_regression.LogisticRegressionModel object at 0x000002D569ABC790>
2025-06-28 09:28:58 [INFO] base_models.logistic_regression:57 - LogisticRegression final iteration 0, max_iter=1500, learning_rate = 0.05
2025-06-28 09:28:59 [INFO] base_models.logistic_regression:57 - LogisticRegression final iteration 1499, max_iter=1500, learning_rate = 0.05
2025-06-28 09:28:59 [INFO] adaboost.adaboost:25 - model is <base_models.logistic_regression.LogisticRegressionModel object at 0x000002D569ABC7F0>
2025-06-28 09:28:59 [INFO] base_models.logistic_regression:57 - LogisticRegression final iteration 0, max_iter=1500, learning_rate = 0.05
2025-06-28 09:28:59 [INFO] base_models.logistic_regression:57 - LogisticRegression final iteration 1499, max_iter=1500, learning_rate = 0.05
2025-06-28 09:28:59 [INFO] adaboost.adaboost:25 - model is <base_models.logistic_regression.LogisticRegressionModel object at 0x000002D569ABC850>
2025-06-28 09:28:59 [INFO] base_models.logistic_regression:57 - LogisticRegression final iteration 0, max_iter=1500, learning_rate = 0.05
2025-06-28 09:29:00 [INFO] base_models.logistic_regression:57 - LogisticRegression final iteration 1499, max_iter=1500, learning_rate = 0.05
2025-06-28 09:29:00 [INFO] adaboost.adaboost:25 - model is <base_models.logistic_regression.LogisticRegressionModel object at 0x000002D569ABC8B0>
2025-06-28 09:29:00 [INFO] base_models.logistic_regression:57 - LogisticRegression final iteration 0, max_iter=1500, learning_rate = 0.05
2025-06-28 09:29:01 [INFO] base_models.logistic_regression:57 - LogisticRegression final iteration 1499, max_iter=1500, learning_rate = 0.05
2025-06-28 09:29:01 [INFO] adaboost.adaboost:25 - model is <base_models.logistic_regression.LogisticRegressionModel object at 0x000002D569ABC910>
2025-06-28 09:29:01 [INFO] base_models.logistic_regression:57 - LogisticRegression final iteration 0, max_iter=1500, learning_rate = 0.05
2025-06-28 09:29:02 [INFO] base_models.logistic_regression:57 - LogisticRegression final iteration 1499, max_iter=1500, learning_rate = 0.05
2025-06-28 09:29:02 [INFO] adaboost.adaboost:25 - model is <base_models.logistic_regression.LogisticRegressionModel object at 0x000002D569ABC970>
2025-06-28 09:29:02 [INFO] base_models.logistic_regression:57 - LogisticRegression final iteration 0, max_iter=1500, learning_rate = 0.05
2025-06-28 09:29:02 [INFO] base_models.logistic_regression:57 - LogisticRegression final iteration 1499, max_iter=1500, learning_rate = 0.05
2025-06-28 09:29:02 [INFO] adaboost.adaboost:25 - model is <base_models.logistic_regression.LogisticRegressionModel object at 0x000002D569ABC9D0>
2025-06-28 09:29:02 [INFO] base_models.logistic_regression:57 - LogisticRegression final iteration 0, max_iter=1500, learning_rate = 0.05
2025-06-28 09:29:03 [INFO] base_models.logistic_regression:57 - LogisticRegression final iteration 1499, max_iter=1500, learning_rate = 0.05
2025-06-28 09:29:03 [INFO] adaboost.adaboost:25 - model is <base_models.logistic_regression.LogisticRegressionModel object at 0x000002D569ABCA30>
2025-06-28 09:29:03 [INFO] base_models.logistic_regression:57 - LogisticRegression final iteration 0, max_iter=1500, learning_rate = 0.05
2025-06-28 09:29:04 [INFO] base_models.logistic_regression:57 - LogisticRegression final iteration 1499, max_iter=1500, learning_rate = 0.05
2025-06-28 09:29:04 [INFO] adaboost.adaboost:25 - model is <base_models.logistic_regression.LogisticRegressionModel object at 0x000002D569ABCA90>
2025-06-28 09:29:04 [INFO] base_models.logistic_regression:57 - LogisticRegression final iteration 0, max_iter=1500, learning_rate = 0.05
2025-06-28 09:29:05 [INFO] base_models.logistic_regression:57 - LogisticRegression final iteration 1499, max_iter=1500, learning_rate = 0.05
2025-06-28 09:29:05 [INFO] adaboost.adaboost:25 - model is <base_models.logistic_regression.LogisticRegressionModel object at 0x000002D569ABCAF0>
2025-06-28 09:29:05 [INFO] base_models.logistic_regression:57 - LogisticRegression final iteration 0, max_iter=1500, learning_rate = 0.05
2025-06-28 09:29:05 [INFO] base_models.logistic_regression:57 - LogisticRegression final iteration 1499, max_iter=1500, learning_rate = 0.05
2025-06-28 09:29:05 [INFO] adaboost.adaboost:25 - model is <base_models.logistic_regression.LogisticRegressionModel object at 0x000002D569ABCB50>
2025-06-28 09:29:05 [INFO] base_models.logistic_regression:57 - LogisticRegression final iteration 0, max_iter=1500, learning_rate = 0.05
2025-06-28 09:29:06 [INFO] base_models.logistic_regression:57 - LogisticRegression final iteration 1499, max_iter=1500, learning_rate = 0.05
2025-06-28 09:29:06 [INFO] adaboost.adaboost:25 - model is <base_models.logistic_regression.LogisticRegressionModel object at 0x000002D569ABCBB0>
2025-06-28 09:29:06 [INFO] base_models.logistic_regression:57 - LogisticRegression final iteration 0, max_iter=1500, learning_rate = 0.05
2025-06-28 09:29:07 [INFO] base_models.logistic_regression:57 - LogisticRegression final iteration 1499, max_iter=1500, learning_rate = 0.05
2025-06-28 09:29:07 [INFO] adaboost.adaboost:25 - model is <base_models.logistic_regression.LogisticRegressionModel object at 0x000002D569ABCC10>
2025-06-28 09:29:07 [INFO] base_models.logistic_regression:57 - LogisticRegression final iteration 0, max_iter=1500, learning_rate = 0.05
2025-06-28 09:29:08 [INFO] base_models.logistic_regression:57 - LogisticRegression final iteration 1499, max_iter=1500, learning_rate = 0.05
2025-06-28 09:29:08 [INFO] adaboost.adaboost:25 - model is <base_models.logistic_regression.LogisticRegressionModel object at 0x000002D569ABCC70>
2025-06-28 09:29:08 [INFO] base_models.logistic_regression:57 - LogisticRegression final iteration 0, max_iter=1500, learning_rate = 0.05
2025-06-28 09:29:08 [INFO] base_models.logistic_regression:57 - LogisticRegression final iteration 1499, max_iter=1500, learning_rate = 0.05
2025-06-28 09:29:08 [INFO] adaboost.adaboost:25 - model is <base_models.logistic_regression.LogisticRegressionModel object at 0x000002D569ABCCD0>
2025-06-28 09:29:08 [INFO] base_models.logistic_regression:57 - LogisticRegression final iteration 0, max_iter=1500, learning_rate = 0.05
2025-06-28 09:29:09 [INFO] base_models.logistic_regression:57 - LogisticRegression final iteration 1499, max_iter=1500, learning_rate = 0.05
2025-06-28 09:29:09 [INFO] adaboost.adaboost:25 - model is <base_models.logistic_regression.LogisticRegressionModel object at 0x000002D569ABCD30>
2025-06-28 09:29:09 [INFO] base_models.logistic_regression:57 - LogisticRegression final iteration 0, max_iter=1500, learning_rate = 0.05
2025-06-28 09:29:10 [INFO] base_models.logistic_regression:57 - LogisticRegression final iteration 1499, max_iter=1500, learning_rate = 0.05
2025-06-28 09:29:10 [INFO] adaboost.adaboost:25 - model is <base_models.logistic_regression.LogisticRegressionModel object at 0x000002D569ABCD90>
2025-06-28 09:29:10 [INFO] base_models.logistic_regression:57 - LogisticRegression final iteration 0, max_iter=1500, learning_rate = 0.05
2025-06-28 09:29:11 [INFO] base_models.logistic_regression:57 - LogisticRegression final iteration 1499, max_iter=1500, learning_rate = 0.05
2025-06-28 09:29:11 [INFO] adaboost.adaboost:25 - model is <base_models.logistic_regression.LogisticRegressionModel object at 0x000002D569ABCDF0>
2025-06-28 09:29:11 [INFO] base_models.logistic_regression:57 - LogisticRegression final iteration 0, max_iter=1500, learning_rate = 0.05
2025-06-28 09:29:11 [INFO] base_models.logistic_regression:57 - LogisticRegression final iteration 1499, max_iter=1500, learning_rate = 0.05
2025-06-28 09:29:11 [INFO] adaboost.adaboost:25 - model is <base_models.logistic_regression.LogisticRegressionModel object at 0x000002D569ABCE50>
2025-06-28 09:29:11 [INFO] base_models.logistic_regression:57 - LogisticRegression final iteration 0, max_iter=1500, learning_rate = 0.05
2025-06-28 09:29:12 [INFO] base_models.logistic_regression:57 - LogisticRegression final iteration 1499, max_iter=1500, learning_rate = 0.05
2025-06-28 09:29:12 [INFO] adaboost.adaboost:25 - model is <base_models.logistic_regression.LogisticRegressionModel object at 0x000002D569ABCEB0>
2025-06-28 09:29:12 [INFO] base_models.logistic_regression:57 - LogisticRegression final iteration 0, max_iter=1500, learning_rate = 0.05
2025-06-28 09:29:13 [INFO] base_models.logistic_regression:57 - LogisticRegression final iteration 1499, max_iter=1500, learning_rate = 0.05
2025-06-28 09:29:13 [INFO] adaboost.adaboost:25 - model is <base_models.logistic_regression.LogisticRegressionModel object at 0x000002D569ABC040>
2025-06-28 09:29:13 [INFO] base_models.logistic_regression:57 - LogisticRegression final iteration 0, max_iter=1500, learning_rate = 0.05
2025-06-28 09:29:14 [INFO] base_models.logistic_regression:57 - LogisticRegression final iteration 1499, max_iter=1500, learning_rate = 0.05
2025-06-28 09:29:14 [INFO] adaboost.adaboost:25 - model is <base_models.logistic_regression.LogisticRegressionModel object at 0x000002D569ABC1C0>
2025-06-28 09:29:14 [INFO] base_models.logistic_regression:57 - LogisticRegression final iteration 0, max_iter=1500, learning_rate = 0.05
2025-06-28 09:29:14 [INFO] base_models.logistic_regression:57 - LogisticRegression final iteration 1499, max_iter=1500, learning_rate = 0.05
2025-06-28 09:29:14 [INFO] adaboost.adaboost:25 - model is <base_models.logistic_regression.LogisticRegressionModel object at 0x000002D569ABC220>
2025-06-28 09:29:14 [INFO] base_models.logistic_regression:57 - LogisticRegression final iteration 0, max_iter=1500, learning_rate = 0.05
2025-06-28 09:29:15 [INFO] base_models.logistic_regression:57 - LogisticRegression final iteration 1499, max_iter=1500, learning_rate = 0.05
2025-06-28 09:29:15 [INFO] adaboost.adaboost:25 - model is <base_models.logistic_regression.LogisticRegressionModel object at 0x000002D569ABC130>
2025-06-28 09:29:15 [INFO] base_models.logistic_regression:57 - LogisticRegression final iteration 0, max_iter=1500, learning_rate = 0.05
2025-06-28 09:29:16 [INFO] base_models.logistic_regression:57 - LogisticRegression final iteration 1499, max_iter=1500, learning_rate = 0.05
2025-06-28 09:29:16 [INFO] adaboost.adaboost:25 - model is <base_models.logistic_regression.LogisticRegressionModel object at 0x000002D569ABC190>
2025-06-28 09:29:16 [INFO] base_models.logistic_regression:57 - LogisticRegression final iteration 0, max_iter=1500, learning_rate = 0.05
2025-06-28 09:29:17 [INFO] base_models.logistic_regression:57 - LogisticRegression final iteration 1499, max_iter=1500, learning_rate = 0.05
2025-06-28 09:29:17 [INFO] adaboost.adaboost:25 - model is <base_models.logistic_regression.LogisticRegressionModel object at 0x000002D56B561100>
2025-06-28 09:29:17 [INFO] base_models.logistic_regression:57 - LogisticRegression final iteration 0, max_iter=1500, learning_rate = 0.05
2025-06-28 09:29:17 [INFO] base_models.logistic_regression:57 - LogisticRegression final iteration 1499, max_iter=1500, learning_rate = 0.05
2025-06-28 09:29:17 [INFO] adaboost.adaboost:25 - model is <base_models.logistic_regression.LogisticRegressionModel object at 0x000002D56B5612E0>
2025-06-28 09:29:17 [INFO] base_models.logistic_regression:57 - LogisticRegression final iteration 0, max_iter=1500, learning_rate = 0.05
2025-06-28 09:29:18 [INFO] base_models.logistic_regression:57 - LogisticRegression final iteration 1499, max_iter=1500, learning_rate = 0.05
2025-06-28 09:29:18 [INFO] adaboost.adaboost:25 - model is <base_models.logistic_regression.LogisticRegressionModel object at 0x000002D56B561340>
2025-06-28 09:29:18 [INFO] base_models.logistic_regression:57 - LogisticRegression final iteration 0, max_iter=1500, learning_rate = 0.05
2025-06-28 09:29:19 [INFO] base_models.logistic_regression:57 - LogisticRegression final iteration 1499, max_iter=1500, learning_rate = 0.05
2025-06-28 09:29:19 [INFO] adaboost.adaboost:25 - model is <base_models.logistic_regression.LogisticRegressionModel object at 0x000002D56B5613A0>
2025-06-28 09:29:19 [INFO] base_models.logistic_regression:57 - LogisticRegression final iteration 0, max_iter=1500, learning_rate = 0.05
2025-06-28 09:29:20 [INFO] base_models.logistic_regression:57 - LogisticRegression final iteration 1499, max_iter=1500, learning_rate = 0.05
2025-06-28 09:29:20 [INFO] adaboost.adaboost:25 - model is <base_models.logistic_regression.LogisticRegressionModel object at 0x000002D56B561400>
2025-06-28 09:29:20 [INFO] base_models.logistic_regression:57 - LogisticRegression final iteration 0, max_iter=1500, learning_rate = 0.05
2025-06-28 09:29:20 [INFO] base_models.logistic_regression:57 - LogisticRegression final iteration 1499, max_iter=1500, learning_rate = 0.05
2025-06-28 09:29:20 [INFO] adaboost.adaboost:25 - model is <base_models.logistic_regression.LogisticRegressionModel object at 0x000002D56B561460>
2025-06-28 09:29:20 [INFO] base_models.logistic_regression:57 - LogisticRegression final iteration 0, max_iter=1500, learning_rate = 0.05
2025-06-28 09:29:21 [INFO] base_models.logistic_regression:57 - LogisticRegression final iteration 1499, max_iter=1500, learning_rate = 0.05
2025-06-28 09:29:21 [INFO] adaboost.adaboost:25 - model is <base_models.logistic_regression.LogisticRegressionModel object at 0x000002D56B5614C0>
2025-06-28 09:29:21 [INFO] base_models.logistic_regression:57 - LogisticRegression final iteration 0, max_iter=1500, learning_rate = 0.05
2025-06-28 09:29:22 [INFO] base_models.logistic_regression:57 - LogisticRegression final iteration 1499, max_iter=1500, learning_rate = 0.05
2025-06-28 09:29:22 [INFO] adaboost.adaboost:25 - model is <base_models.logistic_regression.LogisticRegressionModel object at 0x000002D56B561520>
2025-06-28 09:29:22 [INFO] base_models.logistic_regression:57 - LogisticRegression final iteration 0, max_iter=1500, learning_rate = 0.05
2025-06-28 09:29:23 [INFO] base_models.logistic_regression:57 - LogisticRegression final iteration 1499, max_iter=1500, learning_rate = 0.05
2025-06-28 09:29:23 [INFO] adaboost.adaboost:25 - model is <base_models.logistic_regression.LogisticRegressionModel object at 0x000002D56B561580>
2025-06-28 09:29:23 [INFO] base_models.logistic_regression:57 - LogisticRegression final iteration 0, max_iter=1500, learning_rate = 0.05
2025-06-28 09:29:23 [INFO] base_models.logistic_regression:57 - LogisticRegression final iteration 1499, max_iter=1500, learning_rate = 0.05
2025-06-28 09:29:23 [INFO] adaboost.adaboost:25 - model is <base_models.logistic_regression.LogisticRegressionModel object at 0x000002D56B5615E0>
2025-06-28 09:29:23 [INFO] base_models.logistic_regression:57 - LogisticRegression final iteration 0, max_iter=1500, learning_rate = 0.05
2025-06-28 09:29:24 [INFO] base_models.logistic_regression:57 - LogisticRegression final iteration 1499, max_iter=1500, learning_rate = 0.05
2025-06-28 09:29:24 [INFO] adaboost.adaboost:25 - model is <base_models.logistic_regression.LogisticRegressionModel object at 0x000002D56B561640>
2025-06-28 09:29:24 [INFO] base_models.logistic_regression:57 - LogisticRegression final iteration 0, max_iter=1500, learning_rate = 0.05
2025-06-28 09:29:25 [INFO] base_models.logistic_regression:57 - LogisticRegression final iteration 1499, max_iter=1500, learning_rate = 0.05
2025-06-28 09:29:25 [INFO] adaboost.adaboost:25 - model is <base_models.logistic_regression.LogisticRegressionModel object at 0x000002D56B5616A0>
2025-06-28 09:29:25 [INFO] base_models.logistic_regression:57 - LogisticRegression final iteration 0, max_iter=1500, learning_rate = 0.05
2025-06-28 09:29:25 [INFO] base_models.logistic_regression:57 - LogisticRegression final iteration 1499, max_iter=1500, learning_rate = 0.05
2025-06-28 09:29:25 [INFO] adaboost.adaboost:25 - model is <base_models.logistic_regression.LogisticRegressionModel object at 0x000002D56B561700>
2025-06-28 09:29:25 [INFO] base_models.logistic_regression:57 - LogisticRegression final iteration 0, max_iter=1500, learning_rate = 0.05
2025-06-28 09:29:26 [INFO] base_models.logistic_regression:57 - LogisticRegression final iteration 1499, max_iter=1500, learning_rate = 0.05
2025-06-28 09:29:26 [INFO] adaboost.adaboost:25 - model is <base_models.logistic_regression.LogisticRegressionModel object at 0x000002D56B561760>
2025-06-28 09:29:26 [INFO] base_models.logistic_regression:57 - LogisticRegression final iteration 0, max_iter=1500, learning_rate = 0.05
2025-06-28 09:29:27 [INFO] base_models.logistic_regression:57 - LogisticRegression final iteration 1499, max_iter=1500, learning_rate = 0.05
2025-06-28 09:29:27 [INFO] adaboost.adaboost:25 - model is <base_models.logistic_regression.LogisticRegressionModel object at 0x000002D56B5617C0>
2025-06-28 09:29:27 [INFO] base_models.logistic_regression:57 - LogisticRegression final iteration 0, max_iter=1500, learning_rate = 0.05
2025-06-28 09:29:28 [INFO] base_models.logistic_regression:57 - LogisticRegression final iteration 1499, max_iter=1500, learning_rate = 0.05
2025-06-28 09:29:28 [INFO] adaboost.adaboost:25 - model is <base_models.logistic_regression.LogisticRegressionModel object at 0x000002D56B561820>
2025-06-28 09:29:28 [INFO] base_models.logistic_regression:57 - LogisticRegression final iteration 0, max_iter=1500, learning_rate = 0.05
2025-06-28 09:29:28 [INFO] base_models.logistic_regression:57 - LogisticRegression final iteration 1499, max_iter=1500, learning_rate = 0.05
2025-06-28 09:29:28 [INFO] adaboost.adaboost:25 - model is <base_models.logistic_regression.LogisticRegressionModel object at 0x000002D56B5618B0>
2025-06-28 09:29:28 [INFO] base_models.logistic_regression:57 - LogisticRegression final iteration 0, max_iter=1500, learning_rate = 0.05
2025-06-28 09:29:29 [INFO] base_models.logistic_regression:57 - LogisticRegression final iteration 1499, max_iter=1500, learning_rate = 0.05
2025-06-28 09:29:29 [INFO] adaboost.adaboost:25 - model is <base_models.logistic_regression.LogisticRegressionModel object at 0x000002D56B561910>
2025-06-28 09:29:29 [INFO] base_models.logistic_regression:57 - LogisticRegression final iteration 0, max_iter=1500, learning_rate = 0.05
2025-06-28 09:29:30 [INFO] base_models.logistic_regression:57 - LogisticRegression final iteration 1499, max_iter=1500, learning_rate = 0.05
2025-06-28 09:29:30 [INFO] adaboost.adaboost:25 - model is <base_models.logistic_regression.LogisticRegressionModel object at 0x000002D56B561970>
2025-06-28 09:29:30 [INFO] base_models.logistic_regression:57 - LogisticRegression final iteration 0, max_iter=1500, learning_rate = 0.05
2025-06-28 09:29:31 [INFO] base_models.logistic_regression:57 - LogisticRegression final iteration 1499, max_iter=1500, learning_rate = 0.05
2025-06-28 09:29:31 [INFO] adaboost.adaboost:25 - model is <base_models.logistic_regression.LogisticRegressionModel object at 0x000002D56B5619D0>
2025-06-28 09:29:31 [INFO] base_models.logistic_regression:57 - LogisticRegression final iteration 0, max_iter=1500, learning_rate = 0.05
2025-06-28 09:29:31 [INFO] base_models.logistic_regression:57 - LogisticRegression final iteration 1499, max_iter=1500, learning_rate = 0.05
2025-06-28 09:29:31 [INFO] adaboost.adaboost:25 - model is <base_models.logistic_regression.LogisticRegressionModel object at 0x000002D56B561A30>
2025-06-28 09:29:31 [INFO] base_models.logistic_regression:57 - LogisticRegression final iteration 0, max_iter=1500, learning_rate = 0.05
2025-06-28 09:29:32 [INFO] base_models.logistic_regression:57 - LogisticRegression final iteration 1499, max_iter=1500, learning_rate = 0.05
2025-06-28 09:29:32 [INFO] adaboost.adaboost:25 - model is <base_models.logistic_regression.LogisticRegressionModel object at 0x000002D56B561A90>
2025-06-28 09:29:32 [INFO] base_models.logistic_regression:57 - LogisticRegression final iteration 0, max_iter=1500, learning_rate = 0.05
2025-06-28 09:29:33 [INFO] base_models.logistic_regression:57 - LogisticRegression final iteration 1499, max_iter=1500, learning_rate = 0.05
2025-06-28 09:29:33 [INFO] adaboost.adaboost:25 - model is <base_models.logistic_regression.LogisticRegressionModel object at 0x000002D56B561AF0>
2025-06-28 09:29:33 [INFO] base_models.logistic_regression:57 - LogisticRegression final iteration 0, max_iter=1500, learning_rate = 0.05
2025-06-28 09:29:34 [INFO] base_models.logistic_regression:57 - LogisticRegression final iteration 1499, max_iter=1500, learning_rate = 0.05
2025-06-28 09:29:34 [INFO] adaboost.adaboost:25 - model is <base_models.logistic_regression.LogisticRegressionModel object at 0x000002D56B561B50>
2025-06-28 09:29:34 [INFO] base_models.logistic_regression:57 - LogisticRegression final iteration 0, max_iter=1500, learning_rate = 0.05
2025-06-28 09:29:34 [INFO] base_models.logistic_regression:57 - LogisticRegression final iteration 1499, max_iter=1500, learning_rate = 0.05
2025-06-28 09:29:34 [INFO] adaboost.adaboost:25 - model is <base_models.logistic_regression.LogisticRegressionModel object at 0x000002D56B561BB0>
2025-06-28 09:29:34 [INFO] base_models.logistic_regression:57 - LogisticRegression final iteration 0, max_iter=1500, learning_rate = 0.05
2025-06-28 09:29:35 [INFO] base_models.logistic_regression:57 - LogisticRegression final iteration 1499, max_iter=1500, learning_rate = 0.05
2025-06-28 09:29:35 [INFO] adaboost.adaboost:25 - model is <base_models.logistic_regression.LogisticRegressionModel object at 0x000002D56B561C10>
2025-06-28 09:29:35 [INFO] base_models.logistic_regression:57 - LogisticRegression final iteration 0, max_iter=1500, learning_rate = 0.05
2025-06-28 09:29:36 [INFO] base_models.logistic_regression:57 - LogisticRegression final iteration 1499, max_iter=1500, learning_rate = 0.05
2025-06-28 09:29:36 [INFO] adaboost.adaboost:25 - model is <base_models.logistic_regression.LogisticRegressionModel object at 0x000002D56B561C70>
2025-06-28 09:29:36 [INFO] base_models.logistic_regression:57 - LogisticRegression final iteration 0, max_iter=1500, learning_rate = 0.05
2025-06-28 09:29:37 [INFO] base_models.logistic_regression:57 - LogisticRegression final iteration 1499, max_iter=1500, learning_rate = 0.05
2025-06-28 09:29:37 [INFO] adaboost.adaboost:25 - model is <base_models.logistic_regression.LogisticRegressionModel object at 0x000002D56B561CD0>
2025-06-28 09:29:37 [INFO] base_models.logistic_regression:57 - LogisticRegression final iteration 0, max_iter=1500, learning_rate = 0.05
2025-06-28 09:29:37 [INFO] base_models.logistic_regression:57 - LogisticRegression final iteration 1499, max_iter=1500, learning_rate = 0.05
2025-06-28 09:29:37 [INFO] adaboost.adaboost:25 - model is <base_models.logistic_regression.LogisticRegressionModel object at 0x000002D56B561D30>
2025-06-28 09:29:37 [INFO] base_models.logistic_regression:57 - LogisticRegression final iteration 0, max_iter=1500, learning_rate = 0.05
2025-06-28 09:29:38 [INFO] base_models.logistic_regression:57 - LogisticRegression final iteration 1499, max_iter=1500, learning_rate = 0.05
2025-06-28 09:29:38 [INFO] adaboost.adaboost:25 - model is <base_models.logistic_regression.LogisticRegressionModel object at 0x000002D56B561D90>
2025-06-28 09:29:38 [INFO] base_models.logistic_regression:57 - LogisticRegression final iteration 0, max_iter=1500, learning_rate = 0.05
2025-06-28 09:29:39 [INFO] base_models.logistic_regression:57 - LogisticRegression final iteration 1499, max_iter=1500, learning_rate = 0.05
2025-06-28 09:29:39 [INFO] adaboost.adaboost:25 - model is <base_models.logistic_regression.LogisticRegressionModel object at 0x000002D56B561DF0>
2025-06-28 09:29:39 [INFO] base_models.logistic_regression:57 - LogisticRegression final iteration 0, max_iter=1500, learning_rate = 0.05
2025-06-28 09:29:40 [INFO] base_models.logistic_regression:57 - LogisticRegression final iteration 1499, max_iter=1500, learning_rate = 0.05
2025-06-28 09:29:40 [INFO] adaboost.adaboost:25 - model is <base_models.logistic_regression.LogisticRegressionModel object at 0x000002D56B561E50>
2025-06-28 09:29:40 [INFO] base_models.logistic_regression:57 - LogisticRegression final iteration 0, max_iter=1500, learning_rate = 0.05
2025-06-28 09:29:40 [INFO] base_models.logistic_regression:57 - LogisticRegression final iteration 1499, max_iter=1500, learning_rate = 0.05
2025-06-28 09:29:40 [INFO] adaboost.adaboost:25 - model is <base_models.logistic_regression.LogisticRegressionModel object at 0x000002D56B561EB0>
2025-06-28 09:29:40 [INFO] base_models.logistic_regression:57 - LogisticRegression final iteration 0, max_iter=1500, learning_rate = 0.05
2025-06-28 09:29:41 [INFO] base_models.logistic_regression:57 - LogisticRegression final iteration 1499, max_iter=1500, learning_rate = 0.05
2025-06-28 09:29:41 [INFO] adaboost.adaboost:25 - model is <base_models.logistic_regression.LogisticRegressionModel object at 0x000002D56B561F10>
2025-06-28 09:29:41 [INFO] base_models.logistic_regression:57 - LogisticRegression final iteration 0, max_iter=1500, learning_rate = 0.05
2025-06-28 09:29:42 [INFO] base_models.logistic_regression:57 - LogisticRegression final iteration 1499, max_iter=1500, learning_rate = 0.05
2025-06-28 09:29:42 [INFO] adaboost.adaboost:25 - model is <base_models.logistic_regression.LogisticRegressionModel object at 0x000002D56B561F70>
2025-06-28 09:29:42 [INFO] base_models.logistic_regression:57 - LogisticRegression final iteration 0, max_iter=1500, learning_rate = 0.05
2025-06-28 09:29:43 [INFO] base_models.logistic_regression:57 - LogisticRegression final iteration 1499, max_iter=1500, learning_rate = 0.05
2025-06-28 09:29:43 [INFO] adaboost.adaboost:25 - model is <base_models.logistic_regression.LogisticRegressionModel object at 0x000002D56B561FD0>
2025-06-28 09:29:43 [INFO] base_models.logistic_regression:57 - LogisticRegression final iteration 0, max_iter=1500, learning_rate = 0.05
2025-06-28 09:29:44 [INFO] base_models.logistic_regression:57 - LogisticRegression final iteration 1499, max_iter=1500, learning_rate = 0.05
2025-06-28 09:29:44 [INFO] adaboost.adaboost:25 - model is <base_models.logistic_regression.LogisticRegressionModel object at 0x000002D56B5610D0>
2025-06-28 09:29:44 [INFO] base_models.logistic_regression:57 - LogisticRegression final iteration 0, max_iter=1500, learning_rate = 0.05
2025-06-28 09:29:45 [INFO] base_models.logistic_regression:57 - LogisticRegression final iteration 1499, max_iter=1500, learning_rate = 0.05
2025-06-28 09:29:45 [INFO] adaboost.adaboost:25 - model is <base_models.logistic_regression.LogisticRegressionModel object at 0x000002D56B561070>
2025-06-28 09:29:45 [INFO] base_models.logistic_regression:57 - LogisticRegression final iteration 0, max_iter=1500, learning_rate = 0.05
2025-06-28 09:29:45 [INFO] base_models.logistic_regression:57 - LogisticRegression final iteration 1499, max_iter=1500, learning_rate = 0.05
2025-06-28 09:29:45 [INFO] adaboost.adaboost:25 - model is <base_models.logistic_regression.LogisticRegressionModel object at 0x000002D56B561220>
2025-06-28 09:29:45 [INFO] base_models.logistic_regression:57 - LogisticRegression final iteration 0, max_iter=1500, learning_rate = 0.05
2025-06-28 09:29:46 [INFO] base_models.logistic_regression:57 - LogisticRegression final iteration 1499, max_iter=1500, learning_rate = 0.05
2025-06-28 09:29:46 [INFO] adaboost.adaboost:25 - model is <base_models.logistic_regression.LogisticRegressionModel object at 0x000002D56B561190>
2025-06-28 09:29:46 [INFO] base_models.logistic_regression:57 - LogisticRegression final iteration 0, max_iter=1500, learning_rate = 0.05
2025-06-28 09:29:47 [INFO] base_models.logistic_regression:57 - LogisticRegression final iteration 1499, max_iter=1500, learning_rate = 0.05
2025-06-28 09:29:47 [INFO] adaboost.adaboost:25 - model is <base_models.logistic_regression.LogisticRegressionModel object at 0x000002D56B561250>
2025-06-28 09:29:47 [INFO] base_models.logistic_regression:57 - LogisticRegression final iteration 0, max_iter=1500, learning_rate = 0.05
2025-06-28 09:29:48 [INFO] base_models.logistic_regression:57 - LogisticRegression final iteration 1499, max_iter=1500, learning_rate = 0.05
2025-06-28 09:29:48 [INFO] adaboost.adaboost:25 - model is <base_models.logistic_regression.LogisticRegressionModel object at 0x000002D5413E4C70>
2025-06-28 09:29:48 [INFO] base_models.logistic_regression:57 - LogisticRegression final iteration 0, max_iter=1500, learning_rate = 0.05
2025-06-28 09:29:48 [INFO] base_models.logistic_regression:57 - LogisticRegression final iteration 1499, max_iter=1500, learning_rate = 0.05
2025-06-28 09:29:48 [INFO] adaboost.adaboost:25 - model is <base_models.logistic_regression.LogisticRegressionModel object at 0x000002D569A16FD0>
2025-06-28 09:29:48 [INFO] base_models.logistic_regression:57 - LogisticRegression final iteration 0, max_iter=1500, learning_rate = 0.05
2025-06-28 09:29:49 [INFO] base_models.logistic_regression:57 - LogisticRegression final iteration 1499, max_iter=1500, learning_rate = 0.05
2025-06-28 09:29:49 [INFO] adaboost.adaboost:25 - model is <base_models.logistic_regression.LogisticRegressionModel object at 0x000002D569A07D60>
2025-06-28 09:29:49 [INFO] base_models.logistic_regression:57 - LogisticRegression final iteration 0, max_iter=1500, learning_rate = 0.05
2025-06-28 09:29:50 [INFO] base_models.logistic_regression:57 - LogisticRegression final iteration 1499, max_iter=1500, learning_rate = 0.05
2025-06-28 09:29:50 [INFO] adaboost.adaboost:25 - model is <base_models.logistic_regression.LogisticRegressionModel object at 0x000002D5699FCF70>
2025-06-28 09:29:50 [INFO] base_models.logistic_regression:57 - LogisticRegression final iteration 0, max_iter=1500, learning_rate = 0.05
2025-06-28 09:29:51 [INFO] base_models.logistic_regression:57 - LogisticRegression final iteration 1499, max_iter=1500, learning_rate = 0.05
2025-06-28 09:29:51 [INFO] adaboost.adaboost:25 - model is <base_models.logistic_regression.LogisticRegressionModel object at 0x000002D569A459A0>
2025-06-28 09:29:51 [INFO] base_models.logistic_regression:57 - LogisticRegression final iteration 0, max_iter=1500, learning_rate = 0.05
2025-06-28 09:29:51 [INFO] base_models.logistic_regression:57 - LogisticRegression final iteration 1499, max_iter=1500, learning_rate = 0.05
2025-06-28 09:29:51 [INFO] adaboost.adaboost:25 - model is <base_models.logistic_regression.LogisticRegressionModel object at 0x000002D569A45DC0>
2025-06-28 09:29:51 [INFO] base_models.logistic_regression:57 - LogisticRegression final iteration 0, max_iter=1500, learning_rate = 0.05
2025-06-28 09:29:52 [INFO] base_models.logistic_regression:57 - LogisticRegression final iteration 1499, max_iter=1500, learning_rate = 0.05
2025-06-28 09:29:52 [INFO] adaboost.adaboost:25 - model is <base_models.logistic_regression.LogisticRegressionModel object at 0x000002D569A45F70>
2025-06-28 09:29:52 [INFO] base_models.logistic_regression:57 - LogisticRegression final iteration 0, max_iter=1500, learning_rate = 0.05
2025-06-28 09:29:53 [INFO] base_models.logistic_regression:57 - LogisticRegression final iteration 1499, max_iter=1500, learning_rate = 0.05
2025-06-28 09:29:53 [INFO] adaboost.adaboost:25 - model is <base_models.logistic_regression.LogisticRegressionModel object at 0x000002D569A45EE0>
2025-06-28 09:29:53 [INFO] base_models.logistic_regression:57 - LogisticRegression final iteration 0, max_iter=1500, learning_rate = 0.05
2025-06-28 09:29:54 [INFO] base_models.logistic_regression:57 - LogisticRegression final iteration 1499, max_iter=1500, learning_rate = 0.05
2025-06-28 09:29:54 [INFO] adaboost.adaboost:25 - model is <base_models.logistic_regression.LogisticRegressionModel object at 0x000002D569A45FA0>
2025-06-28 09:29:54 [INFO] base_models.logistic_regression:57 - LogisticRegression final iteration 0, max_iter=1500, learning_rate = 0.05
2025-06-28 09:29:54 [INFO] base_models.logistic_regression:57 - LogisticRegression final iteration 1499, max_iter=1500, learning_rate = 0.05
2025-06-28 09:29:54 [INFO] adaboost.adaboost:25 - model is <base_models.logistic_regression.LogisticRegressionModel object at 0x000002D569A45E20>
2025-06-28 09:29:54 [INFO] base_models.logistic_regression:57 - LogisticRegression final iteration 0, max_iter=1500, learning_rate = 0.05
2025-06-28 09:29:55 [INFO] base_models.logistic_regression:57 - LogisticRegression final iteration 1499, max_iter=1500, learning_rate = 0.05
2025-06-28 09:29:55 [INFO] adaboost.adaboost:25 - model is <base_models.logistic_regression.LogisticRegressionModel object at 0x000002D56AA90D00>
2025-06-28 09:29:55 [INFO] base_models.logistic_regression:57 - LogisticRegression final iteration 0, max_iter=1500, learning_rate = 0.05
2025-06-28 09:29:56 [INFO] base_models.logistic_regression:57 - LogisticRegression final iteration 1499, max_iter=1500, learning_rate = 0.05
2025-06-28 09:29:56 [INFO] adaboost.adaboost:25 - model is <base_models.logistic_regression.LogisticRegressionModel object at 0x000002D56AA90E20>
2025-06-28 09:29:56 [INFO] base_models.logistic_regression:57 - LogisticRegression final iteration 0, max_iter=1500, learning_rate = 0.05
2025-06-28 09:29:57 [INFO] base_models.logistic_regression:57 - LogisticRegression final iteration 1499, max_iter=1500, learning_rate = 0.05
2025-06-28 09:29:57 [INFO] adaboost.adaboost:25 - model is <base_models.logistic_regression.LogisticRegressionModel object at 0x000002D56AA90EE0>
2025-06-28 09:29:57 [INFO] base_models.logistic_regression:57 - LogisticRegression final iteration 0, max_iter=1500, learning_rate = 0.05
2025-06-28 09:29:57 [INFO] base_models.logistic_regression:57 - LogisticRegression final iteration 1499, max_iter=1500, learning_rate = 0.05
2025-06-28 09:29:57 [INFO] adaboost.adaboost:25 - model is <base_models.logistic_regression.LogisticRegressionModel object at 0x000002D56AA90F40>
2025-06-28 09:29:57 [INFO] base_models.logistic_regression:57 - LogisticRegression final iteration 0, max_iter=1500, learning_rate = 0.05
2025-06-28 09:29:58 [INFO] base_models.logistic_regression:57 - LogisticRegression final iteration 1499, max_iter=1500, learning_rate = 0.05
2025-06-28 09:29:58 [INFO] adaboost.adaboost:25 - model is <base_models.logistic_regression.LogisticRegressionModel object at 0x000002D56AA90FA0>
2025-06-28 09:29:58 [INFO] base_models.logistic_regression:57 - LogisticRegression final iteration 0, max_iter=1500, learning_rate = 0.05
2025-06-28 09:29:59 [INFO] base_models.logistic_regression:57 - LogisticRegression final iteration 1499, max_iter=1500, learning_rate = 0.05
2025-06-28 09:29:59 [INFO] adaboost.adaboost:25 - model is <base_models.logistic_regression.LogisticRegressionModel object at 0x000002D56AA90CA0>
2025-06-28 09:29:59 [INFO] base_models.logistic_regression:57 - LogisticRegression final iteration 0, max_iter=1500, learning_rate = 0.05
2025-06-28 09:30:00 [INFO] base_models.logistic_regression:57 - LogisticRegression final iteration 1499, max_iter=1500, learning_rate = 0.05
2025-06-28 09:30:00 [INFO] adaboost.adaboost:25 - model is <base_models.logistic_regression.LogisticRegressionModel object at 0x000002D56AA90BB0>
2025-06-28 09:30:00 [INFO] base_models.logistic_regression:57 - LogisticRegression final iteration 0, max_iter=1500, learning_rate = 0.05
2025-06-28 09:30:00 [INFO] base_models.logistic_regression:57 - LogisticRegression final iteration 1499, max_iter=1500, learning_rate = 0.05
2025-06-28 09:30:00 [INFO] adaboost.adaboost:25 - model is <base_models.logistic_regression.LogisticRegressionModel object at 0x000002D56AA90E80>
2025-06-28 09:30:00 [INFO] base_models.logistic_regression:57 - LogisticRegression final iteration 0, max_iter=1500, learning_rate = 0.05
2025-06-28 09:30:01 [INFO] base_models.logistic_regression:57 - LogisticRegression final iteration 1499, max_iter=1500, learning_rate = 0.05
2025-06-28 09:30:01 [INFO] adaboost.adaboost:25 - model is <base_models.logistic_regression.LogisticRegressionModel object at 0x000002D56AA90D90>
2025-06-28 09:30:01 [INFO] base_models.logistic_regression:57 - LogisticRegression final iteration 0, max_iter=1500, learning_rate = 0.05
2025-06-28 09:30:02 [INFO] base_models.logistic_regression:57 - LogisticRegression final iteration 1499, max_iter=1500, learning_rate = 0.05
2025-06-28 09:30:02 [INFO] adaboost.adaboost:25 - model is <base_models.logistic_regression.LogisticRegressionModel object at 0x000002D56AA90C70>
2025-06-28 09:30:02 [INFO] base_models.logistic_regression:57 - LogisticRegression final iteration 0, max_iter=1500, learning_rate = 0.05
2025-06-28 09:30:03 [INFO] base_models.logistic_regression:57 - LogisticRegression final iteration 1499, max_iter=1500, learning_rate = 0.05
2025-06-28 09:30:03 [INFO] adaboost.adaboost:25 - model is <base_models.logistic_regression.LogisticRegressionModel object at 0x000002D56AA90D60>
2025-06-28 09:30:03 [INFO] base_models.logistic_regression:57 - LogisticRegression final iteration 0, max_iter=1500, learning_rate = 0.05
2025-06-28 09:30:04 [INFO] base_models.logistic_regression:57 - LogisticRegression final iteration 1499, max_iter=1500, learning_rate = 0.05
2025-06-28 09:30:04 [INFO] adaboost.adaboost:25 - model is <base_models.logistic_regression.LogisticRegressionModel object at 0x000002D569ABC0D0>
2025-06-28 09:30:04 [INFO] base_models.logistic_regression:57 - LogisticRegression final iteration 0, max_iter=1500, learning_rate = 0.05
2025-06-28 09:30:04 [INFO] base_models.logistic_regression:57 - LogisticRegression final iteration 1499, max_iter=1500, learning_rate = 0.05
2025-06-28 09:30:04 [INFO] adaboost.adaboost:25 - model is <base_models.logistic_regression.LogisticRegressionModel object at 0x000002D569ABC2B0>
2025-06-28 09:30:04 [INFO] base_models.logistic_regression:57 - LogisticRegression final iteration 0, max_iter=1500, learning_rate = 0.05
2025-06-28 09:30:05 [INFO] base_models.logistic_regression:57 - LogisticRegression final iteration 1499, max_iter=1500, learning_rate = 0.05
2025-06-28 09:30:05 [INFO] adaboost.adaboost:25 - model is <base_models.logistic_regression.LogisticRegressionModel object at 0x000002D569ABC310>
2025-06-28 09:30:05 [INFO] base_models.logistic_regression:57 - LogisticRegression final iteration 0, max_iter=1500, learning_rate = 0.05
2025-06-28 09:30:06 [INFO] base_models.logistic_regression:57 - LogisticRegression final iteration 1499, max_iter=1500, learning_rate = 0.05
2025-06-28 09:30:06 [INFO] adaboost.adaboost:25 - model is <base_models.logistic_regression.LogisticRegressionModel object at 0x000002D569ABC370>
2025-06-28 09:30:06 [INFO] base_models.logistic_regression:57 - LogisticRegression final iteration 0, max_iter=1500, learning_rate = 0.05
2025-06-28 09:30:07 [INFO] base_models.logistic_regression:57 - LogisticRegression final iteration 1499, max_iter=1500, learning_rate = 0.05
2025-06-28 09:30:07 [INFO] adaboost.adaboost:25 - model is <base_models.logistic_regression.LogisticRegressionModel object at 0x000002D569ABC3D0>
2025-06-28 09:30:07 [INFO] base_models.logistic_regression:57 - LogisticRegression final iteration 0, max_iter=1500, learning_rate = 0.05
2025-06-28 09:30:07 [INFO] base_models.logistic_regression:57 - LogisticRegression final iteration 1499, max_iter=1500, learning_rate = 0.05
2025-06-28 09:30:07 [INFO] adaboost.adaboost:25 - model is <base_models.logistic_regression.LogisticRegressionModel object at 0x000002D569ABC430>
2025-06-28 09:30:07 [INFO] base_models.logistic_regression:57 - LogisticRegression final iteration 0, max_iter=1500, learning_rate = 0.05
2025-06-28 09:30:08 [INFO] base_models.logistic_regression:57 - LogisticRegression final iteration 1499, max_iter=1500, learning_rate = 0.05
2025-06-28 09:30:08 [INFO] adaboost.adaboost:25 - model is <base_models.logistic_regression.LogisticRegressionModel object at 0x000002D569ABC490>
2025-06-28 09:30:08 [INFO] base_models.logistic_regression:57 - LogisticRegression final iteration 0, max_iter=1500, learning_rate = 0.05
2025-06-28 09:30:09 [INFO] base_models.logistic_regression:57 - LogisticRegression final iteration 1499, max_iter=1500, learning_rate = 0.05
2025-06-28 09:30:09 [INFO] adaboost.adaboost:25 - model is <base_models.logistic_regression.LogisticRegressionModel object at 0x000002D569ABC4F0>
2025-06-28 09:30:09 [INFO] base_models.logistic_regression:57 - LogisticRegression final iteration 0, max_iter=1500, learning_rate = 0.05
2025-06-28 09:30:10 [INFO] base_models.logistic_regression:57 - LogisticRegression final iteration 1499, max_iter=1500, learning_rate = 0.05
2025-06-28 09:30:10 [INFO] adaboost.adaboost:25 - model is <base_models.logistic_regression.LogisticRegressionModel object at 0x000002D569ABC550>
2025-06-28 09:30:10 [INFO] base_models.logistic_regression:57 - LogisticRegression final iteration 0, max_iter=1500, learning_rate = 0.05
2025-06-28 09:30:10 [INFO] base_models.logistic_regression:57 - LogisticRegression final iteration 1499, max_iter=1500, learning_rate = 0.05
2025-06-28 09:30:10 [INFO] adaboost.adaboost:25 - model is <base_models.logistic_regression.LogisticRegressionModel object at 0x000002D569ABC5B0>
2025-06-28 09:30:10 [INFO] base_models.logistic_regression:57 - LogisticRegression final iteration 0, max_iter=1500, learning_rate = 0.05
2025-06-28 09:30:12 [INFO] base_models.logistic_regression:57 - LogisticRegression final iteration 1499, max_iter=1500, learning_rate = 0.05
2025-06-28 09:30:12 [INFO] adaboost.adaboost:25 - model is <base_models.logistic_regression.LogisticRegressionModel object at 0x000002D569ABC610>
2025-06-28 09:30:12 [INFO] base_models.logistic_regression:57 - LogisticRegression final iteration 0, max_iter=1500, learning_rate = 0.05
2025-06-28 09:30:13 [INFO] base_models.logistic_regression:57 - LogisticRegression final iteration 1499, max_iter=1500, learning_rate = 0.05
2025-06-28 09:30:13 [INFO] adaboost.adaboost:25 - model is <base_models.logistic_regression.LogisticRegressionModel object at 0x000002D569ABC670>
2025-06-28 09:30:13 [INFO] base_models.logistic_regression:57 - LogisticRegression final iteration 0, max_iter=1500, learning_rate = 0.05
2025-06-28 09:30:14 [INFO] base_models.logistic_regression:57 - LogisticRegression final iteration 1499, max_iter=1500, learning_rate = 0.05
2025-06-28 09:30:14 [INFO] adaboost.adaboost:25 - model is <base_models.logistic_regression.LogisticRegressionModel object at 0x000002D569ABC6D0>
2025-06-28 09:30:14 [INFO] base_models.logistic_regression:57 - LogisticRegression final iteration 0, max_iter=1500, learning_rate = 0.05
2025-06-28 09:30:14 [INFO] base_models.logistic_regression:57 - LogisticRegression final iteration 1499, max_iter=1500, learning_rate = 0.05
2025-06-28 09:30:14 [INFO] adaboost.adaboost:25 - model is <base_models.logistic_regression.LogisticRegressionModel object at 0x000002D569ABC730>
2025-06-28 09:30:14 [INFO] base_models.logistic_regression:57 - LogisticRegression final iteration 0, max_iter=1500, learning_rate = 0.05
2025-06-28 09:30:15 [INFO] base_models.logistic_regression:57 - LogisticRegression final iteration 1499, max_iter=1500, learning_rate = 0.05
2025-06-28 09:30:15 [INFO] adaboost.adaboost:25 - model is <base_models.logistic_regression.LogisticRegressionModel object at 0x000002D569ABC790>
2025-06-28 09:30:15 [INFO] base_models.logistic_regression:57 - LogisticRegression final iteration 0, max_iter=1500, learning_rate = 0.05
2025-06-28 09:30:16 [INFO] base_models.logistic_regression:57 - LogisticRegression final iteration 1499, max_iter=1500, learning_rate = 0.05
2025-06-28 09:30:16 [INFO] adaboost.adaboost:25 - model is <base_models.logistic_regression.LogisticRegressionModel object at 0x000002D569ABC7F0>
2025-06-28 09:30:16 [INFO] base_models.logistic_regression:57 - LogisticRegression final iteration 0, max_iter=1500, learning_rate = 0.05
2025-06-28 09:30:17 [INFO] base_models.logistic_regression:57 - LogisticRegression final iteration 1499, max_iter=1500, learning_rate = 0.05
2025-06-28 09:30:17 [INFO] adaboost.adaboost:25 - model is <base_models.logistic_regression.LogisticRegressionModel object at 0x000002D569ABC850>
2025-06-28 09:30:17 [INFO] base_models.logistic_regression:57 - LogisticRegression final iteration 0, max_iter=1500, learning_rate = 0.05
2025-06-28 09:30:17 [INFO] base_models.logistic_regression:57 - LogisticRegression final iteration 1499, max_iter=1500, learning_rate = 0.05
2025-06-28 09:30:17 [INFO] adaboost.adaboost:25 - model is <base_models.logistic_regression.LogisticRegressionModel object at 0x000002D569ABC8B0>
2025-06-28 09:30:17 [INFO] base_models.logistic_regression:57 - LogisticRegression final iteration 0, max_iter=1500, learning_rate = 0.05
2025-06-28 09:30:18 [INFO] base_models.logistic_regression:57 - LogisticRegression final iteration 1499, max_iter=1500, learning_rate = 0.05
2025-06-28 09:30:18 [INFO] adaboost.adaboost:25 - model is <base_models.logistic_regression.LogisticRegressionModel object at 0x000002D569ABC910>
2025-06-28 09:30:18 [INFO] base_models.logistic_regression:57 - LogisticRegression final iteration 0, max_iter=1500, learning_rate = 0.05
2025-06-28 09:30:19 [INFO] base_models.logistic_regression:57 - LogisticRegression final iteration 1499, max_iter=1500, learning_rate = 0.05
2025-06-28 09:30:19 [INFO] adaboost.adaboost:25 - model is <base_models.logistic_regression.LogisticRegressionModel object at 0x000002D569ABC970>
2025-06-28 09:30:19 [INFO] base_models.logistic_regression:57 - LogisticRegression final iteration 0, max_iter=1500, learning_rate = 0.05
2025-06-28 09:30:20 [INFO] base_models.logistic_regression:57 - LogisticRegression final iteration 1499, max_iter=1500, learning_rate = 0.05
2025-06-28 09:30:20 [INFO] adaboost.adaboost:25 - model is <base_models.logistic_regression.LogisticRegressionModel object at 0x000002D569ABC9D0>
2025-06-28 09:30:20 [INFO] base_models.logistic_regression:57 - LogisticRegression final iteration 0, max_iter=1500, learning_rate = 0.05
2025-06-28 09:30:20 [INFO] base_models.logistic_regression:57 - LogisticRegression final iteration 1499, max_iter=1500, learning_rate = 0.05
2025-06-28 09:30:20 [INFO] adaboost.adaboost:25 - model is <base_models.logistic_regression.LogisticRegressionModel object at 0x000002D569ABCA30>
2025-06-28 09:30:20 [INFO] base_models.logistic_regression:57 - LogisticRegression final iteration 0, max_iter=1500, learning_rate = 0.05
2025-06-28 09:30:21 [INFO] base_models.logistic_regression:57 - LogisticRegression final iteration 1499, max_iter=1500, learning_rate = 0.05
2025-06-28 09:30:21 [INFO] adaboost.adaboost:25 - model is <base_models.logistic_regression.LogisticRegressionModel object at 0x000002D569ABCA90>
2025-06-28 09:30:21 [INFO] base_models.logistic_regression:57 - LogisticRegression final iteration 0, max_iter=1500, learning_rate = 0.05
2025-06-28 09:30:22 [INFO] base_models.logistic_regression:57 - LogisticRegression final iteration 1499, max_iter=1500, learning_rate = 0.05
2025-06-28 09:30:22 [INFO] adaboost.adaboost:25 - model is <base_models.logistic_regression.LogisticRegressionModel object at 0x000002D569ABCAF0>
2025-06-28 09:30:22 [INFO] base_models.logistic_regression:57 - LogisticRegression final iteration 0, max_iter=1500, learning_rate = 0.05
2025-06-28 09:30:23 [INFO] base_models.logistic_regression:57 - LogisticRegression final iteration 1499, max_iter=1500, learning_rate = 0.05
2025-06-28 09:30:23 [INFO] adaboost.adaboost:25 - model is <base_models.logistic_regression.LogisticRegressionModel object at 0x000002D569ABCB50>
2025-06-28 09:30:23 [INFO] base_models.logistic_regression:57 - LogisticRegression final iteration 0, max_iter=1500, learning_rate = 0.05
2025-06-28 09:30:23 [INFO] base_models.logistic_regression:57 - LogisticRegression final iteration 1499, max_iter=1500, learning_rate = 0.05
2025-06-28 09:30:23 [INFO] adaboost.adaboost:25 - model is <base_models.logistic_regression.LogisticRegressionModel object at 0x000002D569ABCBB0>
2025-06-28 09:30:23 [INFO] base_models.logistic_regression:57 - LogisticRegression final iteration 0, max_iter=1500, learning_rate = 0.05
2025-06-28 09:30:24 [INFO] base_models.logistic_regression:57 - LogisticRegression final iteration 1499, max_iter=1500, learning_rate = 0.05
2025-06-28 09:30:24 [INFO] adaboost.adaboost:25 - model is <base_models.logistic_regression.LogisticRegressionModel object at 0x000002D569ABCC10>
2025-06-28 09:30:24 [INFO] base_models.logistic_regression:57 - LogisticRegression final iteration 0, max_iter=1500, learning_rate = 0.05
2025-06-28 09:30:25 [INFO] base_models.logistic_regression:57 - LogisticRegression final iteration 1499, max_iter=1500, learning_rate = 0.05
2025-06-28 09:30:25 [INFO] adaboost.adaboost:25 - model is <base_models.logistic_regression.LogisticRegressionModel object at 0x000002D569ABCC70>
2025-06-28 09:30:25 [INFO] base_models.logistic_regression:57 - LogisticRegression final iteration 0, max_iter=1500, learning_rate = 0.05
2025-06-28 09:30:26 [INFO] base_models.logistic_regression:57 - LogisticRegression final iteration 1499, max_iter=1500, learning_rate = 0.05
2025-06-28 09:30:26 [INFO] adaboost.adaboost:25 - model is <base_models.logistic_regression.LogisticRegressionModel object at 0x000002D569ABCCD0>
2025-06-28 09:30:26 [INFO] base_models.logistic_regression:57 - LogisticRegression final iteration 0, max_iter=1500, learning_rate = 0.05
2025-06-28 09:30:26 [INFO] base_models.logistic_regression:57 - LogisticRegression final iteration 1499, max_iter=1500, learning_rate = 0.05
2025-06-28 09:30:26 [INFO] adaboost.adaboost:25 - model is <base_models.logistic_regression.LogisticRegressionModel object at 0x000002D569ABCD30>
2025-06-28 09:30:26 [INFO] base_models.logistic_regression:57 - LogisticRegression final iteration 0, max_iter=1500, learning_rate = 0.05
2025-06-28 09:30:27 [INFO] base_models.logistic_regression:57 - LogisticRegression final iteration 1499, max_iter=1500, learning_rate = 0.05
2025-06-28 09:30:27 [INFO] adaboost.adaboost:25 - model is <base_models.logistic_regression.LogisticRegressionModel object at 0x000002D569ABCD90>
2025-06-28 09:30:27 [INFO] base_models.logistic_regression:57 - LogisticRegression final iteration 0, max_iter=1500, learning_rate = 0.05
2025-06-28 09:30:28 [INFO] base_models.logistic_regression:57 - LogisticRegression final iteration 1499, max_iter=1500, learning_rate = 0.05
2025-06-28 09:30:28 [INFO] adaboost.adaboost:25 - model is <base_models.logistic_regression.LogisticRegressionModel object at 0x000002D569ABCDF0>
2025-06-28 09:30:28 [INFO] base_models.logistic_regression:57 - LogisticRegression final iteration 0, max_iter=1500, learning_rate = 0.05
2025-06-28 09:30:29 [INFO] base_models.logistic_regression:57 - LogisticRegression final iteration 1499, max_iter=1500, learning_rate = 0.05
2025-06-28 09:30:29 [INFO] adaboost.adaboost:25 - model is <base_models.logistic_regression.LogisticRegressionModel object at 0x000002D569ABCE50>
2025-06-28 09:30:29 [INFO] base_models.logistic_regression:57 - LogisticRegression final iteration 0, max_iter=1500, learning_rate = 0.05
2025-06-28 09:30:30 [INFO] base_models.logistic_regression:57 - LogisticRegression final iteration 1499, max_iter=1500, learning_rate = 0.05
2025-06-28 09:30:30 [INFO] adaboost.adaboost:25 - model is <base_models.logistic_regression.LogisticRegressionModel object at 0x000002D569ABCEB0>
2025-06-28 09:30:30 [INFO] base_models.logistic_regression:57 - LogisticRegression final iteration 0, max_iter=1500, learning_rate = 0.05
2025-06-28 09:30:30 [INFO] base_models.logistic_regression:57 - LogisticRegression final iteration 1499, max_iter=1500, learning_rate = 0.05
2025-06-28 09:30:30 [INFO] adaboost.adaboost:25 - model is <base_models.logistic_regression.LogisticRegressionModel object at 0x000002D569ABC040>
2025-06-28 09:30:30 [INFO] base_models.logistic_regression:57 - LogisticRegression final iteration 0, max_iter=1500, learning_rate = 0.05
2025-06-28 09:30:31 [INFO] base_models.logistic_regression:57 - LogisticRegression final iteration 1499, max_iter=1500, learning_rate = 0.05
2025-06-28 09:30:31 [INFO] adaboost.adaboost:25 - model is <base_models.logistic_regression.LogisticRegressionModel object at 0x000002D569ABC1C0>
2025-06-28 09:30:31 [INFO] base_models.logistic_regression:57 - LogisticRegression final iteration 0, max_iter=1500, learning_rate = 0.05
2025-06-28 09:30:32 [INFO] base_models.logistic_regression:57 - LogisticRegression final iteration 1499, max_iter=1500, learning_rate = 0.05
2025-06-28 09:30:32 [INFO] adaboost.adaboost:25 - model is <base_models.logistic_regression.LogisticRegressionModel object at 0x000002D569ABC220>
2025-06-28 09:30:32 [INFO] base_models.logistic_regression:57 - LogisticRegression final iteration 0, max_iter=1500, learning_rate = 0.05
2025-06-28 09:30:33 [INFO] base_models.logistic_regression:57 - LogisticRegression final iteration 1499, max_iter=1500, learning_rate = 0.05
2025-06-28 09:30:33 [INFO] adaboost.adaboost:25 - model is <base_models.logistic_regression.LogisticRegressionModel object at 0x000002D569ABC130>
2025-06-28 09:30:33 [INFO] base_models.logistic_regression:57 - LogisticRegression final iteration 0, max_iter=1500, learning_rate = 0.05
2025-06-28 09:30:33 [INFO] base_models.logistic_regression:57 - LogisticRegression final iteration 1499, max_iter=1500, learning_rate = 0.05
2025-06-28 09:30:33 [INFO] adaboost.adaboost:25 - model is <base_models.logistic_regression.LogisticRegressionModel object at 0x000002D569ABC190>
2025-06-28 09:30:33 [INFO] base_models.logistic_regression:57 - LogisticRegression final iteration 0, max_iter=1500, learning_rate = 0.05
2025-06-28 09:30:34 [INFO] base_models.logistic_regression:57 - LogisticRegression final iteration 1499, max_iter=1500, learning_rate = 0.05
2025-06-28 09:30:34 [INFO] adaboost.adaboost:25 - model is <base_models.logistic_regression.LogisticRegressionModel object at 0x000002D56B561100>
2025-06-28 09:30:34 [INFO] base_models.logistic_regression:57 - LogisticRegression final iteration 0, max_iter=1500, learning_rate = 0.05
2025-06-28 09:30:35 [INFO] base_models.logistic_regression:57 - LogisticRegression final iteration 1499, max_iter=1500, learning_rate = 0.05
2025-06-28 09:30:35 [INFO] adaboost.adaboost:25 - model is <base_models.logistic_regression.LogisticRegressionModel object at 0x000002D56B5612E0>
2025-06-28 09:30:35 [INFO] base_models.logistic_regression:57 - LogisticRegression final iteration 0, max_iter=1500, learning_rate = 0.05
2025-06-28 09:30:35 [INFO] base_models.logistic_regression:57 - LogisticRegression final iteration 1499, max_iter=1500, learning_rate = 0.05
2025-06-28 09:30:35 [INFO] adaboost.adaboost:25 - model is <base_models.logistic_regression.LogisticRegressionModel object at 0x000002D56B561340>
2025-06-28 09:30:35 [INFO] base_models.logistic_regression:57 - LogisticRegression final iteration 0, max_iter=1500, learning_rate = 0.05
2025-06-28 09:30:36 [INFO] base_models.logistic_regression:57 - LogisticRegression final iteration 1499, max_iter=1500, learning_rate = 0.05
2025-06-28 09:30:36 [INFO] adaboost.adaboost:25 - model is <base_models.logistic_regression.LogisticRegressionModel object at 0x000002D56B5613A0>
2025-06-28 09:30:36 [INFO] base_models.logistic_regression:57 - LogisticRegression final iteration 0, max_iter=1500, learning_rate = 0.05
2025-06-28 09:30:37 [INFO] base_models.logistic_regression:57 - LogisticRegression final iteration 1499, max_iter=1500, learning_rate = 0.05
2025-06-28 09:30:37 [INFO] adaboost.adaboost:25 - model is <base_models.logistic_regression.LogisticRegressionModel object at 0x000002D56B561400>
2025-06-28 09:30:37 [INFO] base_models.logistic_regression:57 - LogisticRegression final iteration 0, max_iter=1500, learning_rate = 0.05
2025-06-28 09:30:38 [INFO] base_models.logistic_regression:57 - LogisticRegression final iteration 1499, max_iter=1500, learning_rate = 0.05
2025-06-28 09:30:38 [INFO] adaboost.adaboost:25 - model is <base_models.logistic_regression.LogisticRegressionModel object at 0x000002D56B561460>
2025-06-28 09:30:38 [INFO] base_models.logistic_regression:57 - LogisticRegression final iteration 0, max_iter=1500, learning_rate = 0.05
2025-06-28 09:30:38 [INFO] base_models.logistic_regression:57 - LogisticRegression final iteration 1499, max_iter=1500, learning_rate = 0.05
2025-06-28 09:30:38 [INFO] adaboost.adaboost:25 - model is <base_models.logistic_regression.LogisticRegressionModel object at 0x000002D56B5614C0>
2025-06-28 09:30:38 [INFO] base_models.logistic_regression:57 - LogisticRegression final iteration 0, max_iter=1500, learning_rate = 0.05
2025-06-28 09:30:39 [INFO] base_models.logistic_regression:57 - LogisticRegression final iteration 1499, max_iter=1500, learning_rate = 0.05
2025-06-28 09:30:39 [INFO] adaboost.adaboost:25 - model is <base_models.logistic_regression.LogisticRegressionModel object at 0x000002D56B561520>
2025-06-28 09:30:39 [INFO] base_models.logistic_regression:57 - LogisticRegression final iteration 0, max_iter=1500, learning_rate = 0.05
2025-06-28 09:30:40 [INFO] base_models.logistic_regression:57 - LogisticRegression final iteration 1499, max_iter=1500, learning_rate = 0.05
2025-06-28 09:30:40 [INFO] adaboost.adaboost:25 - model is <base_models.logistic_regression.LogisticRegressionModel object at 0x000002D56B561580>
2025-06-28 09:30:40 [INFO] base_models.logistic_regression:57 - LogisticRegression final iteration 0, max_iter=1500, learning_rate = 0.05
2025-06-28 09:30:41 [INFO] base_models.logistic_regression:57 - LogisticRegression final iteration 1499, max_iter=1500, learning_rate = 0.05
2025-06-28 09:30:41 [INFO] adaboost.adaboost:25 - model is <base_models.logistic_regression.LogisticRegressionModel object at 0x000002D56B5615E0>
2025-06-28 09:30:41 [INFO] base_models.logistic_regression:57 - LogisticRegression final iteration 0, max_iter=1500, learning_rate = 0.05
2025-06-28 09:30:42 [INFO] base_models.logistic_regression:57 - LogisticRegression final iteration 1499, max_iter=1500, learning_rate = 0.05
2025-06-28 09:30:42 [INFO] adaboost.adaboost:25 - model is <base_models.logistic_regression.LogisticRegressionModel object at 0x000002D56B561640>
2025-06-28 09:30:42 [INFO] base_models.logistic_regression:57 - LogisticRegression final iteration 0, max_iter=1500, learning_rate = 0.05
2025-06-28 09:30:42 [INFO] base_models.logistic_regression:57 - LogisticRegression final iteration 1499, max_iter=1500, learning_rate = 0.05
2025-06-28 09:30:42 [INFO] adaboost.adaboost:25 - model is <base_models.logistic_regression.LogisticRegressionModel object at 0x000002D56B5616A0>
2025-06-28 09:30:42 [INFO] base_models.logistic_regression:57 - LogisticRegression final iteration 0, max_iter=1500, learning_rate = 0.05
2025-06-28 09:30:43 [INFO] base_models.logistic_regression:57 - LogisticRegression final iteration 1499, max_iter=1500, learning_rate = 0.05
2025-06-28 09:30:43 [INFO] adaboost.adaboost:25 - model is <base_models.logistic_regression.LogisticRegressionModel object at 0x000002D56B561700>
2025-06-28 09:30:43 [INFO] base_models.logistic_regression:57 - LogisticRegression final iteration 0, max_iter=1500, learning_rate = 0.05
2025-06-28 09:30:44 [INFO] base_models.logistic_regression:57 - LogisticRegression final iteration 1499, max_iter=1500, learning_rate = 0.05
2025-06-28 09:30:44 [INFO] adaboost.adaboost:25 - model is <base_models.logistic_regression.LogisticRegressionModel object at 0x000002D56B561760>
2025-06-28 09:30:44 [INFO] base_models.logistic_regression:57 - LogisticRegression final iteration 0, max_iter=1500, learning_rate = 0.05
2025-06-28 09:30:45 [INFO] base_models.logistic_regression:57 - LogisticRegression final iteration 1499, max_iter=1500, learning_rate = 0.05
2025-06-28 09:30:45 [INFO] adaboost.adaboost:25 - model is <base_models.logistic_regression.LogisticRegressionModel object at 0x000002D56B5617C0>
2025-06-28 09:30:45 [INFO] base_models.logistic_regression:57 - LogisticRegression final iteration 0, max_iter=1500, learning_rate = 0.05
2025-06-28 09:30:45 [INFO] base_models.logistic_regression:57 - LogisticRegression final iteration 1499, max_iter=1500, learning_rate = 0.05
2025-06-28 09:30:45 [INFO] adaboost.adaboost:25 - model is <base_models.logistic_regression.LogisticRegressionModel object at 0x000002D56B561820>
2025-06-28 09:30:45 [INFO] base_models.logistic_regression:57 - LogisticRegression final iteration 0, max_iter=1500, learning_rate = 0.05
2025-06-28 09:30:46 [INFO] base_models.logistic_regression:57 - LogisticRegression final iteration 1499, max_iter=1500, learning_rate = 0.05
2025-06-28 09:30:46 [INFO] adaboost.adaboost:25 - model is <base_models.logistic_regression.LogisticRegressionModel object at 0x000002D56B5618B0>
2025-06-28 09:30:46 [INFO] base_models.logistic_regression:57 - LogisticRegression final iteration 0, max_iter=1500, learning_rate = 0.05
2025-06-28 09:30:47 [INFO] base_models.logistic_regression:57 - LogisticRegression final iteration 1499, max_iter=1500, learning_rate = 0.05
2025-06-28 09:30:47 [INFO] adaboost.adaboost:25 - model is <base_models.logistic_regression.LogisticRegressionModel object at 0x000002D56B561910>
2025-06-28 09:30:47 [INFO] base_models.logistic_regression:57 - LogisticRegression final iteration 0, max_iter=1500, learning_rate = 0.05
2025-06-28 09:30:48 [INFO] base_models.logistic_regression:57 - LogisticRegression final iteration 1499, max_iter=1500, learning_rate = 0.05
2025-06-28 09:30:48 [INFO] adaboost.adaboost:25 - model is <base_models.logistic_regression.LogisticRegressionModel object at 0x000002D56B561970>
2025-06-28 09:30:48 [INFO] base_models.logistic_regression:57 - LogisticRegression final iteration 0, max_iter=1500, learning_rate = 0.05
2025-06-28 09:30:49 [INFO] base_models.logistic_regression:57 - LogisticRegression final iteration 1499, max_iter=1500, learning_rate = 0.05
2025-06-28 09:30:49 [INFO] adaboost.adaboost:25 - model is <base_models.logistic_regression.LogisticRegressionModel object at 0x000002D56B561A00>
2025-06-28 09:30:49 [INFO] base_models.logistic_regression:57 - LogisticRegression final iteration 0, max_iter=1500, learning_rate = 0.05
2025-06-28 09:30:49 [INFO] base_models.logistic_regression:57 - LogisticRegression final iteration 1499, max_iter=1500, learning_rate = 0.05
2025-06-28 09:30:49 [INFO] adaboost.adaboost:25 - model is <base_models.logistic_regression.LogisticRegressionModel object at 0x000002D56B561AF0>
2025-06-28 09:30:49 [INFO] base_models.logistic_regression:57 - LogisticRegression final iteration 0, max_iter=1500, learning_rate = 0.05
2025-06-28 09:30:50 [INFO] base_models.logistic_regression:57 - LogisticRegression final iteration 1499, max_iter=1500, learning_rate = 0.05
2025-06-28 09:30:50 [INFO] adaboost.adaboost:25 - model is <base_models.logistic_regression.LogisticRegressionModel object at 0x000002D56B561B50>
2025-06-28 09:30:50 [INFO] base_models.logistic_regression:57 - LogisticRegression final iteration 0, max_iter=1500, learning_rate = 0.05
2025-06-28 09:30:51 [INFO] base_models.logistic_regression:57 - LogisticRegression final iteration 1499, max_iter=1500, learning_rate = 0.05
2025-06-28 09:30:51 [INFO] adaboost.adaboost:25 - model is <base_models.logistic_regression.LogisticRegressionModel object at 0x000002D56B561BB0>
2025-06-28 09:30:51 [INFO] base_models.logistic_regression:57 - LogisticRegression final iteration 0, max_iter=1500, learning_rate = 0.05
2025-06-28 09:30:52 [INFO] base_models.logistic_regression:57 - LogisticRegression final iteration 1499, max_iter=1500, learning_rate = 0.05
2025-06-28 09:30:52 [INFO] adaboost.adaboost:25 - model is <base_models.logistic_regression.LogisticRegressionModel object at 0x000002D56B561C10>
2025-06-28 09:30:52 [INFO] base_models.logistic_regression:57 - LogisticRegression final iteration 0, max_iter=1500, learning_rate = 0.05
2025-06-28 09:30:53 [INFO] base_models.logistic_regression:57 - LogisticRegression final iteration 1499, max_iter=1500, learning_rate = 0.05
2025-06-28 09:30:53 [INFO] adaboost.adaboost:25 - model is <base_models.logistic_regression.LogisticRegressionModel object at 0x000002D56B561C70>
2025-06-28 09:30:53 [INFO] base_models.logistic_regression:57 - LogisticRegression final iteration 0, max_iter=1500, learning_rate = 0.05
2025-06-28 09:30:53 [INFO] base_models.logistic_regression:57 - LogisticRegression final iteration 1499, max_iter=1500, learning_rate = 0.05
2025-06-28 09:30:53 [INFO] adaboost.adaboost:25 - model is <base_models.logistic_regression.LogisticRegressionModel object at 0x000002D56B561CD0>
2025-06-28 09:30:53 [INFO] base_models.logistic_regression:57 - LogisticRegression final iteration 0, max_iter=1500, learning_rate = 0.05
2025-06-28 09:30:54 [INFO] base_models.logistic_regression:57 - LogisticRegression final iteration 1499, max_iter=1500, learning_rate = 0.05
2025-06-28 09:30:54 [INFO] adaboost.adaboost:25 - model is <base_models.logistic_regression.LogisticRegressionModel object at 0x000002D56B561D30>
2025-06-28 09:30:54 [INFO] base_models.logistic_regression:57 - LogisticRegression final iteration 0, max_iter=1500, learning_rate = 0.05
2025-06-28 09:30:55 [INFO] base_models.logistic_regression:57 - LogisticRegression final iteration 1499, max_iter=1500, learning_rate = 0.05
2025-06-28 09:30:55 [INFO] adaboost.adaboost:25 - model is <base_models.logistic_regression.LogisticRegressionModel object at 0x000002D56B561D90>
2025-06-28 09:30:55 [INFO] base_models.logistic_regression:57 - LogisticRegression final iteration 0, max_iter=1500, learning_rate = 0.05
2025-06-28 09:30:56 [INFO] base_models.logistic_regression:57 - LogisticRegression final iteration 1499, max_iter=1500, learning_rate = 0.05
2025-06-28 09:30:56 [INFO] adaboost.adaboost:25 - model is <base_models.logistic_regression.LogisticRegressionModel object at 0x000002D56B561DF0>
2025-06-28 09:30:56 [INFO] base_models.logistic_regression:57 - LogisticRegression final iteration 0, max_iter=1500, learning_rate = 0.05
2025-06-28 09:30:57 [INFO] base_models.logistic_regression:57 - LogisticRegression final iteration 1499, max_iter=1500, learning_rate = 0.05
2025-06-28 09:30:57 [INFO] adaboost.adaboost:25 - model is <base_models.logistic_regression.LogisticRegressionModel object at 0x000002D56B561E50>
2025-06-28 09:30:57 [INFO] base_models.logistic_regression:57 - LogisticRegression final iteration 0, max_iter=1500, learning_rate = 0.05
2025-06-28 09:30:58 [INFO] base_models.logistic_regression:57 - LogisticRegression final iteration 1499, max_iter=1500, learning_rate = 0.05
2025-06-28 09:30:58 [INFO] adaboost.adaboost:25 - model is <base_models.logistic_regression.LogisticRegressionModel object at 0x000002D56B561EB0>
2025-06-28 09:30:58 [INFO] base_models.logistic_regression:57 - LogisticRegression final iteration 0, max_iter=1500, learning_rate = 0.05
2025-06-28 09:30:59 [INFO] base_models.logistic_regression:57 - LogisticRegression final iteration 1499, max_iter=1500, learning_rate = 0.05
2025-06-28 09:30:59 [INFO] adaboost.adaboost:25 - model is <base_models.logistic_regression.LogisticRegressionModel object at 0x000002D56B561F10>
2025-06-28 09:30:59 [INFO] base_models.logistic_regression:57 - LogisticRegression final iteration 0, max_iter=1500, learning_rate = 0.05
2025-06-28 09:31:00 [INFO] base_models.logistic_regression:57 - LogisticRegression final iteration 1499, max_iter=1500, learning_rate = 0.05
2025-06-28 09:31:00 [INFO] adaboost.adaboost:25 - model is <base_models.logistic_regression.LogisticRegressionModel object at 0x000002D56B561F70>
2025-06-28 09:31:00 [INFO] base_models.logistic_regression:57 - LogisticRegression final iteration 0, max_iter=1500, learning_rate = 0.05
2025-06-28 09:31:00 [INFO] base_models.logistic_regression:57 - LogisticRegression final iteration 1499, max_iter=1500, learning_rate = 0.05
2025-06-28 09:31:00 [INFO] adaboost.adaboost:25 - model is <base_models.logistic_regression.LogisticRegressionModel object at 0x000002D56B561FD0>
2025-06-28 09:31:00 [INFO] base_models.logistic_regression:57 - LogisticRegression final iteration 0, max_iter=1500, learning_rate = 0.05
2025-06-28 09:31:02 [INFO] base_models.logistic_regression:57 - LogisticRegression final iteration 1499, max_iter=1500, learning_rate = 0.05
2025-06-28 09:31:02 [INFO] adaboost.adaboost:25 - model is <base_models.logistic_regression.LogisticRegressionModel object at 0x000002D56B5610D0>
2025-06-28 09:31:02 [INFO] base_models.logistic_regression:57 - LogisticRegression final iteration 0, max_iter=1500, learning_rate = 0.05
2025-06-28 09:31:04 [INFO] base_models.logistic_regression:57 - LogisticRegression final iteration 1499, max_iter=1500, learning_rate = 0.05
2025-06-28 09:31:04 [INFO] adaboost.adaboost:25 - model is <base_models.logistic_regression.LogisticRegressionModel object at 0x000002D56B561070>
2025-06-28 09:31:04 [INFO] base_models.logistic_regression:57 - LogisticRegression final iteration 0, max_iter=1500, learning_rate = 0.05
2025-06-28 09:31:05 [INFO] base_models.logistic_regression:57 - LogisticRegression final iteration 1499, max_iter=1500, learning_rate = 0.05
2025-06-28 09:31:05 [INFO] adaboost.adaboost:25 - model is <base_models.logistic_regression.LogisticRegressionModel object at 0x000002D56B561220>
2025-06-28 09:31:05 [INFO] base_models.logistic_regression:57 - LogisticRegression final iteration 0, max_iter=1500, learning_rate = 0.05
2025-06-28 09:31:07 [INFO] base_models.logistic_regression:57 - LogisticRegression final iteration 1499, max_iter=1500, learning_rate = 0.05
2025-06-28 09:31:07 [INFO] adaboost.adaboost:25 - model is <base_models.logistic_regression.LogisticRegressionModel object at 0x000002D56B561190>
2025-06-28 09:31:07 [INFO] base_models.logistic_regression:57 - LogisticRegression final iteration 0, max_iter=1500, learning_rate = 0.05
2025-06-28 09:31:09 [INFO] base_models.logistic_regression:57 - LogisticRegression final iteration 1499, max_iter=1500, learning_rate = 0.05
2025-06-28 09:31:09 [INFO] adaboost.adaboost:25 - model is <base_models.logistic_regression.LogisticRegressionModel object at 0x000002D56B561250>
2025-06-28 09:31:09 [INFO] base_models.logistic_regression:57 - LogisticRegression final iteration 0, max_iter=1500, learning_rate = 0.05
2025-06-28 09:31:11 [INFO] base_models.logistic_regression:57 - LogisticRegression final iteration 1499, max_iter=1500, learning_rate = 0.05
2025-06-28 09:31:11 [INFO] adaboost.adaboost:25 - model is <base_models.logistic_regression.LogisticRegressionModel object at 0x000002D569A87E20>
2025-06-28 09:31:11 [INFO] base_models.logistic_regression:57 - LogisticRegression final iteration 0, max_iter=1500, learning_rate = 0.05
2025-06-28 09:31:13 [INFO] base_models.logistic_regression:57 - LogisticRegression final iteration 1499, max_iter=1500, learning_rate = 0.05
2025-06-28 09:31:13 [INFO] adaboost.adaboost:25 - model is <base_models.logistic_regression.LogisticRegressionModel object at 0x000002D5413E4C70>
2025-06-28 09:31:13 [INFO] base_models.logistic_regression:57 - LogisticRegression final iteration 0, max_iter=1500, learning_rate = 0.05
2025-06-28 09:31:14 [INFO] base_models.logistic_regression:57 - LogisticRegression final iteration 1499, max_iter=1500, learning_rate = 0.05
2025-06-28 09:31:14 [INFO] adaboost.adaboost:25 - model is <base_models.logistic_regression.LogisticRegressionModel object at 0x000002D569A16FD0>
2025-06-28 09:31:14 [INFO] base_models.logistic_regression:57 - LogisticRegression final iteration 0, max_iter=1500, learning_rate = 0.05
2025-06-28 09:31:16 [INFO] base_models.logistic_regression:57 - LogisticRegression final iteration 1499, max_iter=1500, learning_rate = 0.05
2025-06-28 09:31:16 [INFO] adaboost.adaboost:25 - model is <base_models.logistic_regression.LogisticRegressionModel object at 0x000002D569A07D60>
2025-06-28 09:31:16 [INFO] base_models.logistic_regression:57 - LogisticRegression final iteration 0, max_iter=1500, learning_rate = 0.05
2025-06-28 09:31:18 [INFO] base_models.logistic_regression:57 - LogisticRegression final iteration 1499, max_iter=1500, learning_rate = 0.05
2025-06-28 09:31:18 [INFO] adaboost.adaboost:25 - model is <base_models.logistic_regression.LogisticRegressionModel object at 0x000002D5699FCF70>
2025-06-28 09:31:18 [INFO] base_models.logistic_regression:57 - LogisticRegression final iteration 0, max_iter=1500, learning_rate = 0.05
2025-06-28 09:31:20 [INFO] base_models.logistic_regression:57 - LogisticRegression final iteration 1499, max_iter=1500, learning_rate = 0.05
2025-06-28 09:31:20 [INFO] adaboost.adaboost:25 - model is <base_models.logistic_regression.LogisticRegressionModel object at 0x000002D569A459A0>
2025-06-28 09:31:20 [INFO] base_models.logistic_regression:57 - LogisticRegression final iteration 0, max_iter=1500, learning_rate = 0.05
2025-06-28 09:31:22 [INFO] base_models.logistic_regression:57 - LogisticRegression final iteration 1499, max_iter=1500, learning_rate = 0.05
2025-06-28 09:31:22 [INFO] adaboost.adaboost:25 - model is <base_models.logistic_regression.LogisticRegressionModel object at 0x000002D569A45DC0>
2025-06-28 09:31:22 [INFO] base_models.logistic_regression:57 - LogisticRegression final iteration 0, max_iter=1500, learning_rate = 0.05
2025-06-28 09:31:24 [INFO] base_models.logistic_regression:57 - LogisticRegression final iteration 1499, max_iter=1500, learning_rate = 0.05
2025-06-28 09:31:24 [INFO] adaboost.adaboost:25 - model is <base_models.logistic_regression.LogisticRegressionModel object at 0x000002D569A45F70>
2025-06-28 09:31:24 [INFO] base_models.logistic_regression:57 - LogisticRegression final iteration 0, max_iter=1500, learning_rate = 0.05
2025-06-28 09:31:25 [INFO] base_models.logistic_regression:57 - LogisticRegression final iteration 1499, max_iter=1500, learning_rate = 0.05
2025-06-28 09:31:25 [INFO] adaboost.adaboost:25 - model is <base_models.logistic_regression.LogisticRegressionModel object at 0x000002D569A45EE0>
2025-06-28 09:31:25 [INFO] base_models.logistic_regression:57 - LogisticRegression final iteration 0, max_iter=1500, learning_rate = 0.05
2025-06-28 09:31:27 [INFO] base_models.logistic_regression:57 - LogisticRegression final iteration 1499, max_iter=1500, learning_rate = 0.05
2025-06-28 09:31:27 [INFO] adaboost.adaboost:25 - model is <base_models.logistic_regression.LogisticRegressionModel object at 0x000002D569A45FA0>
2025-06-28 09:31:27 [INFO] base_models.logistic_regression:57 - LogisticRegression final iteration 0, max_iter=1500, learning_rate = 0.05
2025-06-28 09:31:28 [INFO] base_models.logistic_regression:57 - LogisticRegression final iteration 1499, max_iter=1500, learning_rate = 0.05
2025-06-28 09:31:28 [INFO] adaboost.adaboost:25 - model is <base_models.logistic_regression.LogisticRegressionModel object at 0x000002D569A45E20>
2025-06-28 09:31:28 [INFO] base_models.logistic_regression:57 - LogisticRegression final iteration 0, max_iter=1500, learning_rate = 0.05
2025-06-28 09:31:30 [INFO] base_models.logistic_regression:57 - LogisticRegression final iteration 1499, max_iter=1500, learning_rate = 0.05
2025-06-28 09:31:30 [INFO] adaboost.adaboost:25 - model is <base_models.logistic_regression.LogisticRegressionModel object at 0x000002D56AA90D00>
2025-06-28 09:31:30 [INFO] base_models.logistic_regression:57 - LogisticRegression final iteration 0, max_iter=1500, learning_rate = 0.05
2025-06-28 09:31:32 [INFO] base_models.logistic_regression:57 - LogisticRegression final iteration 1499, max_iter=1500, learning_rate = 0.05
2025-06-28 09:31:32 [INFO] adaboost.adaboost:25 - model is <base_models.logistic_regression.LogisticRegressionModel object at 0x000002D56AA90E20>
2025-06-28 09:31:32 [INFO] base_models.logistic_regression:57 - LogisticRegression final iteration 0, max_iter=1500, learning_rate = 0.05
2025-06-28 09:31:34 [INFO] base_models.logistic_regression:57 - LogisticRegression final iteration 1499, max_iter=1500, learning_rate = 0.05
2025-06-28 09:31:34 [INFO] adaboost.adaboost:25 - model is <base_models.logistic_regression.LogisticRegressionModel object at 0x000002D56AA90EE0>
2025-06-28 09:31:34 [INFO] base_models.logistic_regression:57 - LogisticRegression final iteration 0, max_iter=1500, learning_rate = 0.05
2025-06-28 09:31:35 [INFO] base_models.logistic_regression:57 - LogisticRegression final iteration 1499, max_iter=1500, learning_rate = 0.05
2025-06-28 09:31:35 [INFO] adaboost.adaboost:25 - model is <base_models.logistic_regression.LogisticRegressionModel object at 0x000002D56AA90F40>
2025-06-28 09:31:35 [INFO] base_models.logistic_regression:57 - LogisticRegression final iteration 0, max_iter=1500, learning_rate = 0.05
2025-06-28 09:31:36 [INFO] base_models.logistic_regression:57 - LogisticRegression final iteration 1499, max_iter=1500, learning_rate = 0.05
2025-06-28 09:31:36 [INFO] adaboost.adaboost:25 - model is <base_models.logistic_regression.LogisticRegressionModel object at 0x000002D56AA90FA0>
2025-06-28 09:31:36 [INFO] base_models.logistic_regression:57 - LogisticRegression final iteration 0, max_iter=1500, learning_rate = 0.05
2025-06-28 09:31:38 [INFO] base_models.logistic_regression:57 - LogisticRegression final iteration 1499, max_iter=1500, learning_rate = 0.05
2025-06-28 09:31:38 [INFO] adaboost.adaboost:25 - model is <base_models.logistic_regression.LogisticRegressionModel object at 0x000002D56AA90CA0>
2025-06-28 09:31:38 [INFO] base_models.logistic_regression:57 - LogisticRegression final iteration 0, max_iter=1500, learning_rate = 0.05
2025-06-28 09:31:40 [INFO] base_models.logistic_regression:57 - LogisticRegression final iteration 1499, max_iter=1500, learning_rate = 0.05
2025-06-28 09:31:40 [INFO] adaboost.adaboost:25 - model is <base_models.logistic_regression.LogisticRegressionModel object at 0x000002D56AA90BB0>
2025-06-28 09:31:40 [INFO] base_models.logistic_regression:57 - LogisticRegression final iteration 0, max_iter=1500, learning_rate = 0.05
2025-06-28 09:31:42 [INFO] base_models.logistic_regression:57 - LogisticRegression final iteration 1499, max_iter=1500, learning_rate = 0.05
2025-06-28 09:31:42 [INFO] adaboost.adaboost:25 - model is <base_models.logistic_regression.LogisticRegressionModel object at 0x000002D56AA90E80>
2025-06-28 09:31:42 [INFO] base_models.logistic_regression:57 - LogisticRegression final iteration 0, max_iter=1500, learning_rate = 0.05
2025-06-28 09:31:44 [INFO] base_models.logistic_regression:57 - LogisticRegression final iteration 1499, max_iter=1500, learning_rate = 0.05
2025-06-28 09:31:44 [INFO] adaboost.adaboost:25 - model is <base_models.logistic_regression.LogisticRegressionModel object at 0x000002D56AA90D90>
2025-06-28 09:31:44 [INFO] base_models.logistic_regression:57 - LogisticRegression final iteration 0, max_iter=1500, learning_rate = 0.05
2025-06-28 09:31:46 [INFO] base_models.logistic_regression:57 - LogisticRegression final iteration 1499, max_iter=1500, learning_rate = 0.05
2025-06-28 09:31:46 [INFO] adaboost.adaboost:25 - model is <base_models.logistic_regression.LogisticRegressionModel object at 0x000002D56AA90C70>
2025-06-28 09:31:46 [INFO] base_models.logistic_regression:57 - LogisticRegression final iteration 0, max_iter=1500, learning_rate = 0.05
2025-06-28 09:31:48 [INFO] base_models.logistic_regression:57 - LogisticRegression final iteration 1499, max_iter=1500, learning_rate = 0.05
2025-06-28 09:31:48 [INFO] adaboost.adaboost:25 - model is <base_models.logistic_regression.LogisticRegressionModel object at 0x000002D56AA90D60>
2025-06-28 09:31:48 [INFO] base_models.logistic_regression:57 - LogisticRegression final iteration 0, max_iter=1500, learning_rate = 0.05
2025-06-28 09:31:50 [INFO] base_models.logistic_regression:57 - LogisticRegression final iteration 1499, max_iter=1500, learning_rate = 0.05
2025-06-28 09:31:50 [INFO] adaboost.adaboost:25 - model is <base_models.logistic_regression.LogisticRegressionModel object at 0x000002D569ABC0D0>
2025-06-28 09:31:50 [INFO] base_models.logistic_regression:57 - LogisticRegression final iteration 0, max_iter=1500, learning_rate = 0.05
2025-06-28 09:31:52 [INFO] base_models.logistic_regression:57 - LogisticRegression final iteration 1499, max_iter=1500, learning_rate = 0.05
2025-06-28 09:31:52 [INFO] adaboost.adaboost:25 - model is <base_models.logistic_regression.LogisticRegressionModel object at 0x000002D569ABC2B0>
2025-06-28 09:31:52 [INFO] base_models.logistic_regression:57 - LogisticRegression final iteration 0, max_iter=1500, learning_rate = 0.05
2025-06-28 09:31:54 [INFO] base_models.logistic_regression:57 - LogisticRegression final iteration 1499, max_iter=1500, learning_rate = 0.05
2025-06-28 09:31:54 [INFO] adaboost.adaboost:25 - model is <base_models.logistic_regression.LogisticRegressionModel object at 0x000002D569ABC310>
2025-06-28 09:31:54 [INFO] base_models.logistic_regression:57 - LogisticRegression final iteration 0, max_iter=1500, learning_rate = 0.05
2025-06-28 09:31:55 [INFO] base_models.logistic_regression:57 - LogisticRegression final iteration 1499, max_iter=1500, learning_rate = 0.05
2025-06-28 09:31:55 [INFO] adaboost.adaboost:25 - model is <base_models.logistic_regression.LogisticRegressionModel object at 0x000002D569ABC370>
2025-06-28 09:31:55 [INFO] base_models.logistic_regression:57 - LogisticRegression final iteration 0, max_iter=1500, learning_rate = 0.05
2025-06-28 09:31:57 [INFO] base_models.logistic_regression:57 - LogisticRegression final iteration 1499, max_iter=1500, learning_rate = 0.05
2025-06-28 09:31:57 [INFO] adaboost.adaboost:25 - model is <base_models.logistic_regression.LogisticRegressionModel object at 0x000002D569ABC3D0>
2025-06-28 09:31:57 [INFO] base_models.logistic_regression:57 - LogisticRegression final iteration 0, max_iter=1500, learning_rate = 0.05
2025-06-28 09:31:59 [INFO] base_models.logistic_regression:57 - LogisticRegression final iteration 1499, max_iter=1500, learning_rate = 0.05
2025-06-28 09:31:59 [INFO] adaboost.adaboost:25 - model is <base_models.logistic_regression.LogisticRegressionModel object at 0x000002D569ABC430>
2025-06-28 09:31:59 [INFO] base_models.logistic_regression:57 - LogisticRegression final iteration 0, max_iter=1500, learning_rate = 0.05
2025-06-28 09:32:01 [INFO] base_models.logistic_regression:57 - LogisticRegression final iteration 1499, max_iter=1500, learning_rate = 0.05
2025-06-28 09:32:01 [INFO] adaboost.adaboost:25 - model is <base_models.logistic_regression.LogisticRegressionModel object at 0x000002D569ABC490>
2025-06-28 09:32:01 [INFO] base_models.logistic_regression:57 - LogisticRegression final iteration 0, max_iter=1500, learning_rate = 0.05
2025-06-28 09:32:02 [INFO] base_models.logistic_regression:57 - LogisticRegression final iteration 1499, max_iter=1500, learning_rate = 0.05
2025-06-28 09:32:02 [INFO] adaboost.adaboost:25 - model is <base_models.logistic_regression.LogisticRegressionModel object at 0x000002D569ABC4F0>
2025-06-28 09:32:02 [INFO] base_models.logistic_regression:57 - LogisticRegression final iteration 0, max_iter=1500, learning_rate = 0.05
2025-06-28 09:32:03 [INFO] base_models.logistic_regression:57 - LogisticRegression final iteration 1499, max_iter=1500, learning_rate = 0.05
2025-06-28 09:32:03 [INFO] adaboost.adaboost:25 - model is <base_models.logistic_regression.LogisticRegressionModel object at 0x000002D569ABC550>
2025-06-28 09:32:03 [INFO] base_models.logistic_regression:57 - LogisticRegression final iteration 0, max_iter=1500, learning_rate = 0.05
2025-06-28 09:32:05 [INFO] base_models.logistic_regression:57 - LogisticRegression final iteration 1499, max_iter=1500, learning_rate = 0.05
2025-06-28 09:32:05 [INFO] adaboost.adaboost:25 - model is <base_models.logistic_regression.LogisticRegressionModel object at 0x000002D569ABC5B0>
2025-06-28 09:32:05 [INFO] base_models.logistic_regression:57 - LogisticRegression final iteration 0, max_iter=1500, learning_rate = 0.05
2025-06-28 09:32:07 [INFO] base_models.logistic_regression:57 - LogisticRegression final iteration 1499, max_iter=1500, learning_rate = 0.05
2025-06-28 09:32:07 [INFO] adaboost.adaboost:25 - model is <base_models.logistic_regression.LogisticRegressionModel object at 0x000002D569ABC610>
2025-06-28 09:32:07 [INFO] base_models.logistic_regression:57 - LogisticRegression final iteration 0, max_iter=1500, learning_rate = 0.05
2025-06-28 09:32:08 [INFO] base_models.logistic_regression:57 - LogisticRegression final iteration 1499, max_iter=1500, learning_rate = 0.05
2025-06-28 09:32:08 [INFO] adaboost.adaboost:25 - model is <base_models.logistic_regression.LogisticRegressionModel object at 0x000002D569ABC670>
2025-06-28 09:32:08 [INFO] base_models.logistic_regression:57 - LogisticRegression final iteration 0, max_iter=1500, learning_rate = 0.05
2025-06-28 09:32:11 [INFO] base_models.logistic_regression:57 - LogisticRegression final iteration 1499, max_iter=1500, learning_rate = 0.05
2025-06-28 09:32:11 [INFO] adaboost.adaboost:25 - model is <base_models.logistic_regression.LogisticRegressionModel object at 0x000002D569ABC6D0>
2025-06-28 09:32:11 [INFO] base_models.logistic_regression:57 - LogisticRegression final iteration 0, max_iter=1500, learning_rate = 0.05
2025-06-28 09:32:13 [INFO] base_models.logistic_regression:57 - LogisticRegression final iteration 1499, max_iter=1500, learning_rate = 0.05
2025-06-28 09:32:13 [INFO] adaboost.adaboost:25 - model is <base_models.logistic_regression.LogisticRegressionModel object at 0x000002D569ABC730>
2025-06-28 09:32:13 [INFO] base_models.logistic_regression:57 - LogisticRegression final iteration 0, max_iter=1500, learning_rate = 0.05
2025-06-28 09:32:15 [INFO] base_models.logistic_regression:57 - LogisticRegression final iteration 1499, max_iter=1500, learning_rate = 0.05
2025-06-28 09:32:15 [INFO] adaboost.adaboost:25 - model is <base_models.logistic_regression.LogisticRegressionModel object at 0x000002D569ABC790>
2025-06-28 09:32:15 [INFO] base_models.logistic_regression:57 - LogisticRegression final iteration 0, max_iter=1500, learning_rate = 0.05
2025-06-28 09:32:17 [INFO] base_models.logistic_regression:57 - LogisticRegression final iteration 1499, max_iter=1500, learning_rate = 0.05
2025-06-28 09:32:17 [INFO] adaboost.adaboost:25 - model is <base_models.logistic_regression.LogisticRegressionModel object at 0x000002D569ABC7F0>
2025-06-28 09:32:17 [INFO] base_models.logistic_regression:57 - LogisticRegression final iteration 0, max_iter=1500, learning_rate = 0.05
2025-06-28 09:32:20 [INFO] base_models.logistic_regression:57 - LogisticRegression final iteration 1499, max_iter=1500, learning_rate = 0.05
2025-06-28 09:32:20 [INFO] adaboost.adaboost:25 - model is <base_models.logistic_regression.LogisticRegressionModel object at 0x000002D569ABC850>
2025-06-28 09:32:20 [INFO] base_models.logistic_regression:57 - LogisticRegression final iteration 0, max_iter=1500, learning_rate = 0.05
2025-06-28 09:32:22 [INFO] base_models.logistic_regression:57 - LogisticRegression final iteration 1499, max_iter=1500, learning_rate = 0.05
2025-06-28 09:32:22 [INFO] adaboost.adaboost:25 - model is <base_models.logistic_regression.LogisticRegressionModel object at 0x000002D569ABC8B0>
2025-06-28 09:32:22 [INFO] base_models.logistic_regression:57 - LogisticRegression final iteration 0, max_iter=1500, learning_rate = 0.05
2025-06-28 09:32:24 [INFO] base_models.logistic_regression:57 - LogisticRegression final iteration 1499, max_iter=1500, learning_rate = 0.05
2025-06-28 09:32:24 [INFO] adaboost.adaboost:25 - model is <base_models.logistic_regression.LogisticRegressionModel object at 0x000002D569ABC910>
2025-06-28 09:32:24 [INFO] base_models.logistic_regression:57 - LogisticRegression final iteration 0, max_iter=1500, learning_rate = 0.05
2025-06-28 09:32:25 [INFO] base_models.logistic_regression:57 - LogisticRegression final iteration 1499, max_iter=1500, learning_rate = 0.05
2025-06-28 09:32:25 [INFO] adaboost.adaboost:25 - model is <base_models.logistic_regression.LogisticRegressionModel object at 0x000002D569ABC970>
2025-06-28 09:32:25 [INFO] base_models.logistic_regression:57 - LogisticRegression final iteration 0, max_iter=1500, learning_rate = 0.05
2025-06-28 09:32:26 [INFO] base_models.logistic_regression:57 - LogisticRegression final iteration 1499, max_iter=1500, learning_rate = 0.05
2025-06-28 09:32:26 [INFO] adaboost.adaboost:25 - model is <base_models.logistic_regression.LogisticRegressionModel object at 0x000002D569ABC9D0>
2025-06-28 09:32:26 [INFO] base_models.logistic_regression:57 - LogisticRegression final iteration 0, max_iter=1500, learning_rate = 0.05
2025-06-28 09:32:28 [INFO] base_models.logistic_regression:57 - LogisticRegression final iteration 1499, max_iter=1500, learning_rate = 0.05
2025-06-28 09:32:28 [INFO] adaboost.adaboost:25 - model is <base_models.logistic_regression.LogisticRegressionModel object at 0x000002D569ABCA30>
2025-06-28 09:32:28 [INFO] base_models.logistic_regression:57 - LogisticRegression final iteration 0, max_iter=1500, learning_rate = 0.05
2025-06-28 09:32:30 [INFO] base_models.logistic_regression:57 - LogisticRegression final iteration 1499, max_iter=1500, learning_rate = 0.05
2025-06-28 09:32:30 [INFO] adaboost.adaboost:25 - model is <base_models.logistic_regression.LogisticRegressionModel object at 0x000002D569ABCA90>
2025-06-28 09:32:30 [INFO] base_models.logistic_regression:57 - LogisticRegression final iteration 0, max_iter=1500, learning_rate = 0.05
2025-06-28 09:32:32 [INFO] base_models.logistic_regression:57 - LogisticRegression final iteration 1499, max_iter=1500, learning_rate = 0.05
2025-06-28 09:32:32 [INFO] adaboost.adaboost:25 - model is <base_models.logistic_regression.LogisticRegressionModel object at 0x000002D569ABCAF0>
2025-06-28 09:32:32 [INFO] base_models.logistic_regression:57 - LogisticRegression final iteration 0, max_iter=1500, learning_rate = 0.05
2025-06-28 09:32:33 [INFO] base_models.logistic_regression:57 - LogisticRegression final iteration 1499, max_iter=1500, learning_rate = 0.05
2025-06-28 09:32:33 [INFO] adaboost.adaboost:25 - model is <base_models.logistic_regression.LogisticRegressionModel object at 0x000002D569ABCB50>
2025-06-28 09:32:33 [INFO] base_models.logistic_regression:57 - LogisticRegression final iteration 0, max_iter=1500, learning_rate = 0.05
2025-06-28 09:32:35 [INFO] base_models.logistic_regression:57 - LogisticRegression final iteration 1499, max_iter=1500, learning_rate = 0.05
2025-06-28 09:32:35 [INFO] adaboost.adaboost:25 - model is <base_models.logistic_regression.LogisticRegressionModel object at 0x000002D569ABCBB0>
2025-06-28 09:32:35 [INFO] base_models.logistic_regression:57 - LogisticRegression final iteration 0, max_iter=1500, learning_rate = 0.05
2025-06-28 09:32:37 [INFO] base_models.logistic_regression:57 - LogisticRegression final iteration 1499, max_iter=1500, learning_rate = 0.05
2025-06-28 09:32:37 [INFO] adaboost.adaboost:25 - model is <base_models.logistic_regression.LogisticRegressionModel object at 0x000002D569ABCC10>
2025-06-28 09:32:37 [INFO] base_models.logistic_regression:57 - LogisticRegression final iteration 0, max_iter=1500, learning_rate = 0.05
2025-06-28 09:32:39 [INFO] base_models.logistic_regression:57 - LogisticRegression final iteration 1499, max_iter=1500, learning_rate = 0.05
2025-06-28 09:32:39 [INFO] adaboost.adaboost:25 - model is <base_models.logistic_regression.LogisticRegressionModel object at 0x000002D569ABCC70>
2025-06-28 09:32:39 [INFO] base_models.logistic_regression:57 - LogisticRegression final iteration 0, max_iter=1500, learning_rate = 0.05
2025-06-28 09:32:41 [INFO] base_models.logistic_regression:57 - LogisticRegression final iteration 1499, max_iter=1500, learning_rate = 0.05
2025-06-28 09:32:41 [INFO] adaboost.adaboost:25 - model is <base_models.logistic_regression.LogisticRegressionModel object at 0x000002D569ABCCD0>
2025-06-28 09:32:41 [INFO] base_models.logistic_regression:57 - LogisticRegression final iteration 0, max_iter=1500, learning_rate = 0.05
2025-06-28 09:32:42 [INFO] base_models.logistic_regression:57 - LogisticRegression final iteration 1499, max_iter=1500, learning_rate = 0.05
2025-06-28 09:32:42 [INFO] adaboost.adaboost:25 - model is <base_models.logistic_regression.LogisticRegressionModel object at 0x000002D569ABCD30>
2025-06-28 09:32:42 [INFO] base_models.logistic_regression:57 - LogisticRegression final iteration 0, max_iter=1500, learning_rate = 0.05
2025-06-28 09:32:44 [INFO] base_models.logistic_regression:57 - LogisticRegression final iteration 1499, max_iter=1500, learning_rate = 0.05
2025-06-28 09:32:44 [INFO] adaboost.adaboost:25 - model is <base_models.logistic_regression.LogisticRegressionModel object at 0x000002D569ABCD90>
2025-06-28 09:32:44 [INFO] base_models.logistic_regression:57 - LogisticRegression final iteration 0, max_iter=1500, learning_rate = 0.05
2025-06-28 09:32:45 [INFO] base_models.logistic_regression:57 - LogisticRegression final iteration 1499, max_iter=1500, learning_rate = 0.05
2025-06-28 09:32:45 [INFO] adaboost.adaboost:25 - model is <base_models.logistic_regression.LogisticRegressionModel object at 0x000002D569ABCDF0>
2025-06-28 09:32:45 [INFO] base_models.logistic_regression:57 - LogisticRegression final iteration 0, max_iter=1500, learning_rate = 0.05
2025-06-28 09:32:48 [INFO] base_models.logistic_regression:57 - LogisticRegression final iteration 1499, max_iter=1500, learning_rate = 0.05
2025-06-28 09:32:48 [INFO] adaboost.adaboost:25 - model is <base_models.logistic_regression.LogisticRegressionModel object at 0x000002D569ABCE50>
2025-06-28 09:32:48 [INFO] base_models.logistic_regression:57 - LogisticRegression final iteration 0, max_iter=1500, learning_rate = 0.05
2025-06-28 09:32:50 [INFO] base_models.logistic_regression:57 - LogisticRegression final iteration 1499, max_iter=1500, learning_rate = 0.05
2025-06-28 09:32:50 [INFO] adaboost.adaboost:25 - model is <base_models.logistic_regression.LogisticRegressionModel object at 0x000002D569ABCEB0>
2025-06-28 09:32:50 [INFO] base_models.logistic_regression:57 - LogisticRegression final iteration 0, max_iter=1500, learning_rate = 0.05
2025-06-28 09:32:52 [INFO] base_models.logistic_regression:57 - LogisticRegression final iteration 1499, max_iter=1500, learning_rate = 0.05
2025-06-28 09:32:52 [INFO] adaboost.adaboost:25 - model is <base_models.logistic_regression.LogisticRegressionModel object at 0x000002D569ABC040>
2025-06-28 09:32:52 [INFO] base_models.logistic_regression:57 - LogisticRegression final iteration 0, max_iter=1500, learning_rate = 0.05
2025-06-28 09:32:54 [INFO] base_models.logistic_regression:57 - LogisticRegression final iteration 1499, max_iter=1500, learning_rate = 0.05
2025-06-28 09:32:54 [INFO] adaboost.adaboost:25 - model is <base_models.logistic_regression.LogisticRegressionModel object at 0x000002D569ABC1C0>
2025-06-28 09:32:54 [INFO] base_models.logistic_regression:57 - LogisticRegression final iteration 0, max_iter=1500, learning_rate = 0.05
2025-06-28 09:32:56 [INFO] base_models.logistic_regression:57 - LogisticRegression final iteration 1499, max_iter=1500, learning_rate = 0.05
2025-06-28 09:32:56 [INFO] adaboost.adaboost:25 - model is <base_models.logistic_regression.LogisticRegressionModel object at 0x000002D569ABC220>
2025-06-28 09:32:56 [INFO] base_models.logistic_regression:57 - LogisticRegression final iteration 0, max_iter=1500, learning_rate = 0.05
2025-06-28 09:32:58 [INFO] base_models.logistic_regression:57 - LogisticRegression final iteration 1499, max_iter=1500, learning_rate = 0.05
2025-06-28 09:32:58 [INFO] adaboost.adaboost:25 - model is <base_models.logistic_regression.LogisticRegressionModel object at 0x000002D569ABC130>
2025-06-28 09:32:58 [INFO] base_models.logistic_regression:57 - LogisticRegression final iteration 0, max_iter=1500, learning_rate = 0.05
2025-06-28 09:33:00 [INFO] base_models.logistic_regression:57 - LogisticRegression final iteration 1499, max_iter=1500, learning_rate = 0.05
2025-06-28 09:33:00 [INFO] adaboost.adaboost:25 - model is <base_models.logistic_regression.LogisticRegressionModel object at 0x000002D569ABC190>
2025-06-28 09:33:00 [INFO] base_models.logistic_regression:57 - LogisticRegression final iteration 0, max_iter=1500, learning_rate = 0.05
2025-06-28 09:33:01 [INFO] base_models.logistic_regression:57 - LogisticRegression final iteration 1499, max_iter=1500, learning_rate = 0.05
2025-06-28 09:33:01 [INFO] adaboost.adaboost:25 - model is <base_models.logistic_regression.LogisticRegressionModel object at 0x000002D56B5612B0>
2025-06-28 09:33:01 [INFO] base_models.logistic_regression:57 - LogisticRegression final iteration 0, max_iter=1500, learning_rate = 0.05
2025-06-28 09:33:03 [INFO] base_models.logistic_regression:57 - LogisticRegression final iteration 1499, max_iter=1500, learning_rate = 0.05
2025-06-28 09:33:03 [INFO] adaboost.adaboost:25 - model is <base_models.logistic_regression.LogisticRegressionModel object at 0x000002D56B561130>
2025-06-28 09:33:03 [INFO] base_models.logistic_regression:57 - LogisticRegression final iteration 0, max_iter=1500, learning_rate = 0.05
2025-06-28 09:33:04 [INFO] base_models.logistic_regression:57 - LogisticRegression final iteration 1499, max_iter=1500, learning_rate = 0.05
2025-06-28 09:33:04 [INFO] adaboost.adaboost:25 - model is <base_models.logistic_regression.LogisticRegressionModel object at 0x000002D56B561310>
2025-06-28 09:33:04 [INFO] base_models.logistic_regression:57 - LogisticRegression final iteration 0, max_iter=1500, learning_rate = 0.05
2025-06-28 09:33:05 [INFO] base_models.logistic_regression:57 - LogisticRegression final iteration 1499, max_iter=1500, learning_rate = 0.05
2025-06-28 09:33:05 [INFO] adaboost.adaboost:25 - model is <base_models.logistic_regression.LogisticRegressionModel object at 0x000002D56B561370>
2025-06-28 09:33:05 [INFO] base_models.logistic_regression:57 - LogisticRegression final iteration 0, max_iter=1500, learning_rate = 0.05
2025-06-28 09:33:06 [INFO] base_models.logistic_regression:57 - LogisticRegression final iteration 1499, max_iter=1500, learning_rate = 0.05
2025-06-28 09:33:06 [INFO] adaboost.adaboost:25 - model is <base_models.logistic_regression.LogisticRegressionModel object at 0x000002D56B5613D0>
2025-06-28 09:33:06 [INFO] base_models.logistic_regression:57 - LogisticRegression final iteration 0, max_iter=1500, learning_rate = 0.05
2025-06-28 09:33:07 [INFO] base_models.logistic_regression:57 - LogisticRegression final iteration 1499, max_iter=1500, learning_rate = 0.05
2025-06-28 09:33:07 [INFO] adaboost.adaboost:25 - model is <base_models.logistic_regression.LogisticRegressionModel object at 0x000002D56B561430>
2025-06-28 09:33:07 [INFO] base_models.logistic_regression:57 - LogisticRegression final iteration 0, max_iter=1500, learning_rate = 0.05
2025-06-28 09:33:09 [INFO] base_models.logistic_regression:57 - LogisticRegression final iteration 1499, max_iter=1500, learning_rate = 0.05
2025-06-28 09:33:09 [INFO] adaboost.adaboost:25 - model is <base_models.logistic_regression.LogisticRegressionModel object at 0x000002D56B561490>
2025-06-28 09:33:09 [INFO] base_models.logistic_regression:57 - LogisticRegression final iteration 0, max_iter=1500, learning_rate = 0.05
2025-06-28 09:33:10 [INFO] base_models.logistic_regression:57 - LogisticRegression final iteration 1499, max_iter=1500, learning_rate = 0.05
2025-06-28 09:33:10 [INFO] adaboost.adaboost:25 - model is <base_models.logistic_regression.LogisticRegressionModel object at 0x000002D56B5614F0>
2025-06-28 09:33:10 [INFO] base_models.logistic_regression:57 - LogisticRegression final iteration 0, max_iter=1500, learning_rate = 0.05
2025-06-28 09:33:11 [INFO] base_models.logistic_regression:57 - LogisticRegression final iteration 1499, max_iter=1500, learning_rate = 0.05
2025-06-28 09:33:11 [INFO] adaboost.adaboost:25 - model is <base_models.logistic_regression.LogisticRegressionModel object at 0x000002D56B561550>
2025-06-28 09:33:11 [INFO] base_models.logistic_regression:57 - LogisticRegression final iteration 0, max_iter=1500, learning_rate = 0.05
2025-06-28 09:33:12 [INFO] base_models.logistic_regression:57 - LogisticRegression final iteration 1499, max_iter=1500, learning_rate = 0.05
2025-06-28 09:33:12 [INFO] adaboost.adaboost:25 - model is <base_models.logistic_regression.LogisticRegressionModel object at 0x000002D56B5615B0>
2025-06-28 09:33:12 [INFO] base_models.logistic_regression:57 - LogisticRegression final iteration 0, max_iter=1500, learning_rate = 0.05
2025-06-28 09:33:14 [INFO] base_models.logistic_regression:57 - LogisticRegression final iteration 1499, max_iter=1500, learning_rate = 0.05
2025-06-28 09:33:14 [INFO] adaboost.adaboost:25 - model is <base_models.logistic_regression.LogisticRegressionModel object at 0x000002D56B561610>
2025-06-28 09:33:14 [INFO] base_models.logistic_regression:57 - LogisticRegression final iteration 0, max_iter=1500, learning_rate = 0.05
2025-06-28 09:33:15 [INFO] base_models.logistic_regression:57 - LogisticRegression final iteration 1499, max_iter=1500, learning_rate = 0.05
2025-06-28 09:33:15 [INFO] adaboost.adaboost:25 - model is <base_models.logistic_regression.LogisticRegressionModel object at 0x000002D56B561670>
2025-06-28 09:33:15 [INFO] base_models.logistic_regression:57 - LogisticRegression final iteration 0, max_iter=1500, learning_rate = 0.05
2025-06-28 09:33:16 [INFO] base_models.logistic_regression:57 - LogisticRegression final iteration 1499, max_iter=1500, learning_rate = 0.05
2025-06-28 09:33:16 [INFO] adaboost.adaboost:25 - model is <base_models.logistic_regression.LogisticRegressionModel object at 0x000002D56B5616D0>
2025-06-28 09:33:16 [INFO] base_models.logistic_regression:57 - LogisticRegression final iteration 0, max_iter=1500, learning_rate = 0.05
2025-06-28 09:33:17 [INFO] base_models.logistic_regression:57 - LogisticRegression final iteration 1499, max_iter=1500, learning_rate = 0.05
2025-06-28 09:33:17 [INFO] adaboost.adaboost:25 - model is <base_models.logistic_regression.LogisticRegressionModel object at 0x000002D56B561730>
2025-06-28 09:33:17 [INFO] base_models.logistic_regression:57 - LogisticRegression final iteration 0, max_iter=1500, learning_rate = 0.05
2025-06-28 09:33:18 [INFO] base_models.logistic_regression:57 - LogisticRegression final iteration 1499, max_iter=1500, learning_rate = 0.05
2025-06-28 09:33:18 [INFO] adaboost.adaboost:25 - model is <base_models.logistic_regression.LogisticRegressionModel object at 0x000002D56B561790>
2025-06-28 09:33:18 [INFO] base_models.logistic_regression:57 - LogisticRegression final iteration 0, max_iter=1500, learning_rate = 0.05
2025-06-28 09:33:20 [INFO] base_models.logistic_regression:57 - LogisticRegression final iteration 1499, max_iter=1500, learning_rate = 0.05
2025-06-28 09:33:20 [INFO] adaboost.adaboost:25 - model is <base_models.logistic_regression.LogisticRegressionModel object at 0x000002D56B5617F0>
2025-06-28 09:33:20 [INFO] base_models.logistic_regression:57 - LogisticRegression final iteration 0, max_iter=1500, learning_rate = 0.05
2025-06-28 09:33:21 [INFO] base_models.logistic_regression:57 - LogisticRegression final iteration 1499, max_iter=1500, learning_rate = 0.05
2025-06-28 09:33:21 [INFO] adaboost.adaboost:25 - model is <base_models.logistic_regression.LogisticRegressionModel object at 0x000002D56B561850>
2025-06-28 09:33:21 [INFO] base_models.logistic_regression:57 - LogisticRegression final iteration 0, max_iter=1500, learning_rate = 0.05
2025-06-28 09:33:22 [INFO] base_models.logistic_regression:57 - LogisticRegression final iteration 1499, max_iter=1500, learning_rate = 0.05
2025-06-28 09:33:22 [INFO] adaboost.adaboost:25 - model is <base_models.logistic_regression.LogisticRegressionModel object at 0x000002D56B5618E0>
2025-06-28 09:33:22 [INFO] base_models.logistic_regression:57 - LogisticRegression final iteration 0, max_iter=1500, learning_rate = 0.05
2025-06-28 09:33:23 [INFO] base_models.logistic_regression:57 - LogisticRegression final iteration 1499, max_iter=1500, learning_rate = 0.05
2025-06-28 09:33:23 [INFO] adaboost.adaboost:25 - model is <base_models.logistic_regression.LogisticRegressionModel object at 0x000002D56B561940>
2025-06-28 09:33:23 [INFO] base_models.logistic_regression:57 - LogisticRegression final iteration 0, max_iter=1500, learning_rate = 0.05
2025-06-28 09:33:25 [INFO] base_models.logistic_regression:57 - LogisticRegression final iteration 1499, max_iter=1500, learning_rate = 0.05
2025-06-28 09:33:25 [INFO] adaboost.adaboost:25 - model is <base_models.logistic_regression.LogisticRegressionModel object at 0x000002D56B5619A0>
2025-06-28 09:33:25 [INFO] base_models.logistic_regression:57 - LogisticRegression final iteration 0, max_iter=1500, learning_rate = 0.05
2025-06-28 09:33:26 [INFO] base_models.logistic_regression:57 - LogisticRegression final iteration 1499, max_iter=1500, learning_rate = 0.05
2025-06-28 09:33:26 [INFO] adaboost.adaboost:25 - model is <base_models.logistic_regression.LogisticRegressionModel object at 0x000002D56B561A30>
2025-06-28 09:33:26 [INFO] base_models.logistic_regression:57 - LogisticRegression final iteration 0, max_iter=1500, learning_rate = 0.05
2025-06-28 09:33:27 [INFO] base_models.logistic_regression:57 - LogisticRegression final iteration 1499, max_iter=1500, learning_rate = 0.05
2025-06-28 09:33:27 [INFO] adaboost.adaboost:25 - model is <base_models.logistic_regression.LogisticRegressionModel object at 0x000002D56B561B20>
2025-06-28 09:33:27 [INFO] base_models.logistic_regression:57 - LogisticRegression final iteration 0, max_iter=1500, learning_rate = 0.05
2025-06-28 09:33:28 [INFO] base_models.logistic_regression:57 - LogisticRegression final iteration 1499, max_iter=1500, learning_rate = 0.05
2025-06-28 09:33:28 [INFO] adaboost.adaboost:25 - model is <base_models.logistic_regression.LogisticRegressionModel object at 0x000002D56B561B80>
2025-06-28 09:33:28 [INFO] base_models.logistic_regression:57 - LogisticRegression final iteration 0, max_iter=1500, learning_rate = 0.05
2025-06-28 09:33:29 [INFO] base_models.logistic_regression:57 - LogisticRegression final iteration 1499, max_iter=1500, learning_rate = 0.05
2025-06-28 09:33:29 [INFO] adaboost.adaboost:25 - model is <base_models.logistic_regression.LogisticRegressionModel object at 0x000002D56B561BE0>
2025-06-28 09:33:29 [INFO] base_models.logistic_regression:57 - LogisticRegression final iteration 0, max_iter=1500, learning_rate = 0.05
2025-06-28 09:33:31 [INFO] base_models.logistic_regression:57 - LogisticRegression final iteration 1499, max_iter=1500, learning_rate = 0.05
2025-06-28 09:33:31 [INFO] adaboost.adaboost:25 - model is <base_models.logistic_regression.LogisticRegressionModel object at 0x000002D56B561C40>
2025-06-28 09:33:31 [INFO] base_models.logistic_regression:57 - LogisticRegression final iteration 0, max_iter=1500, learning_rate = 0.05
2025-06-28 09:33:32 [INFO] base_models.logistic_regression:57 - LogisticRegression final iteration 1499, max_iter=1500, learning_rate = 0.05
2025-06-28 09:33:32 [INFO] adaboost.adaboost:25 - model is <base_models.logistic_regression.LogisticRegressionModel object at 0x000002D56B561CA0>
2025-06-28 09:33:32 [INFO] base_models.logistic_regression:57 - LogisticRegression final iteration 0, max_iter=1500, learning_rate = 0.05
2025-06-28 09:33:33 [INFO] base_models.logistic_regression:57 - LogisticRegression final iteration 1499, max_iter=1500, learning_rate = 0.05
2025-06-28 09:33:33 [INFO] adaboost.adaboost:25 - model is <base_models.logistic_regression.LogisticRegressionModel object at 0x000002D56B561D00>
2025-06-28 09:33:33 [INFO] base_models.logistic_regression:57 - LogisticRegression final iteration 0, max_iter=1500, learning_rate = 0.05
2025-06-28 09:33:35 [INFO] base_models.logistic_regression:57 - LogisticRegression final iteration 1499, max_iter=1500, learning_rate = 0.05
2025-06-28 09:33:35 [INFO] adaboost.adaboost:25 - model is <base_models.logistic_regression.LogisticRegressionModel object at 0x000002D56B561D60>
2025-06-28 09:33:35 [INFO] base_models.logistic_regression:57 - LogisticRegression final iteration 0, max_iter=1500, learning_rate = 0.05
2025-06-28 09:33:36 [INFO] base_models.logistic_regression:57 - LogisticRegression final iteration 1499, max_iter=1500, learning_rate = 0.05
2025-06-28 09:33:36 [INFO] adaboost.adaboost:25 - model is <base_models.logistic_regression.LogisticRegressionModel object at 0x000002D56B561DC0>
2025-06-28 09:33:36 [INFO] base_models.logistic_regression:57 - LogisticRegression final iteration 0, max_iter=1500, learning_rate = 0.05
2025-06-28 09:33:37 [INFO] base_models.logistic_regression:57 - LogisticRegression final iteration 1499, max_iter=1500, learning_rate = 0.05
2025-06-28 09:33:37 [INFO] adaboost.adaboost:25 - model is <base_models.logistic_regression.LogisticRegressionModel object at 0x000002D56B561E20>
2025-06-28 09:33:37 [INFO] base_models.logistic_regression:57 - LogisticRegression final iteration 0, max_iter=1500, learning_rate = 0.05
2025-06-28 09:33:38 [INFO] base_models.logistic_regression:57 - LogisticRegression final iteration 1499, max_iter=1500, learning_rate = 0.05
2025-06-28 09:33:38 [INFO] adaboost.adaboost:25 - model is <base_models.logistic_regression.LogisticRegressionModel object at 0x000002D56B561E80>
2025-06-28 09:33:38 [INFO] base_models.logistic_regression:57 - LogisticRegression final iteration 0, max_iter=1500, learning_rate = 0.05
2025-06-28 09:33:40 [INFO] base_models.logistic_regression:57 - LogisticRegression final iteration 1499, max_iter=1500, learning_rate = 0.05
2025-06-28 09:33:40 [INFO] adaboost.adaboost:25 - model is <base_models.logistic_regression.LogisticRegressionModel object at 0x000002D56B561EE0>
2025-06-28 09:33:40 [INFO] base_models.logistic_regression:57 - LogisticRegression final iteration 0, max_iter=1500, learning_rate = 0.05
2025-06-28 09:33:42 [INFO] base_models.logistic_regression:57 - LogisticRegression final iteration 1499, max_iter=1500, learning_rate = 0.05
2025-06-28 09:33:42 [INFO] adaboost.adaboost:25 - model is <base_models.logistic_regression.LogisticRegressionModel object at 0x000002D56B561F40>
2025-06-28 09:33:42 [INFO] base_models.logistic_regression:57 - LogisticRegression final iteration 0, max_iter=1500, learning_rate = 0.05
2025-06-28 09:33:43 [INFO] base_models.logistic_regression:57 - LogisticRegression final iteration 1499, max_iter=1500, learning_rate = 0.05
2025-06-28 09:33:43 [INFO] adaboost.adaboost:25 - model is <base_models.logistic_regression.LogisticRegressionModel object at 0x000002D56B561FA0>
2025-06-28 09:33:43 [INFO] base_models.logistic_regression:57 - LogisticRegression final iteration 0, max_iter=1500, learning_rate = 0.05
2025-06-28 09:33:45 [INFO] base_models.logistic_regression:57 - LogisticRegression final iteration 1499, max_iter=1500, learning_rate = 0.05
2025-06-28 09:33:45 [INFO] adaboost.adaboost:25 - model is <base_models.logistic_regression.LogisticRegressionModel object at 0x000002D56B5610A0>
2025-06-28 09:33:45 [INFO] base_models.logistic_regression:57 - LogisticRegression final iteration 0, max_iter=1500, learning_rate = 0.05
2025-06-28 09:33:47 [INFO] base_models.logistic_regression:57 - LogisticRegression final iteration 1499, max_iter=1500, learning_rate = 0.05
2025-06-28 09:33:47 [INFO] adaboost.adaboost:25 - model is <base_models.logistic_regression.LogisticRegressionModel object at 0x000002D56B561040>
2025-06-28 09:33:47 [INFO] base_models.logistic_regression:57 - LogisticRegression final iteration 0, max_iter=1500, learning_rate = 0.05
2025-06-28 09:33:49 [INFO] base_models.logistic_regression:57 - LogisticRegression final iteration 1499, max_iter=1500, learning_rate = 0.05
2025-06-28 09:33:49 [INFO] adaboost.adaboost:25 - model is <base_models.logistic_regression.LogisticRegressionModel object at 0x000002D56B5611F0>
2025-06-28 09:33:49 [INFO] base_models.logistic_regression:57 - LogisticRegression final iteration 0, max_iter=1500, learning_rate = 0.05
2025-06-28 09:33:51 [INFO] base_models.logistic_regression:57 - LogisticRegression final iteration 1499, max_iter=1500, learning_rate = 0.05
2025-06-28 09:33:51 [INFO] adaboost.adaboost:25 - model is <base_models.logistic_regression.LogisticRegressionModel object at 0x000002D56B561160>
2025-06-28 09:33:51 [INFO] base_models.logistic_regression:57 - LogisticRegression final iteration 0, max_iter=1500, learning_rate = 0.05
2025-06-28 09:33:53 [INFO] base_models.logistic_regression:57 - LogisticRegression final iteration 1499, max_iter=1500, learning_rate = 0.05
2025-06-28 09:33:53 [INFO] adaboost.adaboost:25 - model is <base_models.logistic_regression.LogisticRegressionModel object at 0x000002D56B5611C0>
2025-06-28 09:33:53 [INFO] base_models.logistic_regression:57 - LogisticRegression final iteration 0, max_iter=1500, learning_rate = 0.05
2025-06-28 09:33:55 [INFO] base_models.logistic_regression:57 - LogisticRegression final iteration 1499, max_iter=1500, learning_rate = 0.05
2025-06-28 09:33:55 [INFO] adaboost.adaboost:25 - model is <base_models.logistic_regression.LogisticRegressionModel object at 0x000002D56B561280>
2025-06-28 09:33:55 [INFO] base_models.logistic_regression:57 - LogisticRegression final iteration 0, max_iter=1500, learning_rate = 0.05
2025-06-28 09:33:56 [INFO] base_models.logistic_regression:57 - LogisticRegression final iteration 1499, max_iter=1500, learning_rate = 0.05
2025-06-28 09:33:56 [INFO] adaboost.adaboost:25 - model is <base_models.logistic_regression.LogisticRegressionModel object at 0x000002D5413E4C70>
2025-06-28 09:33:56 [INFO] base_models.logistic_regression:57 - LogisticRegression final iteration 0, max_iter=1500, learning_rate = 0.05
2025-06-28 09:33:58 [INFO] base_models.logistic_regression:57 - LogisticRegression final iteration 1499, max_iter=1500, learning_rate = 0.05
2025-06-28 09:33:58 [INFO] adaboost.adaboost:25 - model is <base_models.logistic_regression.LogisticRegressionModel object at 0x000002D569A16FD0>
2025-06-28 09:33:58 [INFO] base_models.logistic_regression:57 - LogisticRegression final iteration 0, max_iter=1500, learning_rate = 0.05
2025-06-28 09:33:59 [INFO] base_models.logistic_regression:57 - LogisticRegression final iteration 1499, max_iter=1500, learning_rate = 0.05
2025-06-28 09:33:59 [INFO] adaboost.adaboost:25 - model is <base_models.logistic_regression.LogisticRegressionModel object at 0x000002D569A07D60>
2025-06-28 09:33:59 [INFO] base_models.logistic_regression:57 - LogisticRegression final iteration 0, max_iter=1500, learning_rate = 0.05
2025-06-28 09:34:01 [INFO] base_models.logistic_regression:57 - LogisticRegression final iteration 1499, max_iter=1500, learning_rate = 0.05
2025-06-28 09:34:01 [INFO] adaboost.adaboost:25 - model is <base_models.logistic_regression.LogisticRegressionModel object at 0x000002D5699FCF70>
2025-06-28 09:34:01 [INFO] base_models.logistic_regression:57 - LogisticRegression final iteration 0, max_iter=1500, learning_rate = 0.05
2025-06-28 09:34:02 [INFO] base_models.logistic_regression:57 - LogisticRegression final iteration 1499, max_iter=1500, learning_rate = 0.05
2025-06-28 09:34:02 [INFO] adaboost.adaboost:25 - model is <base_models.logistic_regression.LogisticRegressionModel object at 0x000002D569A459A0>
2025-06-28 09:34:02 [INFO] base_models.logistic_regression:57 - LogisticRegression final iteration 0, max_iter=1500, learning_rate = 0.05
2025-06-28 09:34:04 [INFO] base_models.logistic_regression:57 - LogisticRegression final iteration 1499, max_iter=1500, learning_rate = 0.05
2025-06-28 09:34:04 [INFO] adaboost.adaboost:25 - model is <base_models.logistic_regression.LogisticRegressionModel object at 0x000002D569A45DC0>
2025-06-28 09:34:04 [INFO] base_models.logistic_regression:57 - LogisticRegression final iteration 0, max_iter=1500, learning_rate = 0.05
2025-06-28 09:34:06 [INFO] base_models.logistic_regression:57 - LogisticRegression final iteration 1499, max_iter=1500, learning_rate = 0.05
2025-06-28 09:34:06 [INFO] adaboost.adaboost:25 - model is <base_models.logistic_regression.LogisticRegressionModel object at 0x000002D569A45F70>
2025-06-28 09:34:06 [INFO] base_models.logistic_regression:57 - LogisticRegression final iteration 0, max_iter=1500, learning_rate = 0.05
2025-06-28 09:34:08 [INFO] base_models.logistic_regression:57 - LogisticRegression final iteration 1499, max_iter=1500, learning_rate = 0.05
2025-06-28 09:34:08 [INFO] adaboost.adaboost:25 - model is <base_models.logistic_regression.LogisticRegressionModel object at 0x000002D569A45EE0>
2025-06-28 09:34:08 [INFO] base_models.logistic_regression:57 - LogisticRegression final iteration 0, max_iter=1500, learning_rate = 0.05
2025-06-28 09:34:10 [INFO] base_models.logistic_regression:57 - LogisticRegression final iteration 1499, max_iter=1500, learning_rate = 0.05
2025-06-28 09:34:10 [INFO] adaboost.adaboost:25 - model is <base_models.logistic_regression.LogisticRegressionModel object at 0x000002D569A45FA0>
2025-06-28 09:34:10 [INFO] base_models.logistic_regression:57 - LogisticRegression final iteration 0, max_iter=1500, learning_rate = 0.05
2025-06-28 09:34:12 [INFO] base_models.logistic_regression:57 - LogisticRegression final iteration 1499, max_iter=1500, learning_rate = 0.05
2025-06-28 09:34:12 [INFO] adaboost.adaboost:25 - model is <base_models.logistic_regression.LogisticRegressionModel object at 0x000002D569A45E20>
2025-06-28 09:34:12 [INFO] base_models.logistic_regression:57 - LogisticRegression final iteration 0, max_iter=1500, learning_rate = 0.05
2025-06-28 09:34:13 [INFO] base_models.logistic_regression:57 - LogisticRegression final iteration 1499, max_iter=1500, learning_rate = 0.05
2025-06-28 09:34:13 [INFO] adaboost.adaboost:25 - model is <base_models.logistic_regression.LogisticRegressionModel object at 0x000002D56AA90D00>
2025-06-28 09:34:13 [INFO] base_models.logistic_regression:57 - LogisticRegression final iteration 0, max_iter=1500, learning_rate = 0.05
2025-06-28 09:34:15 [INFO] base_models.logistic_regression:57 - LogisticRegression final iteration 1499, max_iter=1500, learning_rate = 0.05
2025-06-28 09:34:15 [INFO] adaboost.adaboost:25 - model is <base_models.logistic_regression.LogisticRegressionModel object at 0x000002D56AA90E20>
2025-06-28 09:34:15 [INFO] base_models.logistic_regression:57 - LogisticRegression final iteration 0, max_iter=1500, learning_rate = 0.05
2025-06-28 09:34:17 [INFO] base_models.logistic_regression:57 - LogisticRegression final iteration 1499, max_iter=1500, learning_rate = 0.05
2025-06-28 09:34:17 [INFO] adaboost.adaboost:25 - model is <base_models.logistic_regression.LogisticRegressionModel object at 0x000002D56AA90EE0>
2025-06-28 09:34:17 [INFO] base_models.logistic_regression:57 - LogisticRegression final iteration 0, max_iter=1500, learning_rate = 0.05
2025-06-28 09:34:18 [INFO] base_models.logistic_regression:57 - LogisticRegression final iteration 1499, max_iter=1500, learning_rate = 0.05
2025-06-28 09:34:18 [INFO] adaboost.adaboost:25 - model is <base_models.logistic_regression.LogisticRegressionModel object at 0x000002D56AA90F40>
2025-06-28 09:34:18 [INFO] base_models.logistic_regression:57 - LogisticRegression final iteration 0, max_iter=1500, learning_rate = 0.05
2025-06-28 09:34:20 [INFO] base_models.logistic_regression:57 - LogisticRegression final iteration 1499, max_iter=1500, learning_rate = 0.05
2025-06-28 09:34:20 [INFO] adaboost.adaboost:25 - model is <base_models.logistic_regression.LogisticRegressionModel object at 0x000002D56AA90FA0>
2025-06-28 09:34:20 [INFO] base_models.logistic_regression:57 - LogisticRegression final iteration 0, max_iter=1500, learning_rate = 0.05
2025-06-28 09:34:21 [INFO] base_models.logistic_regression:57 - LogisticRegression final iteration 1499, max_iter=1500, learning_rate = 0.05
2025-06-28 09:34:21 [INFO] adaboost.adaboost:25 - model is <base_models.logistic_regression.LogisticRegressionModel object at 0x000002D56AA90CA0>
2025-06-28 09:34:21 [INFO] base_models.logistic_regression:57 - LogisticRegression final iteration 0, max_iter=1500, learning_rate = 0.05
2025-06-28 09:34:23 [INFO] base_models.logistic_regression:57 - LogisticRegression final iteration 1499, max_iter=1500, learning_rate = 0.05
2025-06-28 09:34:23 [INFO] adaboost.adaboost:25 - model is <base_models.logistic_regression.LogisticRegressionModel object at 0x000002D56AA90BB0>
2025-06-28 09:34:23 [INFO] base_models.logistic_regression:57 - LogisticRegression final iteration 0, max_iter=1500, learning_rate = 0.05
2025-06-28 09:34:25 [INFO] base_models.logistic_regression:57 - LogisticRegression final iteration 1499, max_iter=1500, learning_rate = 0.05
2025-06-28 09:34:25 [INFO] adaboost.adaboost:25 - model is <base_models.logistic_regression.LogisticRegressionModel object at 0x000002D56AA90E80>
2025-06-28 09:34:25 [INFO] base_models.logistic_regression:57 - LogisticRegression final iteration 0, max_iter=1500, learning_rate = 0.05
2025-06-28 09:34:27 [INFO] base_models.logistic_regression:57 - LogisticRegression final iteration 1499, max_iter=1500, learning_rate = 0.05
2025-06-28 09:34:27 [INFO] adaboost.adaboost:25 - model is <base_models.logistic_regression.LogisticRegressionModel object at 0x000002D56AA90D90>
2025-06-28 09:34:27 [INFO] base_models.logistic_regression:57 - LogisticRegression final iteration 0, max_iter=1500, learning_rate = 0.05
2025-06-28 09:34:28 [INFO] base_models.logistic_regression:57 - LogisticRegression final iteration 1499, max_iter=1500, learning_rate = 0.05
2025-06-28 09:34:28 [INFO] adaboost.adaboost:25 - model is <base_models.logistic_regression.LogisticRegressionModel object at 0x000002D56AA90C70>
2025-06-28 09:34:28 [INFO] base_models.logistic_regression:57 - LogisticRegression final iteration 0, max_iter=1500, learning_rate = 0.05
2025-06-28 09:34:29 [INFO] base_models.logistic_regression:57 - LogisticRegression final iteration 1499, max_iter=1500, learning_rate = 0.05
2025-06-28 09:34:29 [INFO] adaboost.adaboost:25 - model is <base_models.logistic_regression.LogisticRegressionModel object at 0x000002D56AA90D60>
2025-06-28 09:34:29 [INFO] base_models.logistic_regression:57 - LogisticRegression final iteration 0, max_iter=1500, learning_rate = 0.05
2025-06-28 09:34:30 [INFO] base_models.logistic_regression:57 - LogisticRegression final iteration 1499, max_iter=1500, learning_rate = 0.05
2025-06-28 09:34:30 [INFO] adaboost.adaboost:25 - model is <base_models.logistic_regression.LogisticRegressionModel object at 0x000002D569ABC0D0>
2025-06-28 09:34:30 [INFO] base_models.logistic_regression:57 - LogisticRegression final iteration 0, max_iter=1500, learning_rate = 0.05
2025-06-28 09:34:32 [INFO] base_models.logistic_regression:57 - LogisticRegression final iteration 1499, max_iter=1500, learning_rate = 0.05
2025-06-28 09:34:32 [INFO] adaboost.adaboost:25 - model is <base_models.logistic_regression.LogisticRegressionModel object at 0x000002D569ABC2B0>
2025-06-28 09:34:32 [INFO] base_models.logistic_regression:57 - LogisticRegression final iteration 0, max_iter=1500, learning_rate = 0.05
2025-06-28 09:34:34 [INFO] base_models.logistic_regression:57 - LogisticRegression final iteration 1499, max_iter=1500, learning_rate = 0.05
2025-06-28 09:34:34 [INFO] adaboost.adaboost:25 - model is <base_models.logistic_regression.LogisticRegressionModel object at 0x000002D569ABC310>
2025-06-28 09:34:34 [INFO] base_models.logistic_regression:57 - LogisticRegression final iteration 0, max_iter=1500, learning_rate = 0.05
2025-06-28 09:34:36 [INFO] base_models.logistic_regression:57 - LogisticRegression final iteration 1499, max_iter=1500, learning_rate = 0.05
2025-06-28 09:34:36 [INFO] adaboost.adaboost:25 - model is <base_models.logistic_regression.LogisticRegressionModel object at 0x000002D569ABC370>
2025-06-28 09:34:36 [INFO] base_models.logistic_regression:57 - LogisticRegression final iteration 0, max_iter=1500, learning_rate = 0.05
2025-06-28 09:34:38 [INFO] base_models.logistic_regression:57 - LogisticRegression final iteration 1499, max_iter=1500, learning_rate = 0.05
2025-06-28 09:34:38 [INFO] adaboost.adaboost:25 - model is <base_models.logistic_regression.LogisticRegressionModel object at 0x000002D569ABC3D0>
2025-06-28 09:34:38 [INFO] base_models.logistic_regression:57 - LogisticRegression final iteration 0, max_iter=1500, learning_rate = 0.05
2025-06-28 09:34:41 [INFO] base_models.logistic_regression:57 - LogisticRegression final iteration 1499, max_iter=1500, learning_rate = 0.05
2025-06-28 09:34:41 [INFO] adaboost.adaboost:25 - model is <base_models.logistic_regression.LogisticRegressionModel object at 0x000002D569ABC430>
2025-06-28 09:34:41 [INFO] base_models.logistic_regression:57 - LogisticRegression final iteration 0, max_iter=1500, learning_rate = 0.05
2025-06-28 09:34:43 [INFO] base_models.logistic_regression:57 - LogisticRegression final iteration 1499, max_iter=1500, learning_rate = 0.05
2025-06-28 09:34:43 [INFO] adaboost.adaboost:25 - model is <base_models.logistic_regression.LogisticRegressionModel object at 0x000002D569ABC490>
2025-06-28 09:34:43 [INFO] base_models.logistic_regression:57 - LogisticRegression final iteration 0, max_iter=1500, learning_rate = 0.05
2025-06-28 09:34:45 [INFO] base_models.logistic_regression:57 - LogisticRegression final iteration 1499, max_iter=1500, learning_rate = 0.05
2025-06-28 09:34:45 [INFO] adaboost.adaboost:25 - model is <base_models.logistic_regression.LogisticRegressionModel object at 0x000002D569ABC4F0>
2025-06-28 09:34:45 [INFO] base_models.logistic_regression:57 - LogisticRegression final iteration 0, max_iter=1500, learning_rate = 0.05
2025-06-28 09:34:46 [INFO] base_models.logistic_regression:57 - LogisticRegression final iteration 1499, max_iter=1500, learning_rate = 0.05
2025-06-28 09:34:46 [INFO] adaboost.adaboost:25 - model is <base_models.logistic_regression.LogisticRegressionModel object at 0x000002D569ABC550>
2025-06-28 09:34:46 [INFO] base_models.logistic_regression:57 - LogisticRegression final iteration 0, max_iter=1500, learning_rate = 0.05
2025-06-28 09:34:49 [INFO] base_models.logistic_regression:57 - LogisticRegression final iteration 1499, max_iter=1500, learning_rate = 0.05
2025-06-28 09:34:49 [INFO] adaboost.adaboost:25 - model is <base_models.logistic_regression.LogisticRegressionModel object at 0x000002D569ABC5B0>
2025-06-28 09:34:49 [INFO] base_models.logistic_regression:57 - LogisticRegression final iteration 0, max_iter=1500, learning_rate = 0.05
2025-06-28 09:34:50 [INFO] base_models.logistic_regression:57 - LogisticRegression final iteration 1499, max_iter=1500, learning_rate = 0.05
2025-06-28 09:34:50 [INFO] adaboost.adaboost:25 - model is <base_models.logistic_regression.LogisticRegressionModel object at 0x000002D569ABC610>
2025-06-28 09:34:50 [INFO] base_models.logistic_regression:57 - LogisticRegression final iteration 0, max_iter=1500, learning_rate = 0.05
2025-06-28 09:34:51 [INFO] base_models.logistic_regression:57 - LogisticRegression final iteration 1499, max_iter=1500, learning_rate = 0.05
2025-06-28 09:34:51 [INFO] adaboost.adaboost:25 - model is <base_models.logistic_regression.LogisticRegressionModel object at 0x000002D569ABC670>
2025-06-28 09:34:51 [INFO] base_models.logistic_regression:57 - LogisticRegression final iteration 0, max_iter=1500, learning_rate = 0.05
2025-06-28 09:34:52 [INFO] base_models.logistic_regression:57 - LogisticRegression final iteration 1499, max_iter=1500, learning_rate = 0.05
2025-06-28 09:34:52 [INFO] adaboost.adaboost:25 - model is <base_models.logistic_regression.LogisticRegressionModel object at 0x000002D569ABC6D0>
2025-06-28 09:34:52 [INFO] base_models.logistic_regression:57 - LogisticRegression final iteration 0, max_iter=1500, learning_rate = 0.05
2025-06-28 09:34:53 [INFO] base_models.logistic_regression:57 - LogisticRegression final iteration 1499, max_iter=1500, learning_rate = 0.05
2025-06-28 09:34:53 [INFO] adaboost.adaboost:25 - model is <base_models.logistic_regression.LogisticRegressionModel object at 0x000002D569ABC730>
2025-06-28 09:34:53 [INFO] base_models.logistic_regression:57 - LogisticRegression final iteration 0, max_iter=1500, learning_rate = 0.05
2025-06-28 09:34:54 [INFO] base_models.logistic_regression:57 - LogisticRegression final iteration 1499, max_iter=1500, learning_rate = 0.05
2025-06-28 09:34:54 [INFO] adaboost.adaboost:25 - model is <base_models.logistic_regression.LogisticRegressionModel object at 0x000002D569ABC790>
2025-06-28 09:34:54 [INFO] base_models.logistic_regression:57 - LogisticRegression final iteration 0, max_iter=1500, learning_rate = 0.05
2025-06-28 09:34:56 [INFO] base_models.logistic_regression:57 - LogisticRegression final iteration 1499, max_iter=1500, learning_rate = 0.05
2025-06-28 09:34:56 [INFO] adaboost.adaboost:25 - model is <base_models.logistic_regression.LogisticRegressionModel object at 0x000002D569ABC7F0>
2025-06-28 09:34:56 [INFO] base_models.logistic_regression:57 - LogisticRegression final iteration 0, max_iter=1500, learning_rate = 0.05
2025-06-28 09:34:57 [INFO] base_models.logistic_regression:57 - LogisticRegression final iteration 1499, max_iter=1500, learning_rate = 0.05
2025-06-28 09:34:57 [INFO] adaboost.adaboost:25 - model is <base_models.logistic_regression.LogisticRegressionModel object at 0x000002D569ABC850>
2025-06-28 09:34:57 [INFO] base_models.logistic_regression:57 - LogisticRegression final iteration 0, max_iter=1500, learning_rate = 0.05
2025-06-28 09:34:59 [INFO] base_models.logistic_regression:57 - LogisticRegression final iteration 1499, max_iter=1500, learning_rate = 0.05
2025-06-28 09:34:59 [INFO] adaboost.adaboost:25 - model is <base_models.logistic_regression.LogisticRegressionModel object at 0x000002D569ABC8B0>
2025-06-28 09:34:59 [INFO] base_models.logistic_regression:57 - LogisticRegression final iteration 0, max_iter=1500, learning_rate = 0.05
2025-06-28 09:35:00 [INFO] base_models.logistic_regression:57 - LogisticRegression final iteration 1499, max_iter=1500, learning_rate = 0.05
2025-06-28 09:35:00 [INFO] adaboost.adaboost:25 - model is <base_models.logistic_regression.LogisticRegressionModel object at 0x000002D569ABC910>
2025-06-28 09:35:00 [INFO] base_models.logistic_regression:57 - LogisticRegression final iteration 0, max_iter=1500, learning_rate = 0.05
2025-06-28 09:35:02 [INFO] base_models.logistic_regression:57 - LogisticRegression final iteration 1499, max_iter=1500, learning_rate = 0.05
2025-06-28 09:35:02 [INFO] adaboost.adaboost:25 - model is <base_models.logistic_regression.LogisticRegressionModel object at 0x000002D569ABC970>
2025-06-28 09:35:02 [INFO] base_models.logistic_regression:57 - LogisticRegression final iteration 0, max_iter=1500, learning_rate = 0.05
2025-06-28 09:35:03 [INFO] base_models.logistic_regression:57 - LogisticRegression final iteration 1499, max_iter=1500, learning_rate = 0.05
2025-06-28 09:35:03 [INFO] adaboost.adaboost:25 - model is <base_models.logistic_regression.LogisticRegressionModel object at 0x000002D569ABC9D0>
2025-06-28 09:35:03 [INFO] base_models.logistic_regression:57 - LogisticRegression final iteration 0, max_iter=1500, learning_rate = 0.05
2025-06-28 09:35:05 [INFO] base_models.logistic_regression:57 - LogisticRegression final iteration 1499, max_iter=1500, learning_rate = 0.05
2025-06-28 09:35:05 [INFO] adaboost.adaboost:25 - model is <base_models.logistic_regression.LogisticRegressionModel object at 0x000002D569ABCA30>
2025-06-28 09:35:05 [INFO] base_models.logistic_regression:57 - LogisticRegression final iteration 0, max_iter=1500, learning_rate = 0.05
2025-06-28 09:35:07 [INFO] base_models.logistic_regression:57 - LogisticRegression final iteration 1499, max_iter=1500, learning_rate = 0.05
2025-06-28 09:35:07 [INFO] adaboost.adaboost:25 - model is <base_models.logistic_regression.LogisticRegressionModel object at 0x000002D569ABCA90>
2025-06-28 09:35:07 [INFO] base_models.logistic_regression:57 - LogisticRegression final iteration 0, max_iter=1500, learning_rate = 0.05
2025-06-28 09:35:08 [INFO] base_models.logistic_regression:57 - LogisticRegression final iteration 1499, max_iter=1500, learning_rate = 0.05
2025-06-28 09:35:08 [INFO] adaboost.adaboost:25 - model is <base_models.logistic_regression.LogisticRegressionModel object at 0x000002D569ABCAF0>
2025-06-28 09:35:08 [INFO] base_models.logistic_regression:57 - LogisticRegression final iteration 0, max_iter=1500, learning_rate = 0.05
2025-06-28 09:35:11 [INFO] base_models.logistic_regression:57 - LogisticRegression final iteration 1499, max_iter=1500, learning_rate = 0.05
2025-06-28 09:35:11 [INFO] adaboost.adaboost:25 - model is <base_models.logistic_regression.LogisticRegressionModel object at 0x000002D569ABCB50>
2025-06-28 09:35:11 [INFO] base_models.logistic_regression:57 - LogisticRegression final iteration 0, max_iter=1500, learning_rate = 0.05
2025-06-28 09:35:12 [INFO] base_models.logistic_regression:57 - LogisticRegression final iteration 1499, max_iter=1500, learning_rate = 0.05
2025-06-28 09:35:12 [INFO] adaboost.adaboost:25 - model is <base_models.logistic_regression.LogisticRegressionModel object at 0x000002D569ABCBB0>
2025-06-28 09:35:12 [INFO] base_models.logistic_regression:57 - LogisticRegression final iteration 0, max_iter=1500, learning_rate = 0.05
2025-06-28 09:35:14 [INFO] base_models.logistic_regression:57 - LogisticRegression final iteration 1499, max_iter=1500, learning_rate = 0.05
2025-06-28 09:35:14 [INFO] adaboost.adaboost:25 - model is <base_models.logistic_regression.LogisticRegressionModel object at 0x000002D569ABCC10>
2025-06-28 09:35:14 [INFO] base_models.logistic_regression:57 - LogisticRegression final iteration 0, max_iter=1500, learning_rate = 0.05
2025-06-28 09:35:15 [INFO] base_models.logistic_regression:57 - LogisticRegression final iteration 1499, max_iter=1500, learning_rate = 0.05
2025-06-28 09:35:15 [INFO] adaboost.adaboost:25 - model is <base_models.logistic_regression.LogisticRegressionModel object at 0x000002D569ABCC70>
2025-06-28 09:35:15 [INFO] base_models.logistic_regression:57 - LogisticRegression final iteration 0, max_iter=1500, learning_rate = 0.05
2025-06-28 09:35:17 [INFO] base_models.logistic_regression:57 - LogisticRegression final iteration 1499, max_iter=1500, learning_rate = 0.05
2025-06-28 09:35:17 [INFO] adaboost.adaboost:25 - model is <base_models.logistic_regression.LogisticRegressionModel object at 0x000002D569ABCCD0>
2025-06-28 09:35:17 [INFO] base_models.logistic_regression:57 - LogisticRegression final iteration 0, max_iter=1500, learning_rate = 0.05
2025-06-28 09:35:19 [INFO] base_models.logistic_regression:57 - LogisticRegression final iteration 1499, max_iter=1500, learning_rate = 0.05
2025-06-28 09:35:19 [INFO] adaboost.adaboost:25 - model is <base_models.logistic_regression.LogisticRegressionModel object at 0x000002D569ABCD30>
2025-06-28 09:35:19 [INFO] base_models.logistic_regression:57 - LogisticRegression final iteration 0, max_iter=1500, learning_rate = 0.05
2025-06-28 09:35:21 [INFO] base_models.logistic_regression:57 - LogisticRegression final iteration 1499, max_iter=1500, learning_rate = 0.05
2025-06-28 09:35:21 [INFO] adaboost.adaboost:25 - model is <base_models.logistic_regression.LogisticRegressionModel object at 0x000002D569ABCD90>
2025-06-28 09:35:21 [INFO] base_models.logistic_regression:57 - LogisticRegression final iteration 0, max_iter=1500, learning_rate = 0.05
2025-06-28 09:35:23 [INFO] base_models.logistic_regression:57 - LogisticRegression final iteration 1499, max_iter=1500, learning_rate = 0.05
2025-06-28 09:35:23 [INFO] adaboost.adaboost:25 - model is <base_models.logistic_regression.LogisticRegressionModel object at 0x000002D569ABCDF0>
2025-06-28 09:35:23 [INFO] base_models.logistic_regression:57 - LogisticRegression final iteration 0, max_iter=1500, learning_rate = 0.05
2025-06-28 09:35:24 [INFO] base_models.logistic_regression:57 - LogisticRegression final iteration 1499, max_iter=1500, learning_rate = 0.05
2025-06-28 09:35:24 [INFO] adaboost.adaboost:25 - model is <base_models.logistic_regression.LogisticRegressionModel object at 0x000002D569ABCE50>
2025-06-28 09:35:24 [INFO] base_models.logistic_regression:57 - LogisticRegression final iteration 0, max_iter=1500, learning_rate = 0.05
2025-06-28 09:35:26 [INFO] base_models.logistic_regression:57 - LogisticRegression final iteration 1499, max_iter=1500, learning_rate = 0.05
2025-06-28 09:35:26 [INFO] adaboost.adaboost:25 - model is <base_models.logistic_regression.LogisticRegressionModel object at 0x000002D569ABCEB0>
2025-06-28 09:35:26 [INFO] base_models.logistic_regression:57 - LogisticRegression final iteration 0, max_iter=1500, learning_rate = 0.05
2025-06-28 09:35:27 [INFO] base_models.logistic_regression:57 - LogisticRegression final iteration 1499, max_iter=1500, learning_rate = 0.05
2025-06-28 09:35:27 [INFO] adaboost.adaboost:25 - model is <base_models.logistic_regression.LogisticRegressionModel object at 0x000002D569ABC040>
2025-06-28 09:35:27 [INFO] base_models.logistic_regression:57 - LogisticRegression final iteration 0, max_iter=1500, learning_rate = 0.05
2025-06-28 09:35:28 [INFO] base_models.logistic_regression:57 - LogisticRegression final iteration 1499, max_iter=1500, learning_rate = 0.05
2025-06-28 09:35:28 [INFO] adaboost.adaboost:25 - model is <base_models.logistic_regression.LogisticRegressionModel object at 0x000002D569ABC1C0>
2025-06-28 09:35:28 [INFO] base_models.logistic_regression:57 - LogisticRegression final iteration 0, max_iter=1500, learning_rate = 0.05
2025-06-28 09:35:29 [INFO] base_models.logistic_regression:57 - LogisticRegression final iteration 1499, max_iter=1500, learning_rate = 0.05
2025-06-28 09:35:29 [INFO] adaboost.adaboost:25 - model is <base_models.logistic_regression.LogisticRegressionModel object at 0x000002D569ABC220>
2025-06-28 09:35:29 [INFO] base_models.logistic_regression:57 - LogisticRegression final iteration 0, max_iter=1500, learning_rate = 0.05
2025-06-28 09:35:29 [INFO] base_models.logistic_regression:57 - LogisticRegression final iteration 1499, max_iter=1500, learning_rate = 0.05
2025-06-28 09:35:29 [INFO] adaboost.adaboost:25 - model is <base_models.logistic_regression.LogisticRegressionModel object at 0x000002D569ABC130>
2025-06-28 09:35:29 [INFO] base_models.logistic_regression:57 - LogisticRegression final iteration 0, max_iter=1500, learning_rate = 0.05
2025-06-28 09:35:30 [INFO] base_models.logistic_regression:57 - LogisticRegression final iteration 1499, max_iter=1500, learning_rate = 0.05
2025-06-28 09:35:30 [INFO] adaboost.adaboost:25 - model is <base_models.logistic_regression.LogisticRegressionModel object at 0x000002D569ABC190>
2025-06-28 09:35:30 [INFO] base_models.logistic_regression:57 - LogisticRegression final iteration 0, max_iter=1500, learning_rate = 0.05
2025-06-28 09:35:30 [INFO] base_models.logistic_regression:57 - LogisticRegression final iteration 1499, max_iter=1500, learning_rate = 0.05
2025-06-28 09:35:30 [INFO] adaboost.adaboost:25 - model is <base_models.logistic_regression.LogisticRegressionModel object at 0x000002D56B5612B0>
2025-06-28 09:35:30 [INFO] base_models.logistic_regression:57 - LogisticRegression final iteration 0, max_iter=1500, learning_rate = 0.05
2025-06-28 09:35:31 [INFO] base_models.logistic_regression:57 - LogisticRegression final iteration 1499, max_iter=1500, learning_rate = 0.05
2025-06-28 09:35:31 [INFO] adaboost.adaboost:25 - model is <base_models.logistic_regression.LogisticRegressionModel object at 0x000002D56B561130>
2025-06-28 09:35:31 [INFO] base_models.logistic_regression:57 - LogisticRegression final iteration 0, max_iter=1500, learning_rate = 0.05
2025-06-28 09:35:32 [INFO] base_models.logistic_regression:57 - LogisticRegression final iteration 1499, max_iter=1500, learning_rate = 0.05
2025-06-28 09:35:32 [INFO] adaboost.adaboost:25 - model is <base_models.logistic_regression.LogisticRegressionModel object at 0x000002D56B561310>
2025-06-28 09:35:32 [INFO] base_models.logistic_regression:57 - LogisticRegression final iteration 0, max_iter=1500, learning_rate = 0.05
2025-06-28 09:35:33 [INFO] base_models.logistic_regression:57 - LogisticRegression final iteration 1499, max_iter=1500, learning_rate = 0.05
2025-06-28 09:35:33 [INFO] adaboost.adaboost:25 - model is <base_models.logistic_regression.LogisticRegressionModel object at 0x000002D56B561370>
2025-06-28 09:35:33 [INFO] base_models.logistic_regression:57 - LogisticRegression final iteration 0, max_iter=1500, learning_rate = 0.05
2025-06-28 09:35:33 [INFO] base_models.logistic_regression:57 - LogisticRegression final iteration 1499, max_iter=1500, learning_rate = 0.05
2025-06-28 09:35:33 [INFO] adaboost.adaboost:25 - model is <base_models.logistic_regression.LogisticRegressionModel object at 0x000002D56B5613D0>
2025-06-28 09:35:33 [INFO] base_models.logistic_regression:57 - LogisticRegression final iteration 0, max_iter=1500, learning_rate = 0.05
2025-06-28 09:35:34 [INFO] base_models.logistic_regression:57 - LogisticRegression final iteration 1499, max_iter=1500, learning_rate = 0.05
2025-06-28 09:35:34 [INFO] adaboost.adaboost:25 - model is <base_models.logistic_regression.LogisticRegressionModel object at 0x000002D56B561430>
2025-06-28 09:35:34 [INFO] base_models.logistic_regression:57 - LogisticRegression final iteration 0, max_iter=1500, learning_rate = 0.05
2025-06-28 09:35:35 [INFO] base_models.logistic_regression:57 - LogisticRegression final iteration 1499, max_iter=1500, learning_rate = 0.05
2025-06-28 09:35:35 [INFO] adaboost.adaboost:25 - model is <base_models.logistic_regression.LogisticRegressionModel object at 0x000002D56B561490>
2025-06-28 09:35:35 [INFO] base_models.logistic_regression:57 - LogisticRegression final iteration 0, max_iter=1500, learning_rate = 0.05
2025-06-28 09:35:36 [INFO] base_models.logistic_regression:57 - LogisticRegression final iteration 1499, max_iter=1500, learning_rate = 0.05
2025-06-28 09:35:36 [INFO] adaboost.adaboost:25 - model is <base_models.logistic_regression.LogisticRegressionModel object at 0x000002D56B5614F0>
2025-06-28 09:35:36 [INFO] base_models.logistic_regression:57 - LogisticRegression final iteration 0, max_iter=1500, learning_rate = 0.05
2025-06-28 09:35:36 [INFO] base_models.logistic_regression:57 - LogisticRegression final iteration 1499, max_iter=1500, learning_rate = 0.05
2025-06-28 09:35:36 [INFO] adaboost.adaboost:25 - model is <base_models.logistic_regression.LogisticRegressionModel object at 0x000002D56B561550>
2025-06-28 09:35:36 [INFO] base_models.logistic_regression:57 - LogisticRegression final iteration 0, max_iter=1500, learning_rate = 0.05
2025-06-28 09:35:37 [INFO] base_models.logistic_regression:57 - LogisticRegression final iteration 1499, max_iter=1500, learning_rate = 0.05
2025-06-28 09:35:37 [INFO] adaboost.adaboost:25 - model is <base_models.logistic_regression.LogisticRegressionModel object at 0x000002D56B5615B0>
2025-06-28 09:35:37 [INFO] base_models.logistic_regression:57 - LogisticRegression final iteration 0, max_iter=1500, learning_rate = 0.05
2025-06-28 09:35:38 [INFO] base_models.logistic_regression:57 - LogisticRegression final iteration 1499, max_iter=1500, learning_rate = 0.05
2025-06-28 09:35:38 [INFO] adaboost.adaboost:25 - model is <base_models.logistic_regression.LogisticRegressionModel object at 0x000002D56B561610>
2025-06-28 09:35:38 [INFO] base_models.logistic_regression:57 - LogisticRegression final iteration 0, max_iter=1500, learning_rate = 0.05
2025-06-28 09:35:39 [INFO] base_models.logistic_regression:57 - LogisticRegression final iteration 1499, max_iter=1500, learning_rate = 0.05
2025-06-28 09:35:39 [INFO] adaboost.adaboost:25 - model is <base_models.logistic_regression.LogisticRegressionModel object at 0x000002D56B561670>
2025-06-28 09:35:39 [INFO] base_models.logistic_regression:57 - LogisticRegression final iteration 0, max_iter=1500, learning_rate = 0.05
2025-06-28 09:35:39 [INFO] base_models.logistic_regression:57 - LogisticRegression final iteration 1499, max_iter=1500, learning_rate = 0.05
2025-06-28 09:35:39 [INFO] adaboost.adaboost:25 - model is <base_models.logistic_regression.LogisticRegressionModel object at 0x000002D56B5616D0>
2025-06-28 09:35:39 [INFO] base_models.logistic_regression:57 - LogisticRegression final iteration 0, max_iter=1500, learning_rate = 0.05
2025-06-28 09:35:40 [INFO] base_models.logistic_regression:57 - LogisticRegression final iteration 1499, max_iter=1500, learning_rate = 0.05
2025-06-28 09:35:40 [INFO] adaboost.adaboost:25 - model is <base_models.logistic_regression.LogisticRegressionModel object at 0x000002D56B561730>
2025-06-28 09:35:40 [INFO] base_models.logistic_regression:57 - LogisticRegression final iteration 0, max_iter=1500, learning_rate = 0.05
2025-06-28 09:35:41 [INFO] base_models.logistic_regression:57 - LogisticRegression final iteration 1499, max_iter=1500, learning_rate = 0.05
2025-06-28 09:35:41 [INFO] adaboost.adaboost:25 - model is <base_models.logistic_regression.LogisticRegressionModel object at 0x000002D56B561790>
2025-06-28 09:35:41 [INFO] base_models.logistic_regression:57 - LogisticRegression final iteration 0, max_iter=1500, learning_rate = 0.05
2025-06-28 09:35:42 [INFO] base_models.logistic_regression:57 - LogisticRegression final iteration 1499, max_iter=1500, learning_rate = 0.05
2025-06-28 09:35:42 [INFO] adaboost.adaboost:25 - model is <base_models.logistic_regression.LogisticRegressionModel object at 0x000002D56B5617F0>
2025-06-28 09:35:42 [INFO] base_models.logistic_regression:57 - LogisticRegression final iteration 0, max_iter=1500, learning_rate = 0.05
2025-06-28 09:35:42 [INFO] base_models.logistic_regression:57 - LogisticRegression final iteration 1499, max_iter=1500, learning_rate = 0.05
2025-06-28 09:35:42 [INFO] adaboost.adaboost:25 - model is <base_models.logistic_regression.LogisticRegressionModel object at 0x000002D56B561850>
2025-06-28 09:35:42 [INFO] base_models.logistic_regression:57 - LogisticRegression final iteration 0, max_iter=1500, learning_rate = 0.05
2025-06-28 09:35:43 [INFO] base_models.logistic_regression:57 - LogisticRegression final iteration 1499, max_iter=1500, learning_rate = 0.05
2025-06-28 09:35:43 [INFO] adaboost.adaboost:25 - model is <base_models.logistic_regression.LogisticRegressionModel object at 0x000002D56B5618E0>
2025-06-28 09:35:43 [INFO] base_models.logistic_regression:57 - LogisticRegression final iteration 0, max_iter=1500, learning_rate = 0.05
2025-06-28 09:35:44 [INFO] base_models.logistic_regression:57 - LogisticRegression final iteration 1499, max_iter=1500, learning_rate = 0.05
2025-06-28 09:35:44 [INFO] adaboost.adaboost:25 - model is <base_models.logistic_regression.LogisticRegressionModel object at 0x000002D56B561940>
2025-06-28 09:35:44 [INFO] base_models.logistic_regression:57 - LogisticRegression final iteration 0, max_iter=1500, learning_rate = 0.05
2025-06-28 09:35:45 [INFO] base_models.logistic_regression:57 - LogisticRegression final iteration 1499, max_iter=1500, learning_rate = 0.05
2025-06-28 09:35:45 [INFO] adaboost.adaboost:25 - model is <base_models.logistic_regression.LogisticRegressionModel object at 0x000002D56B5619A0>
2025-06-28 09:35:45 [INFO] base_models.logistic_regression:57 - LogisticRegression final iteration 0, max_iter=1500, learning_rate = 0.05
2025-06-28 09:35:45 [INFO] base_models.logistic_regression:57 - LogisticRegression final iteration 1499, max_iter=1500, learning_rate = 0.05
2025-06-28 09:35:45 [INFO] adaboost.adaboost:25 - model is <base_models.logistic_regression.LogisticRegressionModel object at 0x000002D56B561A30>
2025-06-28 09:35:45 [INFO] base_models.logistic_regression:57 - LogisticRegression final iteration 0, max_iter=1500, learning_rate = 0.05
2025-06-28 09:35:46 [INFO] base_models.logistic_regression:57 - LogisticRegression final iteration 1499, max_iter=1500, learning_rate = 0.05
2025-06-28 09:35:46 [INFO] adaboost.adaboost:25 - model is <base_models.logistic_regression.LogisticRegressionModel object at 0x000002D56B561B20>
2025-06-28 09:35:46 [INFO] base_models.logistic_regression:57 - LogisticRegression final iteration 0, max_iter=1500, learning_rate = 0.05
2025-06-28 09:35:47 [INFO] base_models.logistic_regression:57 - LogisticRegression final iteration 1499, max_iter=1500, learning_rate = 0.05
2025-06-28 09:35:47 [INFO] adaboost.adaboost:25 - model is <base_models.logistic_regression.LogisticRegressionModel object at 0x000002D56B561B80>
2025-06-28 09:35:47 [INFO] base_models.logistic_regression:57 - LogisticRegression final iteration 0, max_iter=1500, learning_rate = 0.05
2025-06-28 09:35:48 [INFO] base_models.logistic_regression:57 - LogisticRegression final iteration 1499, max_iter=1500, learning_rate = 0.05
2025-06-28 09:35:48 [INFO] adaboost.adaboost:25 - model is <base_models.logistic_regression.LogisticRegressionModel object at 0x000002D56B561BE0>
2025-06-28 09:35:48 [INFO] base_models.logistic_regression:57 - LogisticRegression final iteration 0, max_iter=1500, learning_rate = 0.05
2025-06-28 09:35:48 [INFO] base_models.logistic_regression:57 - LogisticRegression final iteration 1499, max_iter=1500, learning_rate = 0.05
2025-06-28 09:35:48 [INFO] adaboost.adaboost:25 - model is <base_models.logistic_regression.LogisticRegressionModel object at 0x000002D56B561C40>
2025-06-28 09:35:48 [INFO] base_models.logistic_regression:57 - LogisticRegression final iteration 0, max_iter=1500, learning_rate = 0.05
2025-06-28 09:35:49 [INFO] base_models.logistic_regression:57 - LogisticRegression final iteration 1499, max_iter=1500, learning_rate = 0.05
2025-06-28 09:35:49 [INFO] adaboost.adaboost:25 - model is <base_models.logistic_regression.LogisticRegressionModel object at 0x000002D56B561CA0>
2025-06-28 09:35:49 [INFO] base_models.logistic_regression:57 - LogisticRegression final iteration 0, max_iter=1500, learning_rate = 0.05
2025-06-28 09:35:50 [INFO] base_models.logistic_regression:57 - LogisticRegression final iteration 1499, max_iter=1500, learning_rate = 0.05
2025-06-28 09:35:50 [INFO] adaboost.adaboost:25 - model is <base_models.logistic_regression.LogisticRegressionModel object at 0x000002D56B561D00>
2025-06-28 09:35:50 [INFO] base_models.logistic_regression:57 - LogisticRegression final iteration 0, max_iter=1500, learning_rate = 0.05
2025-06-28 09:35:50 [INFO] base_models.logistic_regression:57 - LogisticRegression final iteration 1499, max_iter=1500, learning_rate = 0.05
2025-06-28 09:35:50 [INFO] adaboost.adaboost:25 - model is <base_models.logistic_regression.LogisticRegressionModel object at 0x000002D56B561D60>
2025-06-28 09:35:50 [INFO] base_models.logistic_regression:57 - LogisticRegression final iteration 0, max_iter=1500, learning_rate = 0.05
2025-06-28 09:35:51 [INFO] base_models.logistic_regression:57 - LogisticRegression final iteration 1499, max_iter=1500, learning_rate = 0.05
2025-06-28 09:35:51 [INFO] adaboost.adaboost:25 - model is <base_models.logistic_regression.LogisticRegressionModel object at 0x000002D56B561DC0>
2025-06-28 09:35:51 [INFO] base_models.logistic_regression:57 - LogisticRegression final iteration 0, max_iter=1500, learning_rate = 0.05
2025-06-28 09:35:52 [INFO] base_models.logistic_regression:57 - LogisticRegression final iteration 1499, max_iter=1500, learning_rate = 0.05
2025-06-28 09:35:52 [INFO] adaboost.adaboost:25 - model is <base_models.logistic_regression.LogisticRegressionModel object at 0x000002D56B561E20>
2025-06-28 09:35:52 [INFO] base_models.logistic_regression:57 - LogisticRegression final iteration 0, max_iter=1500, learning_rate = 0.05
2025-06-28 09:35:53 [INFO] base_models.logistic_regression:57 - LogisticRegression final iteration 1499, max_iter=1500, learning_rate = 0.05
2025-06-28 09:35:53 [INFO] adaboost.adaboost:25 - model is <base_models.logistic_regression.LogisticRegressionModel object at 0x000002D56B561E80>
2025-06-28 09:35:53 [INFO] base_models.logistic_regression:57 - LogisticRegression final iteration 0, max_iter=1500, learning_rate = 0.05
2025-06-28 09:35:53 [INFO] base_models.logistic_regression:57 - LogisticRegression final iteration 1499, max_iter=1500, learning_rate = 0.05
2025-06-28 09:35:53 [INFO] adaboost.adaboost:25 - model is <base_models.logistic_regression.LogisticRegressionModel object at 0x000002D56B561EE0>
2025-06-28 09:35:53 [INFO] base_models.logistic_regression:57 - LogisticRegression final iteration 0, max_iter=1500, learning_rate = 0.05
2025-06-28 09:35:54 [INFO] base_models.logistic_regression:57 - LogisticRegression final iteration 1499, max_iter=1500, learning_rate = 0.05
2025-06-28 09:35:54 [INFO] adaboost.adaboost:25 - model is <base_models.logistic_regression.LogisticRegressionModel object at 0x000002D56B561F40>
2025-06-28 09:35:54 [INFO] base_models.logistic_regression:57 - LogisticRegression final iteration 0, max_iter=1500, learning_rate = 0.05
2025-06-28 09:35:55 [INFO] base_models.logistic_regression:57 - LogisticRegression final iteration 1499, max_iter=1500, learning_rate = 0.05
2025-06-28 09:35:55 [INFO] adaboost.adaboost:25 - model is <base_models.logistic_regression.LogisticRegressionModel object at 0x000002D56B561FA0>
2025-06-28 09:35:55 [INFO] base_models.logistic_regression:57 - LogisticRegression final iteration 0, max_iter=1500, learning_rate = 0.05
2025-06-28 09:35:56 [INFO] base_models.logistic_regression:57 - LogisticRegression final iteration 1499, max_iter=1500, learning_rate = 0.05
2025-06-28 09:35:56 [INFO] adaboost.adaboost:25 - model is <base_models.logistic_regression.LogisticRegressionModel object at 0x000002D56B5610A0>
2025-06-28 09:35:56 [INFO] base_models.logistic_regression:57 - LogisticRegression final iteration 0, max_iter=1500, learning_rate = 0.05
2025-06-28 09:35:56 [INFO] base_models.logistic_regression:57 - LogisticRegression final iteration 1499, max_iter=1500, learning_rate = 0.05
2025-06-28 09:35:56 [INFO] adaboost.adaboost:25 - model is <base_models.logistic_regression.LogisticRegressionModel object at 0x000002D56B561040>
2025-06-28 09:35:56 [INFO] base_models.logistic_regression:57 - LogisticRegression final iteration 0, max_iter=1500, learning_rate = 0.05
2025-06-28 09:35:57 [INFO] base_models.logistic_regression:57 - LogisticRegression final iteration 1499, max_iter=1500, learning_rate = 0.05
2025-06-28 09:35:57 [INFO] adaboost.adaboost:25 - model is <base_models.logistic_regression.LogisticRegressionModel object at 0x000002D56B5611F0>
2025-06-28 09:35:57 [INFO] base_models.logistic_regression:57 - LogisticRegression final iteration 0, max_iter=1500, learning_rate = 0.05
2025-06-28 09:35:58 [INFO] base_models.logistic_regression:57 - LogisticRegression final iteration 1499, max_iter=1500, learning_rate = 0.05
2025-06-28 09:35:58 [INFO] adaboost.adaboost:25 - model is <base_models.logistic_regression.LogisticRegressionModel object at 0x000002D56B561160>
2025-06-28 09:35:58 [INFO] base_models.logistic_regression:57 - LogisticRegression final iteration 0, max_iter=1500, learning_rate = 0.05
2025-06-28 09:35:59 [INFO] base_models.logistic_regression:57 - LogisticRegression final iteration 1499, max_iter=1500, learning_rate = 0.05
2025-06-28 09:35:59 [INFO] adaboost.adaboost:25 - model is <base_models.logistic_regression.LogisticRegressionModel object at 0x000002D56B5611C0>
2025-06-28 09:35:59 [INFO] base_models.logistic_regression:57 - LogisticRegression final iteration 0, max_iter=1500, learning_rate = 0.05
2025-06-28 09:35:59 [INFO] base_models.logistic_regression:57 - LogisticRegression final iteration 1499, max_iter=1500, learning_rate = 0.05
2025-06-28 09:35:59 [INFO] adaboost.adaboost:25 - model is <base_models.logistic_regression.LogisticRegressionModel object at 0x000002D56B561280>
2025-06-28 09:35:59 [INFO] base_models.logistic_regression:57 - LogisticRegression final iteration 0, max_iter=1500, learning_rate = 0.05
2025-06-28 09:36:00 [INFO] base_models.logistic_regression:57 - LogisticRegression final iteration 1499, max_iter=1500, learning_rate = 0.05
2025-06-28 09:36:00 [INFO] adaboost.adaboost:25 - model is <base_models.logistic_regression.LogisticRegressionModel object at 0x000002D5413E4C70>
2025-06-28 09:36:00 [INFO] base_models.logistic_regression:57 - LogisticRegression final iteration 0, max_iter=1500, learning_rate = 0.05
2025-06-28 09:36:01 [INFO] base_models.logistic_regression:57 - LogisticRegression final iteration 1499, max_iter=1500, learning_rate = 0.05
2025-06-28 09:36:01 [INFO] adaboost.adaboost:25 - model is <base_models.logistic_regression.LogisticRegressionModel object at 0x000002D569A16FD0>
2025-06-28 09:36:01 [INFO] base_models.logistic_regression:57 - LogisticRegression final iteration 0, max_iter=1500, learning_rate = 0.05
2025-06-28 09:36:01 [INFO] base_models.logistic_regression:57 - LogisticRegression final iteration 1499, max_iter=1500, learning_rate = 0.05
2025-06-28 09:36:01 [INFO] adaboost.adaboost:25 - model is <base_models.logistic_regression.LogisticRegressionModel object at 0x000002D569A07D60>
2025-06-28 09:36:02 [INFO] base_models.logistic_regression:57 - LogisticRegression final iteration 0, max_iter=1500, learning_rate = 0.05
2025-06-28 09:36:02 [INFO] base_models.logistic_regression:57 - LogisticRegression final iteration 1499, max_iter=1500, learning_rate = 0.05
2025-06-28 09:36:02 [INFO] adaboost.adaboost:25 - model is <base_models.logistic_regression.LogisticRegressionModel object at 0x000002D5699FCF70>
2025-06-28 09:36:02 [INFO] base_models.logistic_regression:57 - LogisticRegression final iteration 0, max_iter=1500, learning_rate = 0.05
2025-06-28 09:36:03 [INFO] base_models.logistic_regression:57 - LogisticRegression final iteration 1499, max_iter=1500, learning_rate = 0.05
2025-06-28 09:36:03 [INFO] adaboost.adaboost:25 - model is <base_models.logistic_regression.LogisticRegressionModel object at 0x000002D569A459A0>
2025-06-28 09:36:03 [INFO] base_models.logistic_regression:57 - LogisticRegression final iteration 0, max_iter=1500, learning_rate = 0.05
2025-06-28 09:36:04 [INFO] base_models.logistic_regression:57 - LogisticRegression final iteration 1499, max_iter=1500, learning_rate = 0.05
2025-06-28 09:36:04 [INFO] adaboost.adaboost:25 - model is <base_models.logistic_regression.LogisticRegressionModel object at 0x000002D569A45DC0>
2025-06-28 09:36:04 [INFO] base_models.logistic_regression:57 - LogisticRegression final iteration 0, max_iter=1500, learning_rate = 0.05
2025-06-28 09:36:04 [INFO] base_models.logistic_regression:57 - LogisticRegression final iteration 1499, max_iter=1500, learning_rate = 0.05
2025-06-28 09:36:04 [INFO] adaboost.adaboost:25 - model is <base_models.logistic_regression.LogisticRegressionModel object at 0x000002D569A45F70>
2025-06-28 09:36:04 [INFO] base_models.logistic_regression:57 - LogisticRegression final iteration 0, max_iter=1500, learning_rate = 0.05
2025-06-28 09:36:05 [INFO] base_models.logistic_regression:57 - LogisticRegression final iteration 1499, max_iter=1500, learning_rate = 0.05
2025-06-28 09:36:05 [INFO] adaboost.adaboost:25 - model is <base_models.logistic_regression.LogisticRegressionModel object at 0x000002D569A45EE0>
2025-06-28 09:36:05 [INFO] base_models.logistic_regression:57 - LogisticRegression final iteration 0, max_iter=1500, learning_rate = 0.05
2025-06-28 09:36:06 [INFO] base_models.logistic_regression:57 - LogisticRegression final iteration 1499, max_iter=1500, learning_rate = 0.05
2025-06-28 09:36:06 [INFO] adaboost.adaboost:25 - model is <base_models.logistic_regression.LogisticRegressionModel object at 0x000002D569A45FA0>
2025-06-28 09:36:06 [INFO] base_models.logistic_regression:57 - LogisticRegression final iteration 0, max_iter=1500, learning_rate = 0.05
2025-06-28 09:36:07 [INFO] base_models.logistic_regression:57 - LogisticRegression final iteration 1499, max_iter=1500, learning_rate = 0.05
2025-06-28 09:36:07 [INFO] adaboost.adaboost:25 - model is <base_models.logistic_regression.LogisticRegressionModel object at 0x000002D569A45E20>
2025-06-28 09:36:07 [INFO] base_models.logistic_regression:57 - LogisticRegression final iteration 0, max_iter=1500, learning_rate = 0.05
2025-06-28 09:36:07 [INFO] base_models.logistic_regression:57 - LogisticRegression final iteration 1499, max_iter=1500, learning_rate = 0.05
2025-06-28 09:36:07 [INFO] adaboost.adaboost:25 - model is <base_models.logistic_regression.LogisticRegressionModel object at 0x000002D56AA90D00>
2025-06-28 09:36:07 [INFO] base_models.logistic_regression:57 - LogisticRegression final iteration 0, max_iter=1500, learning_rate = 0.05
2025-06-28 09:36:08 [INFO] base_models.logistic_regression:57 - LogisticRegression final iteration 1499, max_iter=1500, learning_rate = 0.05
2025-06-28 09:36:08 [INFO] adaboost.adaboost:25 - model is <base_models.logistic_regression.LogisticRegressionModel object at 0x000002D56AA90E20>
2025-06-28 09:36:08 [INFO] base_models.logistic_regression:57 - LogisticRegression final iteration 0, max_iter=1500, learning_rate = 0.05
2025-06-28 09:36:09 [INFO] base_models.logistic_regression:57 - LogisticRegression final iteration 1499, max_iter=1500, learning_rate = 0.05
2025-06-28 09:36:09 [INFO] adaboost.adaboost:25 - model is <base_models.logistic_regression.LogisticRegressionModel object at 0x000002D56AA90EE0>
2025-06-28 09:36:09 [INFO] base_models.logistic_regression:57 - LogisticRegression final iteration 0, max_iter=1500, learning_rate = 0.05
2025-06-28 09:36:10 [INFO] base_models.logistic_regression:57 - LogisticRegression final iteration 1499, max_iter=1500, learning_rate = 0.05
2025-06-28 09:36:10 [INFO] adaboost.adaboost:25 - model is <base_models.logistic_regression.LogisticRegressionModel object at 0x000002D56AA90F40>
2025-06-28 09:36:10 [INFO] base_models.logistic_regression:57 - LogisticRegression final iteration 0, max_iter=1500, learning_rate = 0.05
2025-06-28 09:36:10 [INFO] base_models.logistic_regression:57 - LogisticRegression final iteration 1499, max_iter=1500, learning_rate = 0.05
2025-06-28 09:36:10 [INFO] adaboost.adaboost:25 - model is <base_models.logistic_regression.LogisticRegressionModel object at 0x000002D56AA90FA0>
2025-06-28 09:36:10 [INFO] base_models.logistic_regression:57 - LogisticRegression final iteration 0, max_iter=1500, learning_rate = 0.05
2025-06-28 09:36:11 [INFO] base_models.logistic_regression:57 - LogisticRegression final iteration 1499, max_iter=1500, learning_rate = 0.05
2025-06-28 09:36:11 [INFO] adaboost.adaboost:25 - model is <base_models.logistic_regression.LogisticRegressionModel object at 0x000002D56AA90CA0>
2025-06-28 09:36:11 [INFO] base_models.logistic_regression:57 - LogisticRegression final iteration 0, max_iter=1500, learning_rate = 0.05
2025-06-28 09:36:12 [INFO] base_models.logistic_regression:57 - LogisticRegression final iteration 1499, max_iter=1500, learning_rate = 0.05
2025-06-28 09:36:12 [INFO] adaboost.adaboost:25 - model is <base_models.logistic_regression.LogisticRegressionModel object at 0x000002D56AA90BB0>
2025-06-28 09:36:12 [INFO] base_models.logistic_regression:57 - LogisticRegression final iteration 0, max_iter=1500, learning_rate = 0.05
2025-06-28 09:36:12 [INFO] base_models.logistic_regression:57 - LogisticRegression final iteration 1499, max_iter=1500, learning_rate = 0.05
2025-06-28 09:36:12 [INFO] adaboost.adaboost:25 - model is <base_models.logistic_regression.LogisticRegressionModel object at 0x000002D56AA90E80>
2025-06-28 09:36:12 [INFO] base_models.logistic_regression:57 - LogisticRegression final iteration 0, max_iter=1500, learning_rate = 0.05
2025-06-28 09:36:13 [INFO] base_models.logistic_regression:57 - LogisticRegression final iteration 1499, max_iter=1500, learning_rate = 0.05
2025-06-28 09:36:13 [INFO] adaboost.adaboost:25 - model is <base_models.logistic_regression.LogisticRegressionModel object at 0x000002D56AA90D90>
2025-06-28 09:36:13 [INFO] base_models.logistic_regression:57 - LogisticRegression final iteration 0, max_iter=1500, learning_rate = 0.05
2025-06-28 09:36:14 [INFO] base_models.logistic_regression:57 - LogisticRegression final iteration 1499, max_iter=1500, learning_rate = 0.05
2025-06-28 09:36:14 [INFO] adaboost.adaboost:25 - model is <base_models.logistic_regression.LogisticRegressionModel object at 0x000002D56AA90C70>
2025-06-28 09:36:14 [INFO] base_models.logistic_regression:57 - LogisticRegression final iteration 0, max_iter=1500, learning_rate = 0.05
2025-06-28 09:36:15 [INFO] base_models.logistic_regression:57 - LogisticRegression final iteration 1499, max_iter=1500, learning_rate = 0.05
2025-06-28 09:36:15 [INFO] adaboost.adaboost:25 - model is <base_models.logistic_regression.LogisticRegressionModel object at 0x000002D56AA90D60>
2025-06-28 09:36:15 [INFO] base_models.logistic_regression:57 - LogisticRegression final iteration 0, max_iter=1500, learning_rate = 0.05
2025-06-28 09:36:15 [INFO] base_models.logistic_regression:57 - LogisticRegression final iteration 1499, max_iter=1500, learning_rate = 0.05
2025-06-28 09:36:15 [INFO] adaboost.adaboost:25 - model is <base_models.logistic_regression.LogisticRegressionModel object at 0x000002D569ABC0D0>
2025-06-28 09:36:15 [INFO] base_models.logistic_regression:57 - LogisticRegression final iteration 0, max_iter=1500, learning_rate = 0.05
2025-06-28 09:36:16 [INFO] base_models.logistic_regression:57 - LogisticRegression final iteration 1499, max_iter=1500, learning_rate = 0.05
2025-06-28 09:36:16 [INFO] adaboost.adaboost:25 - model is <base_models.logistic_regression.LogisticRegressionModel object at 0x000002D569ABC2B0>
2025-06-28 09:36:16 [INFO] base_models.logistic_regression:57 - LogisticRegression final iteration 0, max_iter=1500, learning_rate = 0.05
2025-06-28 09:36:17 [INFO] base_models.logistic_regression:57 - LogisticRegression final iteration 1499, max_iter=1500, learning_rate = 0.05
2025-06-28 09:36:17 [INFO] adaboost.adaboost:25 - model is <base_models.logistic_regression.LogisticRegressionModel object at 0x000002D569ABC310>
2025-06-28 09:36:17 [INFO] base_models.logistic_regression:57 - LogisticRegression final iteration 0, max_iter=1500, learning_rate = 0.05
2025-06-28 09:36:17 [INFO] base_models.logistic_regression:57 - LogisticRegression final iteration 1499, max_iter=1500, learning_rate = 0.05
2025-06-28 09:36:17 [INFO] adaboost.adaboost:25 - model is <base_models.logistic_regression.LogisticRegressionModel object at 0x000002D569ABC370>
2025-06-28 09:36:17 [INFO] base_models.logistic_regression:57 - LogisticRegression final iteration 0, max_iter=1500, learning_rate = 0.05
2025-06-28 09:36:18 [INFO] base_models.logistic_regression:57 - LogisticRegression final iteration 1499, max_iter=1500, learning_rate = 0.05
2025-06-28 09:36:18 [INFO] adaboost.adaboost:25 - model is <base_models.logistic_regression.LogisticRegressionModel object at 0x000002D569ABC3D0>
2025-06-28 09:36:18 [INFO] base_models.logistic_regression:57 - LogisticRegression final iteration 0, max_iter=1500, learning_rate = 0.05
2025-06-28 09:36:19 [INFO] base_models.logistic_regression:57 - LogisticRegression final iteration 1499, max_iter=1500, learning_rate = 0.05
2025-06-28 09:36:19 [INFO] adaboost.adaboost:25 - model is <base_models.logistic_regression.LogisticRegressionModel object at 0x000002D569ABC430>
2025-06-28 09:36:19 [INFO] base_models.logistic_regression:57 - LogisticRegression final iteration 0, max_iter=1500, learning_rate = 0.05
2025-06-28 09:36:19 [INFO] base_models.logistic_regression:57 - LogisticRegression final iteration 1499, max_iter=1500, learning_rate = 0.05
2025-06-28 09:36:19 [INFO] adaboost.adaboost:25 - model is <base_models.logistic_regression.LogisticRegressionModel object at 0x000002D569ABC490>
2025-06-28 09:36:19 [INFO] base_models.logistic_regression:57 - LogisticRegression final iteration 0, max_iter=1500, learning_rate = 0.05
2025-06-28 09:36:20 [INFO] base_models.logistic_regression:57 - LogisticRegression final iteration 1499, max_iter=1500, learning_rate = 0.05
2025-06-28 09:36:20 [INFO] adaboost.adaboost:25 - model is <base_models.logistic_regression.LogisticRegressionModel object at 0x000002D569ABC4F0>
2025-06-28 09:36:20 [INFO] base_models.logistic_regression:57 - LogisticRegression final iteration 0, max_iter=1500, learning_rate = 0.05
2025-06-28 09:36:21 [INFO] base_models.logistic_regression:57 - LogisticRegression final iteration 1499, max_iter=1500, learning_rate = 0.05
2025-06-28 09:36:21 [INFO] adaboost.adaboost:25 - model is <base_models.logistic_regression.LogisticRegressionModel object at 0x000002D569ABC550>
2025-06-28 09:36:21 [INFO] base_models.logistic_regression:57 - LogisticRegression final iteration 0, max_iter=1500, learning_rate = 0.05
2025-06-28 09:36:22 [INFO] base_models.logistic_regression:57 - LogisticRegression final iteration 1499, max_iter=1500, learning_rate = 0.05
2025-06-28 09:36:22 [INFO] adaboost.adaboost:25 - model is <base_models.logistic_regression.LogisticRegressionModel object at 0x000002D569ABC5B0>
2025-06-28 09:36:22 [INFO] base_models.logistic_regression:57 - LogisticRegression final iteration 0, max_iter=1500, learning_rate = 0.05
2025-06-28 09:36:22 [INFO] base_models.logistic_regression:57 - LogisticRegression final iteration 1499, max_iter=1500, learning_rate = 0.05
2025-06-28 09:36:22 [INFO] adaboost.adaboost:25 - model is <base_models.logistic_regression.LogisticRegressionModel object at 0x000002D569ABC610>
2025-06-28 09:36:22 [INFO] base_models.logistic_regression:57 - LogisticRegression final iteration 0, max_iter=1500, learning_rate = 0.05
2025-06-28 09:36:23 [INFO] base_models.logistic_regression:57 - LogisticRegression final iteration 1499, max_iter=1500, learning_rate = 0.05
2025-06-28 09:36:23 [INFO] adaboost.adaboost:25 - model is <base_models.logistic_regression.LogisticRegressionModel object at 0x000002D569ABC670>
2025-06-28 09:36:23 [INFO] base_models.logistic_regression:57 - LogisticRegression final iteration 0, max_iter=1500, learning_rate = 0.05
2025-06-28 09:36:24 [INFO] base_models.logistic_regression:57 - LogisticRegression final iteration 1499, max_iter=1500, learning_rate = 0.05
2025-06-28 09:36:24 [INFO] adaboost.adaboost:25 - model is <base_models.logistic_regression.LogisticRegressionModel object at 0x000002D569ABC6D0>
2025-06-28 09:36:24 [INFO] base_models.logistic_regression:57 - LogisticRegression final iteration 0, max_iter=1500, learning_rate = 0.05
2025-06-28 09:36:24 [INFO] base_models.logistic_regression:57 - LogisticRegression final iteration 1499, max_iter=1500, learning_rate = 0.05
2025-06-28 09:36:24 [INFO] adaboost.adaboost:25 - model is <base_models.logistic_regression.LogisticRegressionModel object at 0x000002D569ABC730>
2025-06-28 09:36:24 [INFO] base_models.logistic_regression:57 - LogisticRegression final iteration 0, max_iter=1500, learning_rate = 0.05
2025-06-28 09:36:25 [INFO] base_models.logistic_regression:57 - LogisticRegression final iteration 1499, max_iter=1500, learning_rate = 0.05
2025-06-28 09:36:25 [INFO] adaboost.adaboost:25 - model is <base_models.logistic_regression.LogisticRegressionModel object at 0x000002D569ABC790>
2025-06-28 09:36:25 [INFO] base_models.logistic_regression:57 - LogisticRegression final iteration 0, max_iter=1500, learning_rate = 0.05
2025-06-28 09:36:26 [INFO] base_models.logistic_regression:57 - LogisticRegression final iteration 1499, max_iter=1500, learning_rate = 0.05
2025-06-28 09:36:26 [INFO] adaboost.adaboost:25 - model is <base_models.logistic_regression.LogisticRegressionModel object at 0x000002D569ABC7F0>
2025-06-28 09:36:26 [INFO] base_models.logistic_regression:57 - LogisticRegression final iteration 0, max_iter=1500, learning_rate = 0.05
2025-06-28 09:36:27 [INFO] base_models.logistic_regression:57 - LogisticRegression final iteration 1499, max_iter=1500, learning_rate = 0.05
2025-06-28 09:36:27 [INFO] adaboost.adaboost:25 - model is <base_models.logistic_regression.LogisticRegressionModel object at 0x000002D569ABC850>
2025-06-28 09:36:27 [INFO] base_models.logistic_regression:57 - LogisticRegression final iteration 0, max_iter=1500, learning_rate = 0.05
2025-06-28 09:36:27 [INFO] base_models.logistic_regression:57 - LogisticRegression final iteration 1499, max_iter=1500, learning_rate = 0.05
2025-06-28 09:36:27 [INFO] adaboost.adaboost:25 - model is <base_models.logistic_regression.LogisticRegressionModel object at 0x000002D569ABC8B0>
2025-06-28 09:36:27 [INFO] base_models.logistic_regression:57 - LogisticRegression final iteration 0, max_iter=1500, learning_rate = 0.05
2025-06-28 09:36:28 [INFO] base_models.logistic_regression:57 - LogisticRegression final iteration 1499, max_iter=1500, learning_rate = 0.05
2025-06-28 09:36:28 [INFO] adaboost.adaboost:25 - model is <base_models.logistic_regression.LogisticRegressionModel object at 0x000002D569ABC910>
2025-06-28 09:36:28 [INFO] base_models.logistic_regression:57 - LogisticRegression final iteration 0, max_iter=1500, learning_rate = 0.05
2025-06-28 09:36:29 [INFO] base_models.logistic_regression:57 - LogisticRegression final iteration 1499, max_iter=1500, learning_rate = 0.05
2025-06-28 09:36:29 [INFO] adaboost.adaboost:25 - model is <base_models.logistic_regression.LogisticRegressionModel object at 0x000002D569ABC970>
2025-06-28 09:36:29 [INFO] base_models.logistic_regression:57 - LogisticRegression final iteration 0, max_iter=1500, learning_rate = 0.05
2025-06-28 09:36:30 [INFO] base_models.logistic_regression:57 - LogisticRegression final iteration 1499, max_iter=1500, learning_rate = 0.05
2025-06-28 09:36:30 [INFO] adaboost.adaboost:25 - model is <base_models.logistic_regression.LogisticRegressionModel object at 0x000002D569ABC9D0>
2025-06-28 09:36:30 [INFO] base_models.logistic_regression:57 - LogisticRegression final iteration 0, max_iter=1500, learning_rate = 0.05
2025-06-28 09:36:30 [INFO] base_models.logistic_regression:57 - LogisticRegression final iteration 1499, max_iter=1500, learning_rate = 0.05
2025-06-28 09:36:30 [INFO] adaboost.adaboost:25 - model is <base_models.logistic_regression.LogisticRegressionModel object at 0x000002D569ABCA30>
2025-06-28 09:36:30 [INFO] base_models.logistic_regression:57 - LogisticRegression final iteration 0, max_iter=1500, learning_rate = 0.05
2025-06-28 09:36:31 [INFO] base_models.logistic_regression:57 - LogisticRegression final iteration 1499, max_iter=1500, learning_rate = 0.05
2025-06-28 09:36:31 [INFO] adaboost.adaboost:25 - model is <base_models.logistic_regression.LogisticRegressionModel object at 0x000002D569ABCA90>
2025-06-28 09:36:31 [INFO] base_models.logistic_regression:57 - LogisticRegression final iteration 0, max_iter=1500, learning_rate = 0.05
2025-06-28 09:36:32 [INFO] base_models.logistic_regression:57 - LogisticRegression final iteration 1499, max_iter=1500, learning_rate = 0.05
2025-06-28 09:36:32 [INFO] adaboost.adaboost:25 - model is <base_models.logistic_regression.LogisticRegressionModel object at 0x000002D569ABCAF0>
2025-06-28 09:36:32 [INFO] base_models.logistic_regression:57 - LogisticRegression final iteration 0, max_iter=1500, learning_rate = 0.05
2025-06-28 09:36:33 [INFO] base_models.logistic_regression:57 - LogisticRegression final iteration 1499, max_iter=1500, learning_rate = 0.05
2025-06-28 09:36:33 [INFO] adaboost.adaboost:25 - model is <base_models.logistic_regression.LogisticRegressionModel object at 0x000002D569ABCB50>
2025-06-28 09:36:33 [INFO] base_models.logistic_regression:57 - LogisticRegression final iteration 0, max_iter=1500, learning_rate = 0.05
2025-06-28 09:36:33 [INFO] base_models.logistic_regression:57 - LogisticRegression final iteration 1499, max_iter=1500, learning_rate = 0.05
2025-06-28 09:36:33 [INFO] adaboost.adaboost:25 - model is <base_models.logistic_regression.LogisticRegressionModel object at 0x000002D569ABCBB0>
2025-06-28 09:36:33 [INFO] base_models.logistic_regression:57 - LogisticRegression final iteration 0, max_iter=1500, learning_rate = 0.05
2025-06-28 09:36:34 [INFO] base_models.logistic_regression:57 - LogisticRegression final iteration 1499, max_iter=1500, learning_rate = 0.05
2025-06-28 09:36:34 [INFO] adaboost.adaboost:25 - model is <base_models.logistic_regression.LogisticRegressionModel object at 0x000002D569ABCC10>
2025-06-28 09:36:34 [INFO] base_models.logistic_regression:57 - LogisticRegression final iteration 0, max_iter=1500, learning_rate = 0.05
2025-06-28 09:36:35 [INFO] base_models.logistic_regression:57 - LogisticRegression final iteration 1499, max_iter=1500, learning_rate = 0.05
2025-06-28 09:36:35 [INFO] adaboost.adaboost:25 - model is <base_models.logistic_regression.LogisticRegressionModel object at 0x000002D569ABCC70>
2025-06-28 09:36:35 [INFO] base_models.logistic_regression:57 - LogisticRegression final iteration 0, max_iter=1500, learning_rate = 0.05
2025-06-28 09:36:35 [INFO] base_models.logistic_regression:57 - LogisticRegression final iteration 1499, max_iter=1500, learning_rate = 0.05
2025-06-28 09:36:35 [INFO] adaboost.adaboost:25 - model is <base_models.logistic_regression.LogisticRegressionModel object at 0x000002D569ABCCD0>
2025-06-28 09:36:35 [INFO] base_models.logistic_regression:57 - LogisticRegression final iteration 0, max_iter=1500, learning_rate = 0.05
2025-06-28 09:36:36 [INFO] base_models.logistic_regression:57 - LogisticRegression final iteration 1499, max_iter=1500, learning_rate = 0.05
2025-06-28 09:36:36 [INFO] adaboost.adaboost:25 - model is <base_models.logistic_regression.LogisticRegressionModel object at 0x000002D569ABCD30>
2025-06-28 09:36:36 [INFO] base_models.logistic_regression:57 - LogisticRegression final iteration 0, max_iter=1500, learning_rate = 0.05
2025-06-28 09:36:37 [INFO] base_models.logistic_regression:57 - LogisticRegression final iteration 1499, max_iter=1500, learning_rate = 0.05
2025-06-28 09:36:37 [INFO] adaboost.adaboost:25 - model is <base_models.logistic_regression.LogisticRegressionModel object at 0x000002D569ABCD90>
2025-06-28 09:36:37 [INFO] base_models.logistic_regression:57 - LogisticRegression final iteration 0, max_iter=1500, learning_rate = 0.05
2025-06-28 09:36:38 [INFO] base_models.logistic_regression:57 - LogisticRegression final iteration 1499, max_iter=1500, learning_rate = 0.05
2025-06-28 09:36:38 [INFO] adaboost.adaboost:25 - model is <base_models.logistic_regression.LogisticRegressionModel object at 0x000002D569ABCDF0>
2025-06-28 09:36:38 [INFO] base_models.logistic_regression:57 - LogisticRegression final iteration 0, max_iter=1500, learning_rate = 0.05
2025-06-28 09:36:39 [INFO] base_models.logistic_regression:57 - LogisticRegression final iteration 1499, max_iter=1500, learning_rate = 0.05
2025-06-28 09:36:39 [INFO] adaboost.adaboost:25 - model is <base_models.logistic_regression.LogisticRegressionModel object at 0x000002D569ABCE50>
2025-06-28 09:36:39 [INFO] base_models.logistic_regression:57 - LogisticRegression final iteration 0, max_iter=1500, learning_rate = 0.05
2025-06-28 09:36:39 [INFO] base_models.logistic_regression:57 - LogisticRegression final iteration 1499, max_iter=1500, learning_rate = 0.05
2025-06-28 09:36:39 [INFO] adaboost.adaboost:25 - model is <base_models.logistic_regression.LogisticRegressionModel object at 0x000002D569ABCEB0>
2025-06-28 09:36:39 [INFO] base_models.logistic_regression:57 - LogisticRegression final iteration 0, max_iter=1500, learning_rate = 0.05
2025-06-28 09:36:40 [INFO] base_models.logistic_regression:57 - LogisticRegression final iteration 1499, max_iter=1500, learning_rate = 0.05
2025-06-28 09:36:40 [INFO] adaboost.adaboost:25 - model is <base_models.logistic_regression.LogisticRegressionModel object at 0x000002D569ABC040>
2025-06-28 09:36:40 [INFO] base_models.logistic_regression:57 - LogisticRegression final iteration 0, max_iter=1500, learning_rate = 0.05
2025-06-28 09:36:41 [INFO] base_models.logistic_regression:57 - LogisticRegression final iteration 1499, max_iter=1500, learning_rate = 0.05
2025-06-28 09:36:41 [INFO] adaboost.adaboost:25 - model is <base_models.logistic_regression.LogisticRegressionModel object at 0x000002D569ABC1C0>
2025-06-28 09:36:41 [INFO] base_models.logistic_regression:57 - LogisticRegression final iteration 0, max_iter=1500, learning_rate = 0.05
2025-06-28 09:36:42 [INFO] base_models.logistic_regression:57 - LogisticRegression final iteration 1499, max_iter=1500, learning_rate = 0.05
2025-06-28 09:36:42 [INFO] adaboost.adaboost:25 - model is <base_models.logistic_regression.LogisticRegressionModel object at 0x000002D569ABC220>
2025-06-28 09:36:42 [INFO] base_models.logistic_regression:57 - LogisticRegression final iteration 0, max_iter=1500, learning_rate = 0.05
2025-06-28 09:36:42 [INFO] base_models.logistic_regression:57 - LogisticRegression final iteration 1499, max_iter=1500, learning_rate = 0.05
2025-06-28 09:36:42 [INFO] adaboost.adaboost:25 - model is <base_models.logistic_regression.LogisticRegressionModel object at 0x000002D569ABC130>
2025-06-28 09:36:42 [INFO] base_models.logistic_regression:57 - LogisticRegression final iteration 0, max_iter=1500, learning_rate = 0.05
2025-06-28 09:36:43 [INFO] base_models.logistic_regression:57 - LogisticRegression final iteration 1499, max_iter=1500, learning_rate = 0.05
2025-06-28 09:36:43 [INFO] adaboost.adaboost:25 - model is <base_models.logistic_regression.LogisticRegressionModel object at 0x000002D569ABC190>
2025-06-28 09:36:43 [INFO] base_models.logistic_regression:57 - LogisticRegression final iteration 0, max_iter=1500, learning_rate = 0.05
2025-06-28 09:36:44 [INFO] base_models.logistic_regression:57 - LogisticRegression final iteration 1499, max_iter=1500, learning_rate = 0.05
2025-06-28 09:36:44 [INFO] adaboost.adaboost:25 - model is <base_models.logistic_regression.LogisticRegressionModel object at 0x000002D56B5612B0>
2025-06-28 09:36:44 [INFO] base_models.logistic_regression:57 - LogisticRegression final iteration 0, max_iter=1500, learning_rate = 0.05
2025-06-28 09:36:45 [INFO] base_models.logistic_regression:57 - LogisticRegression final iteration 1499, max_iter=1500, learning_rate = 0.05
2025-06-28 09:36:45 [INFO] adaboost.adaboost:25 - model is <base_models.logistic_regression.LogisticRegressionModel object at 0x000002D56B561130>
2025-06-28 09:36:45 [INFO] base_models.logistic_regression:57 - LogisticRegression final iteration 0, max_iter=1500, learning_rate = 0.05
2025-06-28 09:36:45 [INFO] base_models.logistic_regression:57 - LogisticRegression final iteration 1499, max_iter=1500, learning_rate = 0.05
2025-06-28 09:36:45 [INFO] adaboost.adaboost:25 - model is <base_models.logistic_regression.LogisticRegressionModel object at 0x000002D56B561310>
2025-06-28 09:36:45 [INFO] base_models.logistic_regression:57 - LogisticRegression final iteration 0, max_iter=1500, learning_rate = 0.05
2025-06-28 09:36:46 [INFO] base_models.logistic_regression:57 - LogisticRegression final iteration 1499, max_iter=1500, learning_rate = 0.05
2025-06-28 09:36:46 [INFO] adaboost.adaboost:25 - model is <base_models.logistic_regression.LogisticRegressionModel object at 0x000002D56B561370>
2025-06-28 09:36:46 [INFO] base_models.logistic_regression:57 - LogisticRegression final iteration 0, max_iter=1500, learning_rate = 0.05
2025-06-28 09:36:47 [INFO] base_models.logistic_regression:57 - LogisticRegression final iteration 1499, max_iter=1500, learning_rate = 0.05
2025-06-28 09:36:47 [INFO] adaboost.adaboost:25 - model is <base_models.logistic_regression.LogisticRegressionModel object at 0x000002D56B5613D0>
2025-06-28 09:36:47 [INFO] base_models.logistic_regression:57 - LogisticRegression final iteration 0, max_iter=1500, learning_rate = 0.05
2025-06-28 09:36:47 [INFO] base_models.logistic_regression:57 - LogisticRegression final iteration 1499, max_iter=1500, learning_rate = 0.05
2025-06-28 09:36:47 [INFO] adaboost.adaboost:25 - model is <base_models.logistic_regression.LogisticRegressionModel object at 0x000002D56B561430>
2025-06-28 09:36:47 [INFO] base_models.logistic_regression:57 - LogisticRegression final iteration 0, max_iter=1500, learning_rate = 0.05
2025-06-28 09:36:48 [INFO] base_models.logistic_regression:57 - LogisticRegression final iteration 1499, max_iter=1500, learning_rate = 0.05
2025-06-28 09:36:48 [INFO] adaboost.adaboost:25 - model is <base_models.logistic_regression.LogisticRegressionModel object at 0x000002D56B561490>
2025-06-28 09:36:48 [INFO] base_models.logistic_regression:57 - LogisticRegression final iteration 0, max_iter=1500, learning_rate = 0.05
2025-06-28 09:36:49 [INFO] base_models.logistic_regression:57 - LogisticRegression final iteration 1499, max_iter=1500, learning_rate = 0.05
2025-06-28 09:36:49 [INFO] adaboost.adaboost:25 - model is <base_models.logistic_regression.LogisticRegressionModel object at 0x000002D56B5614F0>
2025-06-28 09:36:49 [INFO] base_models.logistic_regression:57 - LogisticRegression final iteration 0, max_iter=1500, learning_rate = 0.05
2025-06-28 09:36:50 [INFO] base_models.logistic_regression:57 - LogisticRegression final iteration 1499, max_iter=1500, learning_rate = 0.05
2025-06-28 09:36:50 [INFO] adaboost.adaboost:25 - model is <base_models.logistic_regression.LogisticRegressionModel object at 0x000002D56B561550>
2025-06-28 09:36:50 [INFO] base_models.logistic_regression:57 - LogisticRegression final iteration 0, max_iter=1500, learning_rate = 0.05
2025-06-28 09:36:50 [INFO] base_models.logistic_regression:57 - LogisticRegression final iteration 1499, max_iter=1500, learning_rate = 0.05
2025-06-28 09:36:50 [INFO] adaboost.adaboost:25 - model is <base_models.logistic_regression.LogisticRegressionModel object at 0x000002D56B5615B0>
2025-06-28 09:36:50 [INFO] base_models.logistic_regression:57 - LogisticRegression final iteration 0, max_iter=1500, learning_rate = 0.05
2025-06-28 09:36:51 [INFO] base_models.logistic_regression:57 - LogisticRegression final iteration 1499, max_iter=1500, learning_rate = 0.05
2025-06-28 09:36:51 [INFO] adaboost.adaboost:25 - model is <base_models.logistic_regression.LogisticRegressionModel object at 0x000002D56B561610>
2025-06-28 09:36:51 [INFO] base_models.logistic_regression:57 - LogisticRegression final iteration 0, max_iter=1500, learning_rate = 0.05
2025-06-28 09:36:52 [INFO] base_models.logistic_regression:57 - LogisticRegression final iteration 1499, max_iter=1500, learning_rate = 0.05
2025-06-28 09:36:52 [INFO] adaboost.adaboost:25 - model is <base_models.logistic_regression.LogisticRegressionModel object at 0x000002D56B561670>
2025-06-28 09:36:52 [INFO] base_models.logistic_regression:57 - LogisticRegression final iteration 0, max_iter=1500, learning_rate = 0.05
2025-06-28 09:36:52 [INFO] base_models.logistic_regression:57 - LogisticRegression final iteration 1499, max_iter=1500, learning_rate = 0.05
2025-06-28 09:36:52 [INFO] adaboost.adaboost:25 - model is <base_models.logistic_regression.LogisticRegressionModel object at 0x000002D56B5616D0>
2025-06-28 09:36:52 [INFO] base_models.logistic_regression:57 - LogisticRegression final iteration 0, max_iter=1500, learning_rate = 0.05
2025-06-28 09:36:53 [INFO] base_models.logistic_regression:57 - LogisticRegression final iteration 1499, max_iter=1500, learning_rate = 0.05
2025-06-28 09:36:53 [INFO] adaboost.adaboost:25 - model is <base_models.logistic_regression.LogisticRegressionModel object at 0x000002D56B561730>
2025-06-28 09:36:53 [INFO] base_models.logistic_regression:57 - LogisticRegression final iteration 0, max_iter=1500, learning_rate = 0.05
2025-06-28 09:36:54 [INFO] base_models.logistic_regression:57 - LogisticRegression final iteration 1499, max_iter=1500, learning_rate = 0.05
2025-06-28 09:36:54 [INFO] adaboost.adaboost:25 - model is <base_models.logistic_regression.LogisticRegressionModel object at 0x000002D56B561790>
2025-06-28 09:36:54 [INFO] base_models.logistic_regression:57 - LogisticRegression final iteration 0, max_iter=1500, learning_rate = 0.05
2025-06-28 09:36:55 [INFO] base_models.logistic_regression:57 - LogisticRegression final iteration 1499, max_iter=1500, learning_rate = 0.05
2025-06-28 09:36:55 [INFO] adaboost.adaboost:25 - model is <base_models.logistic_regression.LogisticRegressionModel object at 0x000002D56B5617F0>
2025-06-28 09:36:55 [INFO] base_models.logistic_regression:57 - LogisticRegression final iteration 0, max_iter=1500, learning_rate = 0.05
2025-06-28 09:36:55 [INFO] base_models.logistic_regression:57 - LogisticRegression final iteration 1499, max_iter=1500, learning_rate = 0.05
2025-06-28 09:36:55 [INFO] adaboost.adaboost:25 - model is <base_models.logistic_regression.LogisticRegressionModel object at 0x000002D56B561850>
2025-06-28 09:36:55 [INFO] base_models.logistic_regression:57 - LogisticRegression final iteration 0, max_iter=1500, learning_rate = 0.05
2025-06-28 09:36:56 [INFO] base_models.logistic_regression:57 - LogisticRegression final iteration 1499, max_iter=1500, learning_rate = 0.05
2025-06-28 09:36:56 [INFO] adaboost.adaboost:25 - model is <base_models.logistic_regression.LogisticRegressionModel object at 0x000002D56B5618E0>
2025-06-28 09:36:56 [INFO] base_models.logistic_regression:57 - LogisticRegression final iteration 0, max_iter=1500, learning_rate = 0.05
2025-06-28 09:36:57 [INFO] base_models.logistic_regression:57 - LogisticRegression final iteration 1499, max_iter=1500, learning_rate = 0.05
2025-06-28 09:36:57 [INFO] adaboost.adaboost:25 - model is <base_models.logistic_regression.LogisticRegressionModel object at 0x000002D56B561940>
2025-06-28 09:36:57 [INFO] base_models.logistic_regression:57 - LogisticRegression final iteration 0, max_iter=1500, learning_rate = 0.05
2025-06-28 09:36:57 [INFO] base_models.logistic_regression:57 - LogisticRegression final iteration 1499, max_iter=1500, learning_rate = 0.05
2025-06-28 09:36:57 [INFO] adaboost.adaboost:25 - model is <base_models.logistic_regression.LogisticRegressionModel object at 0x000002D56B5619A0>
2025-06-28 09:36:57 [INFO] base_models.logistic_regression:57 - LogisticRegression final iteration 0, max_iter=1500, learning_rate = 0.05
2025-06-28 09:36:58 [INFO] base_models.logistic_regression:57 - LogisticRegression final iteration 1499, max_iter=1500, learning_rate = 0.05
2025-06-28 09:36:58 [INFO] adaboost.adaboost:25 - model is <base_models.logistic_regression.LogisticRegressionModel object at 0x000002D56B561A30>
2025-06-28 09:36:58 [INFO] base_models.logistic_regression:57 - LogisticRegression final iteration 0, max_iter=1500, learning_rate = 0.05
2025-06-28 09:36:59 [INFO] base_models.logistic_regression:57 - LogisticRegression final iteration 1499, max_iter=1500, learning_rate = 0.05
2025-06-28 09:36:59 [INFO] adaboost.adaboost:25 - model is <base_models.logistic_regression.LogisticRegressionModel object at 0x000002D56B561B20>
2025-06-28 09:36:59 [INFO] base_models.logistic_regression:57 - LogisticRegression final iteration 0, max_iter=1500, learning_rate = 0.05
2025-06-28 09:37:00 [INFO] base_models.logistic_regression:57 - LogisticRegression final iteration 1499, max_iter=1500, learning_rate = 0.05
2025-06-28 09:37:00 [INFO] adaboost.adaboost:25 - model is <base_models.logistic_regression.LogisticRegressionModel object at 0x000002D56B561B80>
2025-06-28 09:37:00 [INFO] base_models.logistic_regression:57 - LogisticRegression final iteration 0, max_iter=1500, learning_rate = 0.05
2025-06-28 09:37:01 [INFO] base_models.logistic_regression:57 - LogisticRegression final iteration 1499, max_iter=1500, learning_rate = 0.05
2025-06-28 09:37:01 [INFO] adaboost.adaboost:25 - model is <base_models.logistic_regression.LogisticRegressionModel object at 0x000002D56B561BE0>
2025-06-28 09:37:01 [INFO] base_models.logistic_regression:57 - LogisticRegression final iteration 0, max_iter=1500, learning_rate = 0.05
2025-06-28 09:37:01 [INFO] base_models.logistic_regression:57 - LogisticRegression final iteration 1499, max_iter=1500, learning_rate = 0.05
2025-06-28 09:37:01 [INFO] adaboost.adaboost:25 - model is <base_models.logistic_regression.LogisticRegressionModel object at 0x000002D56B561C40>
2025-06-28 09:37:01 [INFO] base_models.logistic_regression:57 - LogisticRegression final iteration 0, max_iter=1500, learning_rate = 0.05
2025-06-28 09:37:02 [INFO] base_models.logistic_regression:57 - LogisticRegression final iteration 1499, max_iter=1500, learning_rate = 0.05
2025-06-28 09:37:02 [INFO] adaboost.adaboost:25 - model is <base_models.logistic_regression.LogisticRegressionModel object at 0x000002D56B561CA0>
2025-06-28 09:37:02 [INFO] base_models.logistic_regression:57 - LogisticRegression final iteration 0, max_iter=1500, learning_rate = 0.05
2025-06-28 09:37:03 [INFO] base_models.logistic_regression:57 - LogisticRegression final iteration 1499, max_iter=1500, learning_rate = 0.05
2025-06-28 09:37:03 [INFO] adaboost.adaboost:25 - model is <base_models.logistic_regression.LogisticRegressionModel object at 0x000002D56B561D00>
2025-06-28 09:37:03 [INFO] base_models.logistic_regression:57 - LogisticRegression final iteration 0, max_iter=1500, learning_rate = 0.05
2025-06-28 09:37:04 [INFO] base_models.logistic_regression:57 - LogisticRegression final iteration 1499, max_iter=1500, learning_rate = 0.05
2025-06-28 09:37:04 [INFO] adaboost.adaboost:25 - model is <base_models.logistic_regression.LogisticRegressionModel object at 0x000002D56B561D60>
2025-06-28 09:37:04 [INFO] base_models.logistic_regression:57 - LogisticRegression final iteration 0, max_iter=1500, learning_rate = 0.05
2025-06-28 09:37:04 [INFO] base_models.logistic_regression:57 - LogisticRegression final iteration 1499, max_iter=1500, learning_rate = 0.05
2025-06-28 09:37:04 [INFO] adaboost.adaboost:25 - model is <base_models.logistic_regression.LogisticRegressionModel object at 0x000002D56B561DC0>
2025-06-28 09:37:04 [INFO] base_models.logistic_regression:57 - LogisticRegression final iteration 0, max_iter=1500, learning_rate = 0.05
2025-06-28 09:37:05 [INFO] base_models.logistic_regression:57 - LogisticRegression final iteration 1499, max_iter=1500, learning_rate = 0.05
2025-06-28 09:37:05 [INFO] adaboost.adaboost:25 - model is <base_models.logistic_regression.LogisticRegressionModel object at 0x000002D56B561E20>
2025-06-28 09:37:05 [INFO] base_models.logistic_regression:57 - LogisticRegression final iteration 0, max_iter=1500, learning_rate = 0.05
2025-06-28 09:37:06 [INFO] base_models.logistic_regression:57 - LogisticRegression final iteration 1499, max_iter=1500, learning_rate = 0.05
2025-06-28 09:37:06 [INFO] adaboost.adaboost:25 - model is <base_models.logistic_regression.LogisticRegressionModel object at 0x000002D56B561E80>
2025-06-28 09:37:06 [INFO] base_models.logistic_regression:57 - LogisticRegression final iteration 0, max_iter=1500, learning_rate = 0.05
2025-06-28 09:37:07 [INFO] base_models.logistic_regression:57 - LogisticRegression final iteration 1499, max_iter=1500, learning_rate = 0.05
2025-06-28 09:37:07 [INFO] adaboost.adaboost:25 - model is <base_models.logistic_regression.LogisticRegressionModel object at 0x000002D56B561EE0>
2025-06-28 09:37:07 [INFO] base_models.logistic_regression:57 - LogisticRegression final iteration 0, max_iter=1500, learning_rate = 0.05
2025-06-28 09:37:07 [INFO] base_models.logistic_regression:57 - LogisticRegression final iteration 1499, max_iter=1500, learning_rate = 0.05
2025-06-28 09:37:07 [INFO] adaboost.adaboost:25 - model is <base_models.logistic_regression.LogisticRegressionModel object at 0x000002D56B561F40>
2025-06-28 09:37:07 [INFO] base_models.logistic_regression:57 - LogisticRegression final iteration 0, max_iter=1500, learning_rate = 0.05
2025-06-28 09:37:08 [INFO] base_models.logistic_regression:57 - LogisticRegression final iteration 1499, max_iter=1500, learning_rate = 0.05
2025-06-28 09:37:08 [INFO] adaboost.adaboost:25 - model is <base_models.logistic_regression.LogisticRegressionModel object at 0x000002D56B561FA0>
2025-06-28 09:37:08 [INFO] base_models.logistic_regression:57 - LogisticRegression final iteration 0, max_iter=1500, learning_rate = 0.05
2025-06-28 09:37:09 [INFO] base_models.logistic_regression:57 - LogisticRegression final iteration 1499, max_iter=1500, learning_rate = 0.05
2025-06-28 09:37:09 [INFO] adaboost.adaboost:25 - model is <base_models.logistic_regression.LogisticRegressionModel object at 0x000002D56B5610A0>
2025-06-28 09:37:09 [INFO] base_models.logistic_regression:57 - LogisticRegression final iteration 0, max_iter=1500, learning_rate = 0.05
2025-06-28 09:37:10 [INFO] base_models.logistic_regression:57 - LogisticRegression final iteration 1499, max_iter=1500, learning_rate = 0.05
2025-06-28 09:37:10 [INFO] adaboost.adaboost:25 - model is <base_models.logistic_regression.LogisticRegressionModel object at 0x000002D56B561040>
2025-06-28 09:37:10 [INFO] base_models.logistic_regression:57 - LogisticRegression final iteration 0, max_iter=1500, learning_rate = 0.05
2025-06-28 09:37:10 [INFO] base_models.logistic_regression:57 - LogisticRegression final iteration 1499, max_iter=1500, learning_rate = 0.05
2025-06-28 09:37:10 [INFO] adaboost.adaboost:25 - model is <base_models.logistic_regression.LogisticRegressionModel object at 0x000002D56B5611F0>
2025-06-28 09:37:10 [INFO] base_models.logistic_regression:57 - LogisticRegression final iteration 0, max_iter=1500, learning_rate = 0.05
2025-06-28 09:37:11 [INFO] base_models.logistic_regression:57 - LogisticRegression final iteration 1499, max_iter=1500, learning_rate = 0.05
2025-06-28 09:37:11 [INFO] adaboost.adaboost:25 - model is <base_models.logistic_regression.LogisticRegressionModel object at 0x000002D56B561160>
2025-06-28 09:37:11 [INFO] base_models.logistic_regression:57 - LogisticRegression final iteration 0, max_iter=1500, learning_rate = 0.05
2025-06-28 09:37:12 [INFO] base_models.logistic_regression:57 - LogisticRegression final iteration 1499, max_iter=1500, learning_rate = 0.05
2025-06-28 09:37:12 [INFO] adaboost.adaboost:25 - model is <base_models.logistic_regression.LogisticRegressionModel object at 0x000002D56B5611C0>
2025-06-28 09:37:12 [INFO] base_models.logistic_regression:57 - LogisticRegression final iteration 0, max_iter=1500, learning_rate = 0.05
2025-06-28 09:37:12 [INFO] base_models.logistic_regression:57 - LogisticRegression final iteration 1499, max_iter=1500, learning_rate = 0.05
2025-06-28 09:37:12 [INFO] adaboost.adaboost:25 - model is <base_models.logistic_regression.LogisticRegressionModel object at 0x000002D56B561280>
2025-06-28 09:37:12 [INFO] base_models.logistic_regression:57 - LogisticRegression final iteration 0, max_iter=1500, learning_rate = 0.05
2025-06-28 09:37:13 [INFO] base_models.logistic_regression:57 - LogisticRegression final iteration 1499, max_iter=1500, learning_rate = 0.05
2025-06-28 09:37:13 [INFO] adaboost.adaboost:25 - model is <base_models.logistic_regression.LogisticRegressionModel object at 0x000002D5413E4C70>
2025-06-28 09:37:13 [INFO] base_models.logistic_regression:57 - LogisticRegression final iteration 0, max_iter=1500, learning_rate = 0.05
2025-06-28 09:37:14 [INFO] base_models.logistic_regression:57 - LogisticRegression final iteration 1499, max_iter=1500, learning_rate = 0.05
2025-06-28 09:37:14 [INFO] adaboost.adaboost:25 - model is <base_models.logistic_regression.LogisticRegressionModel object at 0x000002D569A16FD0>
2025-06-28 09:37:14 [INFO] base_models.logistic_regression:57 - LogisticRegression final iteration 0, max_iter=1500, learning_rate = 0.05
2025-06-28 09:37:15 [INFO] base_models.logistic_regression:57 - LogisticRegression final iteration 1499, max_iter=1500, learning_rate = 0.05
2025-06-28 09:37:15 [INFO] adaboost.adaboost:25 - model is <base_models.logistic_regression.LogisticRegressionModel object at 0x000002D569A07D60>
2025-06-28 09:37:15 [INFO] base_models.logistic_regression:57 - LogisticRegression final iteration 0, max_iter=1500, learning_rate = 0.05
2025-06-28 09:37:15 [INFO] base_models.logistic_regression:57 - LogisticRegression final iteration 1499, max_iter=1500, learning_rate = 0.05
2025-06-28 09:37:15 [INFO] adaboost.adaboost:25 - model is <base_models.logistic_regression.LogisticRegressionModel object at 0x000002D5699FCF70>
2025-06-28 09:37:15 [INFO] base_models.logistic_regression:57 - LogisticRegression final iteration 0, max_iter=1500, learning_rate = 0.05
2025-06-28 09:37:16 [INFO] base_models.logistic_regression:57 - LogisticRegression final iteration 1499, max_iter=1500, learning_rate = 0.05
2025-06-28 09:37:16 [INFO] adaboost.adaboost:25 - model is <base_models.logistic_regression.LogisticRegressionModel object at 0x000002D569A459A0>
2025-06-28 09:37:16 [INFO] base_models.logistic_regression:57 - LogisticRegression final iteration 0, max_iter=1500, learning_rate = 0.05
2025-06-28 09:37:17 [INFO] base_models.logistic_regression:57 - LogisticRegression final iteration 1499, max_iter=1500, learning_rate = 0.05
2025-06-28 09:37:17 [INFO] adaboost.adaboost:25 - model is <base_models.logistic_regression.LogisticRegressionModel object at 0x000002D569A45DC0>
2025-06-28 09:37:17 [INFO] base_models.logistic_regression:57 - LogisticRegression final iteration 0, max_iter=1500, learning_rate = 0.05
2025-06-28 09:37:18 [INFO] base_models.logistic_regression:57 - LogisticRegression final iteration 1499, max_iter=1500, learning_rate = 0.05
2025-06-28 09:37:18 [INFO] adaboost.adaboost:25 - model is <base_models.logistic_regression.LogisticRegressionModel object at 0x000002D569A45F70>
2025-06-28 09:37:18 [INFO] base_models.logistic_regression:57 - LogisticRegression final iteration 0, max_iter=1500, learning_rate = 0.05
2025-06-28 09:37:18 [INFO] base_models.logistic_regression:57 - LogisticRegression final iteration 1499, max_iter=1500, learning_rate = 0.05
2025-06-28 09:37:18 [INFO] adaboost.adaboost:25 - model is <base_models.logistic_regression.LogisticRegressionModel object at 0x000002D569A45EE0>
2025-06-28 09:37:18 [INFO] base_models.logistic_regression:57 - LogisticRegression final iteration 0, max_iter=1500, learning_rate = 0.05
2025-06-28 09:37:19 [INFO] base_models.logistic_regression:57 - LogisticRegression final iteration 1499, max_iter=1500, learning_rate = 0.05
2025-06-28 09:37:19 [INFO] adaboost.adaboost:25 - model is <base_models.logistic_regression.LogisticRegressionModel object at 0x000002D569A45FA0>
2025-06-28 09:37:19 [INFO] base_models.logistic_regression:57 - LogisticRegression final iteration 0, max_iter=1500, learning_rate = 0.05
2025-06-28 09:37:20 [INFO] base_models.logistic_regression:57 - LogisticRegression final iteration 1499, max_iter=1500, learning_rate = 0.05
2025-06-28 09:37:20 [INFO] adaboost.adaboost:25 - model is <base_models.logistic_regression.LogisticRegressionModel object at 0x000002D569A45E20>
2025-06-28 09:37:20 [INFO] base_models.logistic_regression:57 - LogisticRegression final iteration 0, max_iter=1500, learning_rate = 0.05
2025-06-28 09:37:21 [INFO] base_models.logistic_regression:57 - LogisticRegression final iteration 1499, max_iter=1500, learning_rate = 0.05
2025-06-28 09:37:21 [INFO] adaboost.adaboost:25 - model is <base_models.logistic_regression.LogisticRegressionModel object at 0x000002D56AA90D00>
2025-06-28 09:37:21 [INFO] base_models.logistic_regression:57 - LogisticRegression final iteration 0, max_iter=1500, learning_rate = 0.05
2025-06-28 09:37:21 [INFO] base_models.logistic_regression:57 - LogisticRegression final iteration 1499, max_iter=1500, learning_rate = 0.05
2025-06-28 09:37:21 [INFO] adaboost.adaboost:25 - model is <base_models.logistic_regression.LogisticRegressionModel object at 0x000002D56AA90E20>
2025-06-28 09:37:21 [INFO] base_models.logistic_regression:57 - LogisticRegression final iteration 0, max_iter=1500, learning_rate = 0.05
2025-06-28 09:37:22 [INFO] base_models.logistic_regression:57 - LogisticRegression final iteration 1499, max_iter=1500, learning_rate = 0.05
2025-06-28 09:37:22 [INFO] adaboost.adaboost:25 - model is <base_models.logistic_regression.LogisticRegressionModel object at 0x000002D56AA90EE0>
2025-06-28 09:37:22 [INFO] base_models.logistic_regression:57 - LogisticRegression final iteration 0, max_iter=1500, learning_rate = 0.05
2025-06-28 09:37:23 [INFO] base_models.logistic_regression:57 - LogisticRegression final iteration 1499, max_iter=1500, learning_rate = 0.05
2025-06-28 09:37:23 [INFO] adaboost.adaboost:25 - model is <base_models.logistic_regression.LogisticRegressionModel object at 0x000002D56AA90F40>
2025-06-28 09:37:23 [INFO] base_models.logistic_regression:57 - LogisticRegression final iteration 0, max_iter=1500, learning_rate = 0.05
2025-06-28 09:37:23 [INFO] base_models.logistic_regression:57 - LogisticRegression final iteration 1499, max_iter=1500, learning_rate = 0.05
2025-06-28 09:37:23 [INFO] adaboost.adaboost:25 - model is <base_models.logistic_regression.LogisticRegressionModel object at 0x000002D56AA90FA0>
2025-06-28 09:37:23 [INFO] base_models.logistic_regression:57 - LogisticRegression final iteration 0, max_iter=1500, learning_rate = 0.05
2025-06-28 09:37:24 [INFO] base_models.logistic_regression:57 - LogisticRegression final iteration 1499, max_iter=1500, learning_rate = 0.05
2025-06-28 09:37:24 [INFO] adaboost.adaboost:25 - model is <base_models.logistic_regression.LogisticRegressionModel object at 0x000002D56AA90CA0>
2025-06-28 09:37:24 [INFO] base_models.logistic_regression:57 - LogisticRegression final iteration 0, max_iter=1500, learning_rate = 0.05
2025-06-28 09:37:25 [INFO] base_models.logistic_regression:57 - LogisticRegression final iteration 1499, max_iter=1500, learning_rate = 0.05
2025-06-28 09:37:25 [INFO] adaboost.adaboost:25 - model is <base_models.logistic_regression.LogisticRegressionModel object at 0x000002D56AA90BB0>
2025-06-28 09:37:25 [INFO] base_models.logistic_regression:57 - LogisticRegression final iteration 0, max_iter=1500, learning_rate = 0.05
2025-06-28 09:37:26 [INFO] base_models.logistic_regression:57 - LogisticRegression final iteration 1499, max_iter=1500, learning_rate = 0.05
2025-06-28 09:37:26 [INFO] adaboost.adaboost:25 - model is <base_models.logistic_regression.LogisticRegressionModel object at 0x000002D56AA90E80>
2025-06-28 09:37:26 [INFO] base_models.logistic_regression:57 - LogisticRegression final iteration 0, max_iter=1500, learning_rate = 0.05
2025-06-28 09:37:26 [INFO] base_models.logistic_regression:57 - LogisticRegression final iteration 1499, max_iter=1500, learning_rate = 0.05
2025-06-28 09:37:26 [INFO] adaboost.adaboost:25 - model is <base_models.logistic_regression.LogisticRegressionModel object at 0x000002D56AA90D90>
2025-06-28 09:37:26 [INFO] base_models.logistic_regression:57 - LogisticRegression final iteration 0, max_iter=1500, learning_rate = 0.05
2025-06-28 09:37:27 [INFO] base_models.logistic_regression:57 - LogisticRegression final iteration 1499, max_iter=1500, learning_rate = 0.05
2025-06-28 09:37:27 [INFO] adaboost.adaboost:25 - model is <base_models.logistic_regression.LogisticRegressionModel object at 0x000002D56AA90C70>
2025-06-28 09:37:27 [INFO] base_models.logistic_regression:57 - LogisticRegression final iteration 0, max_iter=1500, learning_rate = 0.05
2025-06-28 09:37:28 [INFO] base_models.logistic_regression:57 - LogisticRegression final iteration 1499, max_iter=1500, learning_rate = 0.05
2025-06-28 09:37:28 [INFO] adaboost.adaboost:25 - model is <base_models.logistic_regression.LogisticRegressionModel object at 0x000002D56AA90D60>
2025-06-28 09:37:28 [INFO] base_models.logistic_regression:57 - LogisticRegression final iteration 0, max_iter=1500, learning_rate = 0.05
2025-06-28 09:37:29 [INFO] base_models.logistic_regression:57 - LogisticRegression final iteration 1499, max_iter=1500, learning_rate = 0.05
2025-06-28 09:37:29 [INFO] adaboost.adaboost:25 - model is <base_models.logistic_regression.LogisticRegressionModel object at 0x000002D569ABC0D0>
2025-06-28 09:37:29 [INFO] base_models.logistic_regression:57 - LogisticRegression final iteration 0, max_iter=1500, learning_rate = 0.05
2025-06-28 09:37:30 [INFO] base_models.logistic_regression:57 - LogisticRegression final iteration 1499, max_iter=1500, learning_rate = 0.05
2025-06-28 09:37:30 [INFO] adaboost.adaboost:25 - model is <base_models.logistic_regression.LogisticRegressionModel object at 0x000002D569ABC2B0>
2025-06-28 09:37:30 [INFO] base_models.logistic_regression:57 - LogisticRegression final iteration 0, max_iter=1500, learning_rate = 0.05
2025-06-28 09:37:30 [INFO] base_models.logistic_regression:57 - LogisticRegression final iteration 1499, max_iter=1500, learning_rate = 0.05
2025-06-28 09:37:30 [INFO] adaboost.adaboost:25 - model is <base_models.logistic_regression.LogisticRegressionModel object at 0x000002D569ABC310>
2025-06-28 09:37:30 [INFO] base_models.logistic_regression:57 - LogisticRegression final iteration 0, max_iter=1500, learning_rate = 0.05
2025-06-28 09:37:31 [INFO] base_models.logistic_regression:57 - LogisticRegression final iteration 1499, max_iter=1500, learning_rate = 0.05
2025-06-28 09:37:31 [INFO] adaboost.adaboost:25 - model is <base_models.logistic_regression.LogisticRegressionModel object at 0x000002D569ABC370>
2025-06-28 09:37:31 [INFO] base_models.logistic_regression:57 - LogisticRegression final iteration 0, max_iter=1500, learning_rate = 0.05
2025-06-28 09:37:32 [INFO] base_models.logistic_regression:57 - LogisticRegression final iteration 1499, max_iter=1500, learning_rate = 0.05
2025-06-28 09:37:32 [INFO] adaboost.adaboost:25 - model is <base_models.logistic_regression.LogisticRegressionModel object at 0x000002D569ABC3D0>
2025-06-28 09:37:32 [INFO] base_models.logistic_regression:57 - LogisticRegression final iteration 0, max_iter=1500, learning_rate = 0.05
2025-06-28 09:37:33 [INFO] base_models.logistic_regression:57 - LogisticRegression final iteration 1499, max_iter=1500, learning_rate = 0.05
2025-06-28 09:37:33 [INFO] adaboost.adaboost:25 - model is <base_models.logistic_regression.LogisticRegressionModel object at 0x000002D569ABC430>
2025-06-28 09:37:33 [INFO] base_models.logistic_regression:57 - LogisticRegression final iteration 0, max_iter=1500, learning_rate = 0.05
2025-06-28 09:37:33 [INFO] base_models.logistic_regression:57 - LogisticRegression final iteration 1499, max_iter=1500, learning_rate = 0.05
2025-06-28 09:37:33 [INFO] adaboost.adaboost:25 - model is <base_models.logistic_regression.LogisticRegressionModel object at 0x000002D569ABC490>
2025-06-28 09:37:33 [INFO] base_models.logistic_regression:57 - LogisticRegression final iteration 0, max_iter=1500, learning_rate = 0.05
2025-06-28 09:37:34 [INFO] base_models.logistic_regression:57 - LogisticRegression final iteration 1499, max_iter=1500, learning_rate = 0.05
2025-06-28 09:37:34 [INFO] adaboost.adaboost:25 - model is <base_models.logistic_regression.LogisticRegressionModel object at 0x000002D569ABC4F0>
2025-06-28 09:37:34 [INFO] base_models.logistic_regression:57 - LogisticRegression final iteration 0, max_iter=1500, learning_rate = 0.05
2025-06-28 09:37:35 [INFO] base_models.logistic_regression:57 - LogisticRegression final iteration 1499, max_iter=1500, learning_rate = 0.05
2025-06-28 09:37:35 [INFO] adaboost.adaboost:25 - model is <base_models.logistic_regression.LogisticRegressionModel object at 0x000002D569ABC550>
2025-06-28 09:37:35 [INFO] base_models.logistic_regression:57 - LogisticRegression final iteration 0, max_iter=1500, learning_rate = 0.05
2025-06-28 09:37:36 [INFO] base_models.logistic_regression:57 - LogisticRegression final iteration 1499, max_iter=1500, learning_rate = 0.05
2025-06-28 09:37:36 [INFO] adaboost.adaboost:25 - model is <base_models.logistic_regression.LogisticRegressionModel object at 0x000002D569ABC5B0>
2025-06-28 09:37:36 [INFO] base_models.logistic_regression:57 - LogisticRegression final iteration 0, max_iter=1500, learning_rate = 0.05
2025-06-28 09:37:36 [INFO] base_models.logistic_regression:57 - LogisticRegression final iteration 1499, max_iter=1500, learning_rate = 0.05
2025-06-28 09:37:36 [INFO] adaboost.adaboost:25 - model is <base_models.logistic_regression.LogisticRegressionModel object at 0x000002D569ABC610>
2025-06-28 09:37:36 [INFO] base_models.logistic_regression:57 - LogisticRegression final iteration 0, max_iter=1500, learning_rate = 0.05
2025-06-28 09:37:37 [INFO] base_models.logistic_regression:57 - LogisticRegression final iteration 1499, max_iter=1500, learning_rate = 0.05
2025-06-28 09:37:37 [INFO] adaboost.adaboost:25 - model is <base_models.logistic_regression.LogisticRegressionModel object at 0x000002D569ABC670>
2025-06-28 09:37:37 [INFO] base_models.logistic_regression:57 - LogisticRegression final iteration 0, max_iter=1500, learning_rate = 0.05
2025-06-28 09:37:38 [INFO] base_models.logistic_regression:57 - LogisticRegression final iteration 1499, max_iter=1500, learning_rate = 0.05
2025-06-28 09:37:38 [INFO] adaboost.adaboost:25 - model is <base_models.logistic_regression.LogisticRegressionModel object at 0x000002D569ABC6D0>
2025-06-28 09:37:38 [INFO] base_models.logistic_regression:57 - LogisticRegression final iteration 0, max_iter=1500, learning_rate = 0.05
2025-06-28 09:37:38 [INFO] base_models.logistic_regression:57 - LogisticRegression final iteration 1499, max_iter=1500, learning_rate = 0.05
2025-06-28 09:37:38 [INFO] adaboost.adaboost:25 - model is <base_models.logistic_regression.LogisticRegressionModel object at 0x000002D569ABC730>
2025-06-28 09:37:38 [INFO] base_models.logistic_regression:57 - LogisticRegression final iteration 0, max_iter=1500, learning_rate = 0.05
2025-06-28 09:37:39 [INFO] base_models.logistic_regression:57 - LogisticRegression final iteration 1499, max_iter=1500, learning_rate = 0.05
2025-06-28 09:37:39 [INFO] adaboost.adaboost:25 - model is <base_models.logistic_regression.LogisticRegressionModel object at 0x000002D569ABC790>
2025-06-28 09:37:39 [INFO] base_models.logistic_regression:57 - LogisticRegression final iteration 0, max_iter=1500, learning_rate = 0.05
2025-06-28 09:37:40 [INFO] base_models.logistic_regression:57 - LogisticRegression final iteration 1499, max_iter=1500, learning_rate = 0.05
2025-06-28 09:37:40 [INFO] adaboost.adaboost:25 - model is <base_models.logistic_regression.LogisticRegressionModel object at 0x000002D569ABC7F0>
2025-06-28 09:37:40 [INFO] base_models.logistic_regression:57 - LogisticRegression final iteration 0, max_iter=1500, learning_rate = 0.05
2025-06-28 09:37:41 [INFO] base_models.logistic_regression:57 - LogisticRegression final iteration 1499, max_iter=1500, learning_rate = 0.05
2025-06-28 09:37:41 [INFO] adaboost.adaboost:25 - model is <base_models.logistic_regression.LogisticRegressionModel object at 0x000002D569ABC850>
2025-06-28 09:37:41 [INFO] base_models.logistic_regression:57 - LogisticRegression final iteration 0, max_iter=1500, learning_rate = 0.05
2025-06-28 09:37:41 [INFO] base_models.logistic_regression:57 - LogisticRegression final iteration 1499, max_iter=1500, learning_rate = 0.05
2025-06-28 09:37:41 [INFO] adaboost.adaboost:25 - model is <base_models.logistic_regression.LogisticRegressionModel object at 0x000002D569ABC8B0>
2025-06-28 09:37:41 [INFO] base_models.logistic_regression:57 - LogisticRegression final iteration 0, max_iter=1500, learning_rate = 0.05
2025-06-28 09:37:42 [INFO] base_models.logistic_regression:57 - LogisticRegression final iteration 1499, max_iter=1500, learning_rate = 0.05
2025-06-28 09:37:42 [INFO] adaboost.adaboost:25 - model is <base_models.logistic_regression.LogisticRegressionModel object at 0x000002D569ABC910>
2025-06-28 09:37:42 [INFO] base_models.logistic_regression:57 - LogisticRegression final iteration 0, max_iter=1500, learning_rate = 0.05
2025-06-28 09:37:43 [INFO] base_models.logistic_regression:57 - LogisticRegression final iteration 1499, max_iter=1500, learning_rate = 0.05
2025-06-28 09:37:43 [INFO] adaboost.adaboost:25 - model is <base_models.logistic_regression.LogisticRegressionModel object at 0x000002D569ABC970>
2025-06-28 09:37:43 [INFO] base_models.logistic_regression:57 - LogisticRegression final iteration 0, max_iter=1500, learning_rate = 0.05
2025-06-28 09:37:44 [INFO] base_models.logistic_regression:57 - LogisticRegression final iteration 1499, max_iter=1500, learning_rate = 0.05
2025-06-28 09:37:44 [INFO] adaboost.adaboost:25 - model is <base_models.logistic_regression.LogisticRegressionModel object at 0x000002D569ABC9D0>
2025-06-28 09:37:44 [INFO] base_models.logistic_regression:57 - LogisticRegression final iteration 0, max_iter=1500, learning_rate = 0.05
2025-06-28 09:37:44 [INFO] base_models.logistic_regression:57 - LogisticRegression final iteration 1499, max_iter=1500, learning_rate = 0.05
2025-06-28 09:37:44 [INFO] adaboost.adaboost:25 - model is <base_models.logistic_regression.LogisticRegressionModel object at 0x000002D569ABCA30>
2025-06-28 09:37:44 [INFO] base_models.logistic_regression:57 - LogisticRegression final iteration 0, max_iter=1500, learning_rate = 0.05
2025-06-28 09:37:45 [INFO] base_models.logistic_regression:57 - LogisticRegression final iteration 1499, max_iter=1500, learning_rate = 0.05
2025-06-28 09:37:45 [INFO] adaboost.adaboost:25 - model is <base_models.logistic_regression.LogisticRegressionModel object at 0x000002D569ABCA90>
2025-06-28 09:37:45 [INFO] base_models.logistic_regression:57 - LogisticRegression final iteration 0, max_iter=1500, learning_rate = 0.05
2025-06-28 09:37:46 [INFO] base_models.logistic_regression:57 - LogisticRegression final iteration 1499, max_iter=1500, learning_rate = 0.05
2025-06-28 09:37:46 [INFO] adaboost.adaboost:25 - model is <base_models.logistic_regression.LogisticRegressionModel object at 0x000002D569ABCAF0>
2025-06-28 09:37:46 [INFO] base_models.logistic_regression:57 - LogisticRegression final iteration 0, max_iter=1500, learning_rate = 0.05
2025-06-28 09:37:47 [INFO] base_models.logistic_regression:57 - LogisticRegression final iteration 1499, max_iter=1500, learning_rate = 0.05
2025-06-28 09:37:47 [INFO] adaboost.adaboost:25 - model is <base_models.logistic_regression.LogisticRegressionModel object at 0x000002D569ABCB50>
2025-06-28 09:37:47 [INFO] base_models.logistic_regression:57 - LogisticRegression final iteration 0, max_iter=1500, learning_rate = 0.05
2025-06-28 09:37:47 [INFO] base_models.logistic_regression:57 - LogisticRegression final iteration 1499, max_iter=1500, learning_rate = 0.05
2025-06-28 09:37:47 [INFO] adaboost.adaboost:25 - model is <base_models.logistic_regression.LogisticRegressionModel object at 0x000002D569ABCBB0>
2025-06-28 09:37:47 [INFO] base_models.logistic_regression:57 - LogisticRegression final iteration 0, max_iter=1500, learning_rate = 0.05
2025-06-28 09:37:48 [INFO] base_models.logistic_regression:57 - LogisticRegression final iteration 1499, max_iter=1500, learning_rate = 0.05
2025-06-28 09:37:48 [INFO] adaboost.adaboost:25 - model is <base_models.logistic_regression.LogisticRegressionModel object at 0x000002D569ABCC10>
2025-06-28 09:37:48 [INFO] base_models.logistic_regression:57 - LogisticRegression final iteration 0, max_iter=1500, learning_rate = 0.05
2025-06-28 09:37:49 [INFO] base_models.logistic_regression:57 - LogisticRegression final iteration 1499, max_iter=1500, learning_rate = 0.05
2025-06-28 09:37:49 [INFO] adaboost.adaboost:25 - model is <base_models.logistic_regression.LogisticRegressionModel object at 0x000002D569ABCC70>
2025-06-28 09:37:49 [INFO] base_models.logistic_regression:57 - LogisticRegression final iteration 0, max_iter=1500, learning_rate = 0.05
2025-06-28 09:37:50 [INFO] base_models.logistic_regression:57 - LogisticRegression final iteration 1499, max_iter=1500, learning_rate = 0.05
2025-06-28 09:37:50 [INFO] adaboost.adaboost:25 - model is <base_models.logistic_regression.LogisticRegressionModel object at 0x000002D569ABCCD0>
2025-06-28 09:37:50 [INFO] base_models.logistic_regression:57 - LogisticRegression final iteration 0, max_iter=1500, learning_rate = 0.05
2025-06-28 09:37:50 [INFO] base_models.logistic_regression:57 - LogisticRegression final iteration 1499, max_iter=1500, learning_rate = 0.05
2025-06-28 09:37:50 [INFO] adaboost.adaboost:25 - model is <base_models.logistic_regression.LogisticRegressionModel object at 0x000002D569ABCD30>
2025-06-28 09:37:50 [INFO] base_models.logistic_regression:57 - LogisticRegression final iteration 0, max_iter=1500, learning_rate = 0.05
2025-06-28 09:37:51 [INFO] base_models.logistic_regression:57 - LogisticRegression final iteration 1499, max_iter=1500, learning_rate = 0.05
2025-06-28 09:37:51 [INFO] adaboost.adaboost:25 - model is <base_models.logistic_regression.LogisticRegressionModel object at 0x000002D569ABCD90>
2025-06-28 09:37:51 [INFO] base_models.logistic_regression:57 - LogisticRegression final iteration 0, max_iter=1500, learning_rate = 0.05
2025-06-28 09:37:52 [INFO] base_models.logistic_regression:57 - LogisticRegression final iteration 1499, max_iter=1500, learning_rate = 0.05
2025-06-28 09:37:52 [INFO] adaboost.adaboost:25 - model is <base_models.logistic_regression.LogisticRegressionModel object at 0x000002D569ABCDF0>
2025-06-28 09:37:52 [INFO] base_models.logistic_regression:57 - LogisticRegression final iteration 0, max_iter=1500, learning_rate = 0.05
2025-06-28 09:37:53 [INFO] base_models.logistic_regression:57 - LogisticRegression final iteration 1499, max_iter=1500, learning_rate = 0.05
2025-06-28 09:37:53 [INFO] adaboost.adaboost:25 - model is <base_models.logistic_regression.LogisticRegressionModel object at 0x000002D569ABCE50>
2025-06-28 09:37:53 [INFO] base_models.logistic_regression:57 - LogisticRegression final iteration 0, max_iter=1500, learning_rate = 0.05
2025-06-28 09:37:53 [INFO] base_models.logistic_regression:57 - LogisticRegression final iteration 1499, max_iter=1500, learning_rate = 0.05
2025-06-28 09:37:53 [INFO] adaboost.adaboost:25 - model is <base_models.logistic_regression.LogisticRegressionModel object at 0x000002D569ABCEB0>
2025-06-28 09:37:53 [INFO] base_models.logistic_regression:57 - LogisticRegression final iteration 0, max_iter=1500, learning_rate = 0.05
2025-06-28 09:37:54 [INFO] base_models.logistic_regression:57 - LogisticRegression final iteration 1499, max_iter=1500, learning_rate = 0.05
2025-06-28 09:37:54 [INFO] adaboost.adaboost:25 - model is <base_models.logistic_regression.LogisticRegressionModel object at 0x000002D569ABC040>
2025-06-28 09:37:54 [INFO] base_models.logistic_regression:57 - LogisticRegression final iteration 0, max_iter=1500, learning_rate = 0.05
2025-06-28 09:37:55 [INFO] base_models.logistic_regression:57 - LogisticRegression final iteration 1499, max_iter=1500, learning_rate = 0.05
2025-06-28 09:37:55 [INFO] adaboost.adaboost:25 - model is <base_models.logistic_regression.LogisticRegressionModel object at 0x000002D569ABC1C0>
2025-06-28 09:37:55 [INFO] base_models.logistic_regression:57 - LogisticRegression final iteration 0, max_iter=1500, learning_rate = 0.05
2025-06-28 09:37:55 [INFO] base_models.logistic_regression:57 - LogisticRegression final iteration 1499, max_iter=1500, learning_rate = 0.05
2025-06-28 09:37:55 [INFO] adaboost.adaboost:25 - model is <base_models.logistic_regression.LogisticRegressionModel object at 0x000002D569ABC220>
2025-06-28 09:37:55 [INFO] base_models.logistic_regression:57 - LogisticRegression final iteration 0, max_iter=1500, learning_rate = 0.05
2025-06-28 09:37:56 [INFO] base_models.logistic_regression:57 - LogisticRegression final iteration 1499, max_iter=1500, learning_rate = 0.05
2025-06-28 09:37:56 [INFO] adaboost.adaboost:25 - model is <base_models.logistic_regression.LogisticRegressionModel object at 0x000002D569ABC130>
2025-06-28 09:37:56 [INFO] base_models.logistic_regression:57 - LogisticRegression final iteration 0, max_iter=1500, learning_rate = 0.05
2025-06-28 09:37:57 [INFO] base_models.logistic_regression:57 - LogisticRegression final iteration 1499, max_iter=1500, learning_rate = 0.05
2025-06-28 09:37:57 [INFO] adaboost.adaboost:25 - model is <base_models.logistic_regression.LogisticRegressionModel object at 0x000002D569ABC190>
2025-06-28 09:37:57 [INFO] base_models.logistic_regression:57 - LogisticRegression final iteration 0, max_iter=1500, learning_rate = 0.05
2025-06-28 09:37:58 [INFO] base_models.logistic_regression:57 - LogisticRegression final iteration 1499, max_iter=1500, learning_rate = 0.05
2025-06-28 09:37:58 [INFO] adaboost.adaboost:25 - model is <base_models.logistic_regression.LogisticRegressionModel object at 0x000002D56B5612B0>
2025-06-28 09:37:58 [INFO] base_models.logistic_regression:57 - LogisticRegression final iteration 0, max_iter=1500, learning_rate = 0.05
2025-06-28 09:37:58 [INFO] base_models.logistic_regression:57 - LogisticRegression final iteration 1499, max_iter=1500, learning_rate = 0.05
2025-06-28 09:37:58 [INFO] adaboost.adaboost:25 - model is <base_models.logistic_regression.LogisticRegressionModel object at 0x000002D56B561130>
2025-06-28 09:37:58 [INFO] base_models.logistic_regression:57 - LogisticRegression final iteration 0, max_iter=1500, learning_rate = 0.05
2025-06-28 09:37:59 [INFO] base_models.logistic_regression:57 - LogisticRegression final iteration 1499, max_iter=1500, learning_rate = 0.05
2025-06-28 09:37:59 [INFO] adaboost.adaboost:25 - model is <base_models.logistic_regression.LogisticRegressionModel object at 0x000002D56B561310>
2025-06-28 09:37:59 [INFO] base_models.logistic_regression:57 - LogisticRegression final iteration 0, max_iter=1500, learning_rate = 0.05
2025-06-28 09:38:00 [INFO] base_models.logistic_regression:57 - LogisticRegression final iteration 1499, max_iter=1500, learning_rate = 0.05
2025-06-28 09:38:00 [INFO] adaboost.adaboost:25 - model is <base_models.logistic_regression.LogisticRegressionModel object at 0x000002D56B561370>
2025-06-28 09:38:00 [INFO] base_models.logistic_regression:57 - LogisticRegression final iteration 0, max_iter=1500, learning_rate = 0.05
2025-06-28 09:38:01 [INFO] base_models.logistic_regression:57 - LogisticRegression final iteration 1499, max_iter=1500, learning_rate = 0.05
2025-06-28 09:38:01 [INFO] adaboost.adaboost:25 - model is <base_models.logistic_regression.LogisticRegressionModel object at 0x000002D56B5613D0>
2025-06-28 09:38:01 [INFO] base_models.logistic_regression:57 - LogisticRegression final iteration 0, max_iter=1500, learning_rate = 0.05
2025-06-28 09:38:01 [INFO] base_models.logistic_regression:57 - LogisticRegression final iteration 1499, max_iter=1500, learning_rate = 0.05
2025-06-28 09:38:01 [INFO] adaboost.adaboost:25 - model is <base_models.logistic_regression.LogisticRegressionModel object at 0x000002D56B561430>
2025-06-28 09:38:01 [INFO] base_models.logistic_regression:57 - LogisticRegression final iteration 0, max_iter=1500, learning_rate = 0.05
2025-06-28 09:38:02 [INFO] base_models.logistic_regression:57 - LogisticRegression final iteration 1499, max_iter=1500, learning_rate = 0.05
2025-06-28 09:38:02 [INFO] adaboost.adaboost:25 - model is <base_models.logistic_regression.LogisticRegressionModel object at 0x000002D56B561490>
2025-06-28 09:38:02 [INFO] base_models.logistic_regression:57 - LogisticRegression final iteration 0, max_iter=1500, learning_rate = 0.05
2025-06-28 09:38:03 [INFO] base_models.logistic_regression:57 - LogisticRegression final iteration 1499, max_iter=1500, learning_rate = 0.05
2025-06-28 09:38:03 [INFO] adaboost.adaboost:25 - model is <base_models.logistic_regression.LogisticRegressionModel object at 0x000002D56B5614F0>
2025-06-28 09:38:03 [INFO] base_models.logistic_regression:57 - LogisticRegression final iteration 0, max_iter=1500, learning_rate = 0.05
2025-06-28 09:38:03 [INFO] base_models.logistic_regression:57 - LogisticRegression final iteration 1499, max_iter=1500, learning_rate = 0.05
2025-06-28 09:38:03 [INFO] adaboost.adaboost:25 - model is <base_models.logistic_regression.LogisticRegressionModel object at 0x000002D56B561550>
2025-06-28 09:38:03 [INFO] base_models.logistic_regression:57 - LogisticRegression final iteration 0, max_iter=1500, learning_rate = 0.05
2025-06-28 09:38:04 [INFO] base_models.logistic_regression:57 - LogisticRegression final iteration 1499, max_iter=1500, learning_rate = 0.05
2025-06-28 09:38:04 [INFO] adaboost.adaboost:25 - model is <base_models.logistic_regression.LogisticRegressionModel object at 0x000002D56B5615B0>
2025-06-28 09:38:04 [INFO] base_models.logistic_regression:57 - LogisticRegression final iteration 0, max_iter=1500, learning_rate = 0.05
2025-06-28 09:38:05 [INFO] base_models.logistic_regression:57 - LogisticRegression final iteration 1499, max_iter=1500, learning_rate = 0.05
2025-06-28 09:38:05 [INFO] adaboost.adaboost:25 - model is <base_models.logistic_regression.LogisticRegressionModel object at 0x000002D56B561610>
2025-06-28 09:38:05 [INFO] base_models.logistic_regression:57 - LogisticRegression final iteration 0, max_iter=1500, learning_rate = 0.05
2025-06-28 09:38:06 [INFO] base_models.logistic_regression:57 - LogisticRegression final iteration 1499, max_iter=1500, learning_rate = 0.05
2025-06-28 09:38:06 [INFO] adaboost.adaboost:25 - model is <base_models.logistic_regression.LogisticRegressionModel object at 0x000002D56B561670>
2025-06-28 09:38:06 [INFO] base_models.logistic_regression:57 - LogisticRegression final iteration 0, max_iter=1500, learning_rate = 0.05
2025-06-28 09:38:06 [INFO] base_models.logistic_regression:57 - LogisticRegression final iteration 1499, max_iter=1500, learning_rate = 0.05
2025-06-28 09:38:06 [INFO] adaboost.adaboost:25 - model is <base_models.logistic_regression.LogisticRegressionModel object at 0x000002D56B5616D0>
2025-06-28 09:38:06 [INFO] base_models.logistic_regression:57 - LogisticRegression final iteration 0, max_iter=1500, learning_rate = 0.05
2025-06-28 09:38:07 [INFO] base_models.logistic_regression:57 - LogisticRegression final iteration 1499, max_iter=1500, learning_rate = 0.05
2025-06-28 09:38:07 [INFO] adaboost.adaboost:25 - model is <base_models.logistic_regression.LogisticRegressionModel object at 0x000002D56B561730>
2025-06-28 09:38:07 [INFO] base_models.logistic_regression:57 - LogisticRegression final iteration 0, max_iter=1500, learning_rate = 0.05
2025-06-28 09:38:08 [INFO] base_models.logistic_regression:57 - LogisticRegression final iteration 1499, max_iter=1500, learning_rate = 0.05
2025-06-28 09:38:08 [INFO] adaboost.adaboost:25 - model is <base_models.logistic_regression.LogisticRegressionModel object at 0x000002D56B561790>
2025-06-28 09:38:08 [INFO] base_models.logistic_regression:57 - LogisticRegression final iteration 0, max_iter=1500, learning_rate = 0.05
2025-06-28 09:38:09 [INFO] base_models.logistic_regression:57 - LogisticRegression final iteration 1499, max_iter=1500, learning_rate = 0.05
2025-06-28 09:38:09 [INFO] adaboost.adaboost:25 - model is <base_models.logistic_regression.LogisticRegressionModel object at 0x000002D56B5617F0>
2025-06-28 09:38:09 [INFO] base_models.logistic_regression:57 - LogisticRegression final iteration 0, max_iter=1500, learning_rate = 0.05
2025-06-28 09:38:09 [INFO] base_models.logistic_regression:57 - LogisticRegression final iteration 1499, max_iter=1500, learning_rate = 0.05
2025-06-28 09:38:09 [INFO] adaboost.adaboost:25 - model is <base_models.logistic_regression.LogisticRegressionModel object at 0x000002D56B561850>
2025-06-28 09:38:09 [INFO] base_models.logistic_regression:57 - LogisticRegression final iteration 0, max_iter=1500, learning_rate = 0.05
2025-06-28 09:38:10 [INFO] base_models.logistic_regression:57 - LogisticRegression final iteration 1499, max_iter=1500, learning_rate = 0.05
2025-06-28 09:38:10 [INFO] adaboost.adaboost:25 - model is <base_models.logistic_regression.LogisticRegressionModel object at 0x000002D56B5618E0>
2025-06-28 09:38:10 [INFO] base_models.logistic_regression:57 - LogisticRegression final iteration 0, max_iter=1500, learning_rate = 0.05
2025-06-28 09:38:11 [INFO] base_models.logistic_regression:57 - LogisticRegression final iteration 1499, max_iter=1500, learning_rate = 0.05
2025-06-28 09:38:11 [INFO] adaboost.adaboost:25 - model is <base_models.logistic_regression.LogisticRegressionModel object at 0x000002D56B561940>
2025-06-28 09:38:11 [INFO] base_models.logistic_regression:57 - LogisticRegression final iteration 0, max_iter=1500, learning_rate = 0.05
2025-06-28 09:38:12 [INFO] base_models.logistic_regression:57 - LogisticRegression final iteration 1499, max_iter=1500, learning_rate = 0.05
2025-06-28 09:38:12 [INFO] adaboost.adaboost:25 - model is <base_models.logistic_regression.LogisticRegressionModel object at 0x000002D56B5619A0>
2025-06-28 09:38:12 [INFO] base_models.logistic_regression:57 - LogisticRegression final iteration 0, max_iter=1500, learning_rate = 0.05
2025-06-28 09:38:12 [INFO] base_models.logistic_regression:57 - LogisticRegression final iteration 1499, max_iter=1500, learning_rate = 0.05
2025-06-28 09:38:12 [INFO] adaboost.adaboost:25 - model is <base_models.logistic_regression.LogisticRegressionModel object at 0x000002D56B561A30>
2025-06-28 09:38:12 [INFO] base_models.logistic_regression:57 - LogisticRegression final iteration 0, max_iter=1500, learning_rate = 0.05
2025-06-28 09:38:13 [INFO] base_models.logistic_regression:57 - LogisticRegression final iteration 1499, max_iter=1500, learning_rate = 0.05
2025-06-28 09:38:13 [INFO] adaboost.adaboost:25 - model is <base_models.logistic_regression.LogisticRegressionModel object at 0x000002D56B561B20>
2025-06-28 09:38:13 [INFO] base_models.logistic_regression:57 - LogisticRegression final iteration 0, max_iter=1500, learning_rate = 0.05
2025-06-28 09:38:14 [INFO] base_models.logistic_regression:57 - LogisticRegression final iteration 1499, max_iter=1500, learning_rate = 0.05
2025-06-28 09:38:14 [INFO] adaboost.adaboost:25 - model is <base_models.logistic_regression.LogisticRegressionModel object at 0x000002D56B561B80>
2025-06-28 09:38:14 [INFO] base_models.logistic_regression:57 - LogisticRegression final iteration 0, max_iter=1500, learning_rate = 0.05
2025-06-28 09:38:15 [INFO] base_models.logistic_regression:57 - LogisticRegression final iteration 1499, max_iter=1500, learning_rate = 0.05
2025-06-28 09:38:15 [INFO] adaboost.adaboost:25 - model is <base_models.logistic_regression.LogisticRegressionModel object at 0x000002D56B561BE0>
2025-06-28 09:38:15 [INFO] base_models.logistic_regression:57 - LogisticRegression final iteration 0, max_iter=1500, learning_rate = 0.05
2025-06-28 09:38:15 [INFO] base_models.logistic_regression:57 - LogisticRegression final iteration 1499, max_iter=1500, learning_rate = 0.05
2025-06-28 09:38:15 [INFO] adaboost.adaboost:25 - model is <base_models.logistic_regression.LogisticRegressionModel object at 0x000002D56B561C40>
2025-06-28 09:38:15 [INFO] base_models.logistic_regression:57 - LogisticRegression final iteration 0, max_iter=1500, learning_rate = 0.05
2025-06-28 09:38:16 [INFO] base_models.logistic_regression:57 - LogisticRegression final iteration 1499, max_iter=1500, learning_rate = 0.05
2025-06-28 09:38:16 [INFO] adaboost.adaboost:25 - model is <base_models.logistic_regression.LogisticRegressionModel object at 0x000002D56B561CA0>
2025-06-28 09:38:16 [INFO] base_models.logistic_regression:57 - LogisticRegression final iteration 0, max_iter=1500, learning_rate = 0.05
2025-06-28 09:38:17 [INFO] base_models.logistic_regression:57 - LogisticRegression final iteration 1499, max_iter=1500, learning_rate = 0.05
2025-06-28 09:38:17 [INFO] adaboost.adaboost:25 - model is <base_models.logistic_regression.LogisticRegressionModel object at 0x000002D56B561D00>
2025-06-28 09:38:17 [INFO] base_models.logistic_regression:57 - LogisticRegression final iteration 0, max_iter=1500, learning_rate = 0.05
2025-06-28 09:38:18 [INFO] base_models.logistic_regression:57 - LogisticRegression final iteration 1499, max_iter=1500, learning_rate = 0.05
2025-06-28 09:38:18 [INFO] adaboost.adaboost:25 - model is <base_models.logistic_regression.LogisticRegressionModel object at 0x000002D56B561D60>
2025-06-28 09:38:18 [INFO] base_models.logistic_regression:57 - LogisticRegression final iteration 0, max_iter=1500, learning_rate = 0.05
2025-06-28 09:38:18 [INFO] base_models.logistic_regression:57 - LogisticRegression final iteration 1499, max_iter=1500, learning_rate = 0.05
2025-06-28 09:38:18 [INFO] adaboost.adaboost:25 - model is <base_models.logistic_regression.LogisticRegressionModel object at 0x000002D56B561DC0>
2025-06-28 09:38:18 [INFO] base_models.logistic_regression:57 - LogisticRegression final iteration 0, max_iter=1500, learning_rate = 0.05
2025-06-28 09:38:19 [INFO] base_models.logistic_regression:57 - LogisticRegression final iteration 1499, max_iter=1500, learning_rate = 0.05
2025-06-28 09:38:19 [INFO] adaboost.adaboost:25 - model is <base_models.logistic_regression.LogisticRegressionModel object at 0x000002D56B561E20>
2025-06-28 09:38:19 [INFO] base_models.logistic_regression:57 - LogisticRegression final iteration 0, max_iter=1500, learning_rate = 0.05
2025-06-28 09:38:20 [INFO] base_models.logistic_regression:57 - LogisticRegression final iteration 1499, max_iter=1500, learning_rate = 0.05
2025-06-28 09:38:20 [INFO] adaboost.adaboost:25 - model is <base_models.logistic_regression.LogisticRegressionModel object at 0x000002D56B561E80>
2025-06-28 09:38:20 [INFO] base_models.logistic_regression:57 - LogisticRegression final iteration 0, max_iter=1500, learning_rate = 0.05
2025-06-28 09:38:20 [INFO] base_models.logistic_regression:57 - LogisticRegression final iteration 1499, max_iter=1500, learning_rate = 0.05
2025-06-28 09:38:20 [INFO] adaboost.adaboost:25 - model is <base_models.logistic_regression.LogisticRegressionModel object at 0x000002D56B561EE0>
2025-06-28 09:38:20 [INFO] base_models.logistic_regression:57 - LogisticRegression final iteration 0, max_iter=1500, learning_rate = 0.05
2025-06-28 09:38:21 [INFO] base_models.logistic_regression:57 - LogisticRegression final iteration 1499, max_iter=1500, learning_rate = 0.05
2025-06-28 09:38:21 [INFO] adaboost.adaboost:25 - model is <base_models.logistic_regression.LogisticRegressionModel object at 0x000002D56B561F40>
2025-06-28 09:38:21 [INFO] base_models.logistic_regression:57 - LogisticRegression final iteration 0, max_iter=1500, learning_rate = 0.05
2025-06-28 09:38:22 [INFO] base_models.logistic_regression:57 - LogisticRegression final iteration 1499, max_iter=1500, learning_rate = 0.05
2025-06-28 09:38:22 [INFO] adaboost.adaboost:25 - model is <base_models.logistic_regression.LogisticRegressionModel object at 0x000002D56B561FA0>
2025-06-28 09:38:22 [INFO] base_models.logistic_regression:57 - LogisticRegression final iteration 0, max_iter=1500, learning_rate = 0.05
2025-06-28 09:38:23 [INFO] base_models.logistic_regression:57 - LogisticRegression final iteration 1499, max_iter=1500, learning_rate = 0.05
2025-06-28 09:38:23 [INFO] adaboost.adaboost:25 - model is <base_models.logistic_regression.LogisticRegressionModel object at 0x000002D56B5610A0>
2025-06-28 09:38:23 [INFO] base_models.logistic_regression:57 - LogisticRegression final iteration 0, max_iter=1500, learning_rate = 0.05
2025-06-28 09:38:23 [INFO] base_models.logistic_regression:57 - LogisticRegression final iteration 1499, max_iter=1500, learning_rate = 0.05
2025-06-28 09:38:23 [INFO] adaboost.adaboost:25 - model is <base_models.logistic_regression.LogisticRegressionModel object at 0x000002D56B561040>
2025-06-28 09:38:23 [INFO] base_models.logistic_regression:57 - LogisticRegression final iteration 0, max_iter=1500, learning_rate = 0.05
2025-06-28 09:38:24 [INFO] base_models.logistic_regression:57 - LogisticRegression final iteration 1499, max_iter=1500, learning_rate = 0.05
2025-06-28 09:38:24 [INFO] adaboost.adaboost:25 - model is <base_models.logistic_regression.LogisticRegressionModel object at 0x000002D56B5611F0>
2025-06-28 09:38:24 [INFO] base_models.logistic_regression:57 - LogisticRegression final iteration 0, max_iter=1500, learning_rate = 0.05
2025-06-28 09:38:25 [INFO] base_models.logistic_regression:57 - LogisticRegression final iteration 1499, max_iter=1500, learning_rate = 0.05
2025-06-28 09:38:25 [INFO] adaboost.adaboost:25 - model is <base_models.logistic_regression.LogisticRegressionModel object at 0x000002D56B561160>
2025-06-28 09:38:25 [INFO] base_models.logistic_regression:57 - LogisticRegression final iteration 0, max_iter=1500, learning_rate = 0.05
2025-06-28 09:38:26 [INFO] base_models.logistic_regression:57 - LogisticRegression final iteration 1499, max_iter=1500, learning_rate = 0.05
2025-06-28 09:38:26 [INFO] adaboost.adaboost:25 - model is <base_models.logistic_regression.LogisticRegressionModel object at 0x000002D56B5611C0>
2025-06-28 09:38:26 [INFO] base_models.logistic_regression:57 - LogisticRegression final iteration 0, max_iter=1500, learning_rate = 0.05
2025-06-28 09:38:26 [INFO] base_models.logistic_regression:57 - LogisticRegression final iteration 1499, max_iter=1500, learning_rate = 0.05
2025-06-28 09:38:26 [INFO] adaboost.adaboost:25 - model is <base_models.logistic_regression.LogisticRegressionModel object at 0x000002D56B561280>
2025-06-28 09:38:26 [INFO] base_models.logistic_regression:57 - LogisticRegression final iteration 0, max_iter=1500, learning_rate = 0.05
2025-06-28 09:38:27 [INFO] base_models.logistic_regression:57 - LogisticRegression final iteration 1499, max_iter=1500, learning_rate = 0.05
2025-06-28 09:38:27 [INFO] adaboost.adaboost:25 - model is <base_models.logistic_regression.LogisticRegressionModel object at 0x000002D5413E4C70>
2025-06-28 09:38:27 [INFO] base_models.logistic_regression:57 - LogisticRegression final iteration 0, max_iter=1500, learning_rate = 0.05
2025-06-28 09:38:28 [INFO] base_models.logistic_regression:57 - LogisticRegression final iteration 1499, max_iter=1500, learning_rate = 0.05
2025-06-28 09:38:28 [INFO] adaboost.adaboost:25 - model is <base_models.logistic_regression.LogisticRegressionModel object at 0x000002D569A16FD0>
2025-06-28 09:38:28 [INFO] base_models.logistic_regression:57 - LogisticRegression final iteration 0, max_iter=1500, learning_rate = 0.05
2025-06-28 09:38:29 [INFO] base_models.logistic_regression:57 - LogisticRegression final iteration 1499, max_iter=1500, learning_rate = 0.05
2025-06-28 09:38:29 [INFO] adaboost.adaboost:25 - model is <base_models.logistic_regression.LogisticRegressionModel object at 0x000002D569A07D60>
2025-06-28 09:38:29 [INFO] base_models.logistic_regression:57 - LogisticRegression final iteration 0, max_iter=1500, learning_rate = 0.05
2025-06-28 09:38:29 [INFO] base_models.logistic_regression:57 - LogisticRegression final iteration 1499, max_iter=1500, learning_rate = 0.05
2025-06-28 09:38:29 [INFO] adaboost.adaboost:25 - model is <base_models.logistic_regression.LogisticRegressionModel object at 0x000002D5699FCF70>
2025-06-28 09:38:29 [INFO] base_models.logistic_regression:57 - LogisticRegression final iteration 0, max_iter=1500, learning_rate = 0.05
2025-06-28 09:38:30 [INFO] base_models.logistic_regression:57 - LogisticRegression final iteration 1499, max_iter=1500, learning_rate = 0.05
2025-06-28 09:38:30 [INFO] adaboost.adaboost:25 - model is <base_models.logistic_regression.LogisticRegressionModel object at 0x000002D569A459A0>
2025-06-28 09:38:30 [INFO] base_models.logistic_regression:57 - LogisticRegression final iteration 0, max_iter=1500, learning_rate = 0.05
2025-06-28 09:38:31 [INFO] base_models.logistic_regression:57 - LogisticRegression final iteration 1499, max_iter=1500, learning_rate = 0.05
2025-06-28 09:38:31 [INFO] adaboost.adaboost:25 - model is <base_models.logistic_regression.LogisticRegressionModel object at 0x000002D569A45DC0>
2025-06-28 09:38:31 [INFO] base_models.logistic_regression:57 - LogisticRegression final iteration 0, max_iter=1500, learning_rate = 0.05
2025-06-28 09:38:31 [INFO] base_models.logistic_regression:57 - LogisticRegression final iteration 1499, max_iter=1500, learning_rate = 0.05
2025-06-28 09:38:31 [INFO] adaboost.adaboost:25 - model is <base_models.logistic_regression.LogisticRegressionModel object at 0x000002D569A45F70>
2025-06-28 09:38:31 [INFO] base_models.logistic_regression:57 - LogisticRegression final iteration 0, max_iter=1500, learning_rate = 0.05
2025-06-28 09:38:32 [INFO] base_models.logistic_regression:57 - LogisticRegression final iteration 1499, max_iter=1500, learning_rate = 0.05
2025-06-28 09:38:32 [INFO] adaboost.adaboost:25 - model is <base_models.logistic_regression.LogisticRegressionModel object at 0x000002D569A45EE0>
2025-06-28 09:38:32 [INFO] base_models.logistic_regression:57 - LogisticRegression final iteration 0, max_iter=1500, learning_rate = 0.05
2025-06-28 09:38:33 [INFO] base_models.logistic_regression:57 - LogisticRegression final iteration 1499, max_iter=1500, learning_rate = 0.05
2025-06-28 09:38:33 [INFO] adaboost.adaboost:25 - model is <base_models.logistic_regression.LogisticRegressionModel object at 0x000002D569A45FA0>
2025-06-28 09:38:33 [INFO] base_models.logistic_regression:57 - LogisticRegression final iteration 0, max_iter=1500, learning_rate = 0.05
2025-06-28 09:38:34 [INFO] base_models.logistic_regression:57 - LogisticRegression final iteration 1499, max_iter=1500, learning_rate = 0.05
2025-06-28 09:38:34 [INFO] adaboost.adaboost:25 - model is <base_models.logistic_regression.LogisticRegressionModel object at 0x000002D569A45E20>
2025-06-28 09:38:34 [INFO] base_models.logistic_regression:57 - LogisticRegression final iteration 0, max_iter=1500, learning_rate = 0.05
2025-06-28 09:38:35 [INFO] base_models.logistic_regression:57 - LogisticRegression final iteration 1499, max_iter=1500, learning_rate = 0.05
2025-06-28 09:38:35 [INFO] adaboost.adaboost:25 - model is <base_models.logistic_regression.LogisticRegressionModel object at 0x000002D56AA90D00>
2025-06-28 09:38:35 [INFO] base_models.logistic_regression:57 - LogisticRegression final iteration 0, max_iter=1500, learning_rate = 0.05
2025-06-28 09:38:35 [INFO] base_models.logistic_regression:57 - LogisticRegression final iteration 1499, max_iter=1500, learning_rate = 0.05
2025-06-28 09:38:35 [INFO] adaboost.adaboost:25 - model is <base_models.logistic_regression.LogisticRegressionModel object at 0x000002D56AA90E20>
2025-06-28 09:38:35 [INFO] base_models.logistic_regression:57 - LogisticRegression final iteration 0, max_iter=1500, learning_rate = 0.05
2025-06-28 09:38:36 [INFO] base_models.logistic_regression:57 - LogisticRegression final iteration 1499, max_iter=1500, learning_rate = 0.05
2025-06-28 09:38:36 [INFO] adaboost.adaboost:25 - model is <base_models.logistic_regression.LogisticRegressionModel object at 0x000002D56AA90EE0>
2025-06-28 09:38:36 [INFO] base_models.logistic_regression:57 - LogisticRegression final iteration 0, max_iter=1500, learning_rate = 0.05
2025-06-28 09:38:37 [INFO] base_models.logistic_regression:57 - LogisticRegression final iteration 1499, max_iter=1500, learning_rate = 0.05
2025-06-28 09:38:37 [INFO] adaboost.adaboost:25 - model is <base_models.logistic_regression.LogisticRegressionModel object at 0x000002D56AA90F40>
2025-06-28 09:38:37 [INFO] base_models.logistic_regression:57 - LogisticRegression final iteration 0, max_iter=1500, learning_rate = 0.05
2025-06-28 09:38:37 [INFO] base_models.logistic_regression:57 - LogisticRegression final iteration 1499, max_iter=1500, learning_rate = 0.05
2025-06-28 09:38:37 [INFO] adaboost.adaboost:25 - model is <base_models.logistic_regression.LogisticRegressionModel object at 0x000002D56AA90FA0>
2025-06-28 09:38:37 [INFO] base_models.logistic_regression:57 - LogisticRegression final iteration 0, max_iter=1500, learning_rate = 0.05
2025-06-28 09:38:38 [INFO] base_models.logistic_regression:57 - LogisticRegression final iteration 1499, max_iter=1500, learning_rate = 0.05
2025-06-28 09:38:38 [INFO] adaboost.adaboost:25 - model is <base_models.logistic_regression.LogisticRegressionModel object at 0x000002D56AA90CA0>
2025-06-28 09:38:38 [INFO] base_models.logistic_regression:57 - LogisticRegression final iteration 0, max_iter=1500, learning_rate = 0.05
2025-06-28 09:38:39 [INFO] base_models.logistic_regression:57 - LogisticRegression final iteration 1499, max_iter=1500, learning_rate = 0.05
2025-06-28 09:38:39 [INFO] adaboost.adaboost:25 - model is <base_models.logistic_regression.LogisticRegressionModel object at 0x000002D56AA90BB0>
2025-06-28 09:38:39 [INFO] base_models.logistic_regression:57 - LogisticRegression final iteration 0, max_iter=1500, learning_rate = 0.05
2025-06-28 09:38:40 [INFO] base_models.logistic_regression:57 - LogisticRegression final iteration 1499, max_iter=1500, learning_rate = 0.05
2025-06-28 09:38:40 [INFO] adaboost.adaboost:25 - model is <base_models.logistic_regression.LogisticRegressionModel object at 0x000002D56AA90E80>
2025-06-28 09:38:40 [INFO] base_models.logistic_regression:57 - LogisticRegression final iteration 0, max_iter=1500, learning_rate = 0.05
2025-06-28 09:38:40 [INFO] base_models.logistic_regression:57 - LogisticRegression final iteration 1499, max_iter=1500, learning_rate = 0.05
2025-06-28 09:38:40 [INFO] adaboost.adaboost:25 - model is <base_models.logistic_regression.LogisticRegressionModel object at 0x000002D56AA90D90>
2025-06-28 09:38:40 [INFO] base_models.logistic_regression:57 - LogisticRegression final iteration 0, max_iter=1500, learning_rate = 0.05
2025-06-28 09:38:41 [INFO] base_models.logistic_regression:57 - LogisticRegression final iteration 1499, max_iter=1500, learning_rate = 0.05
2025-06-28 09:38:41 [INFO] adaboost.adaboost:25 - model is <base_models.logistic_regression.LogisticRegressionModel object at 0x000002D56AA90C70>
2025-06-28 09:38:41 [INFO] base_models.logistic_regression:57 - LogisticRegression final iteration 0, max_iter=1500, learning_rate = 0.05
2025-06-28 09:38:42 [INFO] base_models.logistic_regression:57 - LogisticRegression final iteration 1499, max_iter=1500, learning_rate = 0.05
2025-06-28 09:38:42 [INFO] adaboost.adaboost:25 - model is <base_models.logistic_regression.LogisticRegressionModel object at 0x000002D56AA90D60>
2025-06-28 09:38:42 [INFO] base_models.logistic_regression:57 - LogisticRegression final iteration 0, max_iter=1500, learning_rate = 0.05
2025-06-28 09:38:43 [INFO] base_models.logistic_regression:57 - LogisticRegression final iteration 1499, max_iter=1500, learning_rate = 0.05
2025-06-28 09:38:43 [INFO] adaboost.adaboost:25 - model is <base_models.logistic_regression.LogisticRegressionModel object at 0x000002D569ABC0D0>
2025-06-28 09:38:43 [INFO] base_models.logistic_regression:57 - LogisticRegression final iteration 0, max_iter=1500, learning_rate = 0.05
2025-06-28 09:38:43 [INFO] base_models.logistic_regression:57 - LogisticRegression final iteration 1499, max_iter=1500, learning_rate = 0.05
2025-06-28 09:38:43 [INFO] adaboost.adaboost:25 - model is <base_models.logistic_regression.LogisticRegressionModel object at 0x000002D569ABC2B0>
2025-06-28 09:38:43 [INFO] base_models.logistic_regression:57 - LogisticRegression final iteration 0, max_iter=1500, learning_rate = 0.05
2025-06-28 09:38:44 [INFO] base_models.logistic_regression:57 - LogisticRegression final iteration 1499, max_iter=1500, learning_rate = 0.05
2025-06-28 09:38:44 [INFO] adaboost.adaboost:25 - model is <base_models.logistic_regression.LogisticRegressionModel object at 0x000002D569ABC310>
2025-06-28 09:38:44 [INFO] base_models.logistic_regression:57 - LogisticRegression final iteration 0, max_iter=1500, learning_rate = 0.05
2025-06-28 09:38:45 [INFO] base_models.logistic_regression:57 - LogisticRegression final iteration 1499, max_iter=1500, learning_rate = 0.05
2025-06-28 09:38:45 [INFO] adaboost.adaboost:25 - model is <base_models.logistic_regression.LogisticRegressionModel object at 0x000002D569ABC370>
2025-06-28 09:38:45 [INFO] base_models.logistic_regression:57 - LogisticRegression final iteration 0, max_iter=1500, learning_rate = 0.05
2025-06-28 09:38:45 [INFO] base_models.logistic_regression:57 - LogisticRegression final iteration 1499, max_iter=1500, learning_rate = 0.05
2025-06-28 09:38:45 [INFO] adaboost.adaboost:25 - model is <base_models.logistic_regression.LogisticRegressionModel object at 0x000002D569ABC3D0>
2025-06-28 09:38:45 [INFO] base_models.logistic_regression:57 - LogisticRegression final iteration 0, max_iter=1500, learning_rate = 0.05
2025-06-28 09:38:46 [INFO] base_models.logistic_regression:57 - LogisticRegression final iteration 1499, max_iter=1500, learning_rate = 0.05
2025-06-28 09:38:46 [INFO] adaboost.adaboost:25 - model is <base_models.logistic_regression.LogisticRegressionModel object at 0x000002D569ABC430>
2025-06-28 09:38:46 [INFO] base_models.logistic_regression:57 - LogisticRegression final iteration 0, max_iter=1500, learning_rate = 0.05
2025-06-28 09:38:47 [INFO] base_models.logistic_regression:57 - LogisticRegression final iteration 1499, max_iter=1500, learning_rate = 0.05
2025-06-28 09:38:47 [INFO] adaboost.adaboost:25 - model is <base_models.logistic_regression.LogisticRegressionModel object at 0x000002D569ABC490>
2025-06-28 09:38:47 [INFO] base_models.logistic_regression:57 - LogisticRegression final iteration 0, max_iter=1500, learning_rate = 0.05
2025-06-28 09:38:48 [INFO] base_models.logistic_regression:57 - LogisticRegression final iteration 1499, max_iter=1500, learning_rate = 0.05
2025-06-28 09:38:48 [INFO] adaboost.adaboost:25 - model is <base_models.logistic_regression.LogisticRegressionModel object at 0x000002D569ABC4F0>
2025-06-28 09:38:48 [INFO] base_models.logistic_regression:57 - LogisticRegression final iteration 0, max_iter=1500, learning_rate = 0.05
2025-06-28 09:38:48 [INFO] base_models.logistic_regression:57 - LogisticRegression final iteration 1499, max_iter=1500, learning_rate = 0.05
2025-06-28 09:38:48 [INFO] adaboost.adaboost:25 - model is <base_models.logistic_regression.LogisticRegressionModel object at 0x000002D569ABC550>
2025-06-28 09:38:48 [INFO] base_models.logistic_regression:57 - LogisticRegression final iteration 0, max_iter=1500, learning_rate = 0.05
2025-06-28 09:38:49 [INFO] base_models.logistic_regression:57 - LogisticRegression final iteration 1499, max_iter=1500, learning_rate = 0.05
2025-06-28 09:38:49 [INFO] adaboost.adaboost:25 - model is <base_models.logistic_regression.LogisticRegressionModel object at 0x000002D569ABC5B0>
2025-06-28 09:38:49 [INFO] base_models.logistic_regression:57 - LogisticRegression final iteration 0, max_iter=1500, learning_rate = 0.05
2025-06-28 09:38:50 [INFO] base_models.logistic_regression:57 - LogisticRegression final iteration 1499, max_iter=1500, learning_rate = 0.05
2025-06-28 09:38:50 [INFO] adaboost.adaboost:25 - model is <base_models.logistic_regression.LogisticRegressionModel object at 0x000002D569ABC610>
2025-06-28 09:38:50 [INFO] base_models.logistic_regression:57 - LogisticRegression final iteration 0, max_iter=1500, learning_rate = 0.05
2025-06-28 09:38:51 [INFO] base_models.logistic_regression:57 - LogisticRegression final iteration 1499, max_iter=1500, learning_rate = 0.05
2025-06-28 09:38:51 [INFO] adaboost.adaboost:25 - model is <base_models.logistic_regression.LogisticRegressionModel object at 0x000002D569ABC670>
2025-06-28 09:38:51 [INFO] base_models.logistic_regression:57 - LogisticRegression final iteration 0, max_iter=1500, learning_rate = 0.05
2025-06-28 09:38:51 [INFO] base_models.logistic_regression:57 - LogisticRegression final iteration 1499, max_iter=1500, learning_rate = 0.05
2025-06-28 09:38:51 [INFO] adaboost.adaboost:25 - model is <base_models.logistic_regression.LogisticRegressionModel object at 0x000002D569ABC6D0>
2025-06-28 09:38:51 [INFO] base_models.logistic_regression:57 - LogisticRegression final iteration 0, max_iter=1500, learning_rate = 0.05
2025-06-28 09:38:52 [INFO] base_models.logistic_regression:57 - LogisticRegression final iteration 1499, max_iter=1500, learning_rate = 0.05
2025-06-28 09:38:52 [INFO] adaboost.adaboost:25 - model is <base_models.logistic_regression.LogisticRegressionModel object at 0x000002D569ABC730>
2025-06-28 09:38:52 [INFO] base_models.logistic_regression:57 - LogisticRegression final iteration 0, max_iter=1500, learning_rate = 0.05
2025-06-28 09:38:53 [INFO] base_models.logistic_regression:57 - LogisticRegression final iteration 1499, max_iter=1500, learning_rate = 0.05
2025-06-28 09:38:53 [INFO] adaboost.adaboost:25 - model is <base_models.logistic_regression.LogisticRegressionModel object at 0x000002D569ABC790>
2025-06-28 09:38:53 [INFO] base_models.logistic_regression:57 - LogisticRegression final iteration 0, max_iter=1500, learning_rate = 0.05
2025-06-28 09:38:54 [INFO] base_models.logistic_regression:57 - LogisticRegression final iteration 1499, max_iter=1500, learning_rate = 0.05
2025-06-28 09:38:54 [INFO] adaboost.adaboost:25 - model is <base_models.logistic_regression.LogisticRegressionModel object at 0x000002D569ABC7F0>
2025-06-28 09:38:54 [INFO] base_models.logistic_regression:57 - LogisticRegression final iteration 0, max_iter=1500, learning_rate = 0.05
2025-06-28 09:38:54 [INFO] base_models.logistic_regression:57 - LogisticRegression final iteration 1499, max_iter=1500, learning_rate = 0.05
2025-06-28 09:38:54 [INFO] adaboost.adaboost:25 - model is <base_models.logistic_regression.LogisticRegressionModel object at 0x000002D569ABC850>
2025-06-28 09:38:54 [INFO] base_models.logistic_regression:57 - LogisticRegression final iteration 0, max_iter=1500, learning_rate = 0.05
2025-06-28 09:38:55 [INFO] base_models.logistic_regression:57 - LogisticRegression final iteration 1499, max_iter=1500, learning_rate = 0.05
2025-06-28 09:38:55 [INFO] adaboost.adaboost:25 - model is <base_models.logistic_regression.LogisticRegressionModel object at 0x000002D569ABC8B0>
2025-06-28 09:38:55 [INFO] base_models.logistic_regression:57 - LogisticRegression final iteration 0, max_iter=1500, learning_rate = 0.05
2025-06-28 09:38:56 [INFO] base_models.logistic_regression:57 - LogisticRegression final iteration 1499, max_iter=1500, learning_rate = 0.05
2025-06-28 09:38:56 [INFO] adaboost.adaboost:25 - model is <base_models.logistic_regression.LogisticRegressionModel object at 0x000002D569ABC910>
2025-06-28 09:38:56 [INFO] base_models.logistic_regression:57 - LogisticRegression final iteration 0, max_iter=1500, learning_rate = 0.05
2025-06-28 09:38:57 [INFO] base_models.logistic_regression:57 - LogisticRegression final iteration 1499, max_iter=1500, learning_rate = 0.05
2025-06-28 09:38:57 [INFO] adaboost.adaboost:25 - model is <base_models.logistic_regression.LogisticRegressionModel object at 0x000002D569ABC970>
2025-06-28 09:38:57 [INFO] base_models.logistic_regression:57 - LogisticRegression final iteration 0, max_iter=1500, learning_rate = 0.05
2025-06-28 09:38:57 [INFO] base_models.logistic_regression:57 - LogisticRegression final iteration 1499, max_iter=1500, learning_rate = 0.05
2025-06-28 09:38:57 [INFO] adaboost.adaboost:25 - model is <base_models.logistic_regression.LogisticRegressionModel object at 0x000002D569ABC9D0>
2025-06-28 09:38:57 [INFO] base_models.logistic_regression:57 - LogisticRegression final iteration 0, max_iter=1500, learning_rate = 0.05
2025-06-28 09:38:58 [INFO] base_models.logistic_regression:57 - LogisticRegression final iteration 1499, max_iter=1500, learning_rate = 0.05
2025-06-28 09:38:58 [INFO] adaboost.adaboost:25 - model is <base_models.logistic_regression.LogisticRegressionModel object at 0x000002D569ABCA30>
2025-06-28 09:38:58 [INFO] base_models.logistic_regression:57 - LogisticRegression final iteration 0, max_iter=1500, learning_rate = 0.05
2025-06-28 09:38:59 [INFO] base_models.logistic_regression:57 - LogisticRegression final iteration 1499, max_iter=1500, learning_rate = 0.05
2025-06-28 09:38:59 [INFO] adaboost.adaboost:25 - model is <base_models.logistic_regression.LogisticRegressionModel object at 0x000002D569ABCA90>
2025-06-28 09:38:59 [INFO] base_models.logistic_regression:57 - LogisticRegression final iteration 0, max_iter=1500, learning_rate = 0.05
2025-06-28 09:38:59 [INFO] base_models.logistic_regression:57 - LogisticRegression final iteration 1499, max_iter=1500, learning_rate = 0.05
2025-06-28 09:38:59 [INFO] adaboost.adaboost:25 - model is <base_models.logistic_regression.LogisticRegressionModel object at 0x000002D569ABCAF0>
2025-06-28 09:38:59 [INFO] base_models.logistic_regression:57 - LogisticRegression final iteration 0, max_iter=1500, learning_rate = 0.05
2025-06-28 09:39:00 [INFO] base_models.logistic_regression:57 - LogisticRegression final iteration 1499, max_iter=1500, learning_rate = 0.05
2025-06-28 09:39:00 [INFO] adaboost.adaboost:25 - model is <base_models.logistic_regression.LogisticRegressionModel object at 0x000002D569ABCB50>
2025-06-28 09:39:00 [INFO] base_models.logistic_regression:57 - LogisticRegression final iteration 0, max_iter=1500, learning_rate = 0.05
2025-06-28 09:39:01 [INFO] base_models.logistic_regression:57 - LogisticRegression final iteration 1499, max_iter=1500, learning_rate = 0.05
2025-06-28 09:39:01 [INFO] adaboost.adaboost:25 - model is <base_models.logistic_regression.LogisticRegressionModel object at 0x000002D569ABCBB0>
2025-06-28 09:39:01 [INFO] base_models.logistic_regression:57 - LogisticRegression final iteration 0, max_iter=1500, learning_rate = 0.05
2025-06-28 09:39:02 [INFO] base_models.logistic_regression:57 - LogisticRegression final iteration 1499, max_iter=1500, learning_rate = 0.05
2025-06-28 09:39:02 [INFO] adaboost.adaboost:25 - model is <base_models.logistic_regression.LogisticRegressionModel object at 0x000002D569ABCC10>
2025-06-28 09:39:02 [INFO] base_models.logistic_regression:57 - LogisticRegression final iteration 0, max_iter=1500, learning_rate = 0.05
2025-06-28 09:39:02 [INFO] base_models.logistic_regression:57 - LogisticRegression final iteration 1499, max_iter=1500, learning_rate = 0.05
2025-06-28 09:39:02 [INFO] adaboost.adaboost:25 - model is <base_models.logistic_regression.LogisticRegressionModel object at 0x000002D569ABCC70>
2025-06-28 09:39:02 [INFO] base_models.logistic_regression:57 - LogisticRegression final iteration 0, max_iter=1500, learning_rate = 0.05
2025-06-28 09:39:03 [INFO] base_models.logistic_regression:57 - LogisticRegression final iteration 1499, max_iter=1500, learning_rate = 0.05
2025-06-28 09:39:03 [INFO] adaboost.adaboost:25 - model is <base_models.logistic_regression.LogisticRegressionModel object at 0x000002D569ABCCD0>
2025-06-28 09:39:03 [INFO] base_models.logistic_regression:57 - LogisticRegression final iteration 0, max_iter=1500, learning_rate = 0.05
2025-06-28 09:39:04 [INFO] base_models.logistic_regression:57 - LogisticRegression final iteration 1499, max_iter=1500, learning_rate = 0.05
2025-06-28 09:39:04 [INFO] adaboost.adaboost:25 - model is <base_models.logistic_regression.LogisticRegressionModel object at 0x000002D569ABCD30>
2025-06-28 09:39:04 [INFO] base_models.logistic_regression:57 - LogisticRegression final iteration 0, max_iter=1500, learning_rate = 0.05
2025-06-28 09:39:05 [INFO] base_models.logistic_regression:57 - LogisticRegression final iteration 1499, max_iter=1500, learning_rate = 0.05
2025-06-28 09:39:05 [INFO] adaboost.adaboost:25 - model is <base_models.logistic_regression.LogisticRegressionModel object at 0x000002D569ABCD90>
2025-06-28 09:39:05 [INFO] base_models.logistic_regression:57 - LogisticRegression final iteration 0, max_iter=1500, learning_rate = 0.05
2025-06-28 09:39:05 [INFO] base_models.logistic_regression:57 - LogisticRegression final iteration 1499, max_iter=1500, learning_rate = 0.05
2025-06-28 09:39:05 [INFO] adaboost.adaboost:25 - model is <base_models.logistic_regression.LogisticRegressionModel object at 0x000002D569ABCDF0>
2025-06-28 09:39:05 [INFO] base_models.logistic_regression:57 - LogisticRegression final iteration 0, max_iter=1500, learning_rate = 0.05
2025-06-28 09:39:06 [INFO] base_models.logistic_regression:57 - LogisticRegression final iteration 1499, max_iter=1500, learning_rate = 0.05
2025-06-28 09:39:06 [INFO] adaboost.adaboost:25 - model is <base_models.logistic_regression.LogisticRegressionModel object at 0x000002D569ABCE50>
2025-06-28 09:39:06 [INFO] base_models.logistic_regression:57 - LogisticRegression final iteration 0, max_iter=1500, learning_rate = 0.05
2025-06-28 09:39:07 [INFO] base_models.logistic_regression:57 - LogisticRegression final iteration 1499, max_iter=1500, learning_rate = 0.05
2025-06-28 09:39:07 [INFO] adaboost.adaboost:25 - model is <base_models.logistic_regression.LogisticRegressionModel object at 0x000002D569ABCEB0>
2025-06-28 09:39:07 [INFO] base_models.logistic_regression:57 - LogisticRegression final iteration 0, max_iter=1500, learning_rate = 0.05
2025-06-28 09:39:08 [INFO] base_models.logistic_regression:57 - LogisticRegression final iteration 1499, max_iter=1500, learning_rate = 0.05
2025-06-28 09:39:08 [INFO] adaboost.adaboost:25 - model is <base_models.logistic_regression.LogisticRegressionModel object at 0x000002D569ABC040>
2025-06-28 09:39:08 [INFO] base_models.logistic_regression:57 - LogisticRegression final iteration 0, max_iter=1500, learning_rate = 0.05
2025-06-28 09:39:08 [INFO] base_models.logistic_regression:57 - LogisticRegression final iteration 1499, max_iter=1500, learning_rate = 0.05
2025-06-28 09:39:08 [INFO] adaboost.adaboost:25 - model is <base_models.logistic_regression.LogisticRegressionModel object at 0x000002D569ABC1C0>
2025-06-28 09:39:08 [INFO] base_models.logistic_regression:57 - LogisticRegression final iteration 0, max_iter=1500, learning_rate = 0.05
2025-06-28 09:39:09 [INFO] base_models.logistic_regression:57 - LogisticRegression final iteration 1499, max_iter=1500, learning_rate = 0.05
2025-06-28 09:39:09 [INFO] adaboost.adaboost:25 - model is <base_models.logistic_regression.LogisticRegressionModel object at 0x000002D569ABC220>
2025-06-28 09:39:09 [INFO] base_models.logistic_regression:57 - LogisticRegression final iteration 0, max_iter=1500, learning_rate = 0.05
2025-06-28 09:39:10 [INFO] base_models.logistic_regression:57 - LogisticRegression final iteration 1499, max_iter=1500, learning_rate = 0.05
2025-06-28 09:39:10 [INFO] adaboost.adaboost:25 - model is <base_models.logistic_regression.LogisticRegressionModel object at 0x000002D569ABC130>
2025-06-28 09:39:10 [INFO] base_models.logistic_regression:57 - LogisticRegression final iteration 0, max_iter=1500, learning_rate = 0.05
2025-06-28 09:39:10 [INFO] base_models.logistic_regression:57 - LogisticRegression final iteration 1499, max_iter=1500, learning_rate = 0.05
2025-06-28 09:39:10 [INFO] adaboost.adaboost:25 - model is <base_models.logistic_regression.LogisticRegressionModel object at 0x000002D569ABC190>
2025-06-28 09:39:10 [INFO] base_models.logistic_regression:57 - LogisticRegression final iteration 0, max_iter=1500, learning_rate = 0.05
2025-06-28 09:39:11 [INFO] base_models.logistic_regression:57 - LogisticRegression final iteration 1499, max_iter=1500, learning_rate = 0.05
2025-06-28 09:39:11 [INFO] adaboost.adaboost:25 - model is <base_models.logistic_regression.LogisticRegressionModel object at 0x000002D56B5612B0>
2025-06-28 09:39:11 [INFO] base_models.logistic_regression:57 - LogisticRegression final iteration 0, max_iter=1500, learning_rate = 0.05
2025-06-28 09:39:12 [INFO] base_models.logistic_regression:57 - LogisticRegression final iteration 1499, max_iter=1500, learning_rate = 0.05
2025-06-28 09:39:12 [INFO] adaboost.adaboost:25 - model is <base_models.logistic_regression.LogisticRegressionModel object at 0x000002D56B561130>
2025-06-28 09:39:12 [INFO] base_models.logistic_regression:57 - LogisticRegression final iteration 0, max_iter=1500, learning_rate = 0.05
2025-06-28 09:39:13 [INFO] base_models.logistic_regression:57 - LogisticRegression final iteration 1499, max_iter=1500, learning_rate = 0.05
2025-06-28 09:39:13 [INFO] adaboost.adaboost:25 - model is <base_models.logistic_regression.LogisticRegressionModel object at 0x000002D56B561310>
2025-06-28 09:39:13 [INFO] base_models.logistic_regression:57 - LogisticRegression final iteration 0, max_iter=1500, learning_rate = 0.05
2025-06-28 09:39:13 [INFO] base_models.logistic_regression:57 - LogisticRegression final iteration 1499, max_iter=1500, learning_rate = 0.05
2025-06-28 09:39:13 [INFO] adaboost.adaboost:25 - model is <base_models.logistic_regression.LogisticRegressionModel object at 0x000002D56B561370>
2025-06-28 09:39:13 [INFO] base_models.logistic_regression:57 - LogisticRegression final iteration 0, max_iter=1500, learning_rate = 0.05
2025-06-28 09:39:14 [INFO] base_models.logistic_regression:57 - LogisticRegression final iteration 1499, max_iter=1500, learning_rate = 0.05
2025-06-28 09:39:14 [INFO] adaboost.adaboost:25 - model is <base_models.logistic_regression.LogisticRegressionModel object at 0x000002D56B5613D0>
2025-06-28 09:39:14 [INFO] base_models.logistic_regression:57 - LogisticRegression final iteration 0, max_iter=1500, learning_rate = 0.05
2025-06-28 09:39:15 [INFO] base_models.logistic_regression:57 - LogisticRegression final iteration 1499, max_iter=1500, learning_rate = 0.05
2025-06-28 09:39:15 [INFO] adaboost.adaboost:25 - model is <base_models.logistic_regression.LogisticRegressionModel object at 0x000002D56B561430>
2025-06-28 09:39:15 [INFO] base_models.logistic_regression:57 - LogisticRegression final iteration 0, max_iter=1500, learning_rate = 0.05
2025-06-28 09:39:16 [INFO] base_models.logistic_regression:57 - LogisticRegression final iteration 1499, max_iter=1500, learning_rate = 0.05
2025-06-28 09:39:16 [INFO] adaboost.adaboost:25 - model is <base_models.logistic_regression.LogisticRegressionModel object at 0x000002D56B561490>
2025-06-28 09:39:16 [INFO] base_models.logistic_regression:57 - LogisticRegression final iteration 0, max_iter=1500, learning_rate = 0.05
2025-06-28 09:39:16 [INFO] base_models.logistic_regression:57 - LogisticRegression final iteration 1499, max_iter=1500, learning_rate = 0.05
2025-06-28 09:39:16 [INFO] adaboost.adaboost:25 - model is <base_models.logistic_regression.LogisticRegressionModel object at 0x000002D56B5614F0>
2025-06-28 09:39:16 [INFO] base_models.logistic_regression:57 - LogisticRegression final iteration 0, max_iter=1500, learning_rate = 0.05
2025-06-28 09:39:17 [INFO] base_models.logistic_regression:57 - LogisticRegression final iteration 1499, max_iter=1500, learning_rate = 0.05
2025-06-28 09:39:17 [INFO] adaboost.adaboost:25 - model is <base_models.logistic_regression.LogisticRegressionModel object at 0x000002D56B561550>
2025-06-28 09:39:17 [INFO] base_models.logistic_regression:57 - LogisticRegression final iteration 0, max_iter=1500, learning_rate = 0.05
2025-06-28 09:39:18 [INFO] base_models.logistic_regression:57 - LogisticRegression final iteration 1499, max_iter=1500, learning_rate = 0.05
2025-06-28 09:39:18 [INFO] adaboost.adaboost:25 - model is <base_models.logistic_regression.LogisticRegressionModel object at 0x000002D56B5615B0>
2025-06-28 09:39:18 [INFO] base_models.logistic_regression:57 - LogisticRegression final iteration 0, max_iter=1500, learning_rate = 0.05
2025-06-28 09:39:19 [INFO] base_models.logistic_regression:57 - LogisticRegression final iteration 1499, max_iter=1500, learning_rate = 0.05
2025-06-28 09:39:19 [INFO] adaboost.adaboost:25 - model is <base_models.logistic_regression.LogisticRegressionModel object at 0x000002D56B561610>
2025-06-28 09:39:19 [INFO] base_models.logistic_regression:57 - LogisticRegression final iteration 0, max_iter=1500, learning_rate = 0.05
2025-06-28 09:39:19 [INFO] base_models.logistic_regression:57 - LogisticRegression final iteration 1499, max_iter=1500, learning_rate = 0.05
2025-06-28 09:39:19 [INFO] adaboost.adaboost:25 - model is <base_models.logistic_regression.LogisticRegressionModel object at 0x000002D56B561670>
2025-06-28 09:39:19 [INFO] base_models.logistic_regression:57 - LogisticRegression final iteration 0, max_iter=1500, learning_rate = 0.05
2025-06-28 09:39:20 [INFO] base_models.logistic_regression:57 - LogisticRegression final iteration 1499, max_iter=1500, learning_rate = 0.05
2025-06-28 09:39:20 [INFO] adaboost.adaboost:25 - model is <base_models.logistic_regression.LogisticRegressionModel object at 0x000002D56B5616D0>
2025-06-28 09:39:20 [INFO] base_models.logistic_regression:57 - LogisticRegression final iteration 0, max_iter=1500, learning_rate = 0.05
2025-06-28 09:39:21 [INFO] base_models.logistic_regression:57 - LogisticRegression final iteration 1499, max_iter=1500, learning_rate = 0.05
2025-06-28 09:39:21 [INFO] adaboost.adaboost:25 - model is <base_models.logistic_regression.LogisticRegressionModel object at 0x000002D56B561730>
2025-06-28 09:39:21 [INFO] base_models.logistic_regression:57 - LogisticRegression final iteration 0, max_iter=1500, learning_rate = 0.05
2025-06-28 09:39:22 [INFO] base_models.logistic_regression:57 - LogisticRegression final iteration 1499, max_iter=1500, learning_rate = 0.05
2025-06-28 09:39:22 [INFO] adaboost.adaboost:25 - model is <base_models.logistic_regression.LogisticRegressionModel object at 0x000002D56B561790>
2025-06-28 09:39:22 [INFO] base_models.logistic_regression:57 - LogisticRegression final iteration 0, max_iter=1500, learning_rate = 0.05
2025-06-28 09:39:22 [INFO] base_models.logistic_regression:57 - LogisticRegression final iteration 1499, max_iter=1500, learning_rate = 0.05
2025-06-28 09:39:22 [INFO] adaboost.adaboost:25 - model is <base_models.logistic_regression.LogisticRegressionModel object at 0x000002D56B5617F0>
2025-06-28 09:39:22 [INFO] base_models.logistic_regression:57 - LogisticRegression final iteration 0, max_iter=1500, learning_rate = 0.05
2025-06-28 09:39:23 [INFO] base_models.logistic_regression:57 - LogisticRegression final iteration 1499, max_iter=1500, learning_rate = 0.05
2025-06-28 09:39:23 [INFO] adaboost.adaboost:25 - model is <base_models.logistic_regression.LogisticRegressionModel object at 0x000002D56B561850>
2025-06-28 09:39:23 [INFO] base_models.logistic_regression:57 - LogisticRegression final iteration 0, max_iter=1500, learning_rate = 0.05
2025-06-28 09:39:24 [INFO] base_models.logistic_regression:57 - LogisticRegression final iteration 1499, max_iter=1500, learning_rate = 0.05
2025-06-28 09:39:24 [INFO] adaboost.adaboost:25 - model is <base_models.logistic_regression.LogisticRegressionModel object at 0x000002D56B5618E0>
2025-06-28 09:39:24 [INFO] base_models.logistic_regression:57 - LogisticRegression final iteration 0, max_iter=1500, learning_rate = 0.05
2025-06-28 09:39:24 [INFO] base_models.logistic_regression:57 - LogisticRegression final iteration 1499, max_iter=1500, learning_rate = 0.05
2025-06-28 09:39:24 [INFO] adaboost.adaboost:25 - model is <base_models.logistic_regression.LogisticRegressionModel object at 0x000002D56B561940>
2025-06-28 09:39:24 [INFO] base_models.logistic_regression:57 - LogisticRegression final iteration 0, max_iter=1500, learning_rate = 0.05
2025-06-28 09:39:25 [INFO] base_models.logistic_regression:57 - LogisticRegression final iteration 1499, max_iter=1500, learning_rate = 0.05
2025-06-28 09:39:25 [INFO] adaboost.adaboost:25 - model is <base_models.logistic_regression.LogisticRegressionModel object at 0x000002D56B5619A0>
2025-06-28 09:39:25 [INFO] base_models.logistic_regression:57 - LogisticRegression final iteration 0, max_iter=1500, learning_rate = 0.05
2025-06-28 09:39:26 [INFO] base_models.logistic_regression:57 - LogisticRegression final iteration 1499, max_iter=1500, learning_rate = 0.05
2025-06-28 09:39:26 [INFO] adaboost.adaboost:25 - model is <base_models.logistic_regression.LogisticRegressionModel object at 0x000002D56B561A30>
2025-06-28 09:39:26 [INFO] base_models.logistic_regression:57 - LogisticRegression final iteration 0, max_iter=1500, learning_rate = 0.05
2025-06-28 09:39:27 [INFO] base_models.logistic_regression:57 - LogisticRegression final iteration 1499, max_iter=1500, learning_rate = 0.05
2025-06-28 09:39:27 [INFO] adaboost.adaboost:25 - model is <base_models.logistic_regression.LogisticRegressionModel object at 0x000002D56B561B20>
2025-06-28 09:39:27 [INFO] base_models.logistic_regression:57 - LogisticRegression final iteration 0, max_iter=1500, learning_rate = 0.05
2025-06-28 09:39:27 [INFO] base_models.logistic_regression:57 - LogisticRegression final iteration 1499, max_iter=1500, learning_rate = 0.05
2025-06-28 09:39:27 [INFO] adaboost.adaboost:25 - model is <base_models.logistic_regression.LogisticRegressionModel object at 0x000002D56B561B80>
2025-06-28 09:39:27 [INFO] base_models.logistic_regression:57 - LogisticRegression final iteration 0, max_iter=1500, learning_rate = 0.05
2025-06-28 09:39:28 [INFO] base_models.logistic_regression:57 - LogisticRegression final iteration 1499, max_iter=1500, learning_rate = 0.05
2025-06-28 09:39:28 [INFO] adaboost.adaboost:25 - model is <base_models.logistic_regression.LogisticRegressionModel object at 0x000002D56B561BE0>
2025-06-28 09:39:28 [INFO] base_models.logistic_regression:57 - LogisticRegression final iteration 0, max_iter=1500, learning_rate = 0.05
2025-06-28 09:39:30 [INFO] base_models.logistic_regression:57 - LogisticRegression final iteration 1499, max_iter=1500, learning_rate = 0.05
2025-06-28 09:39:30 [INFO] adaboost.adaboost:25 - model is <base_models.logistic_regression.LogisticRegressionModel object at 0x000002D56B561C40>
2025-06-28 09:39:30 [INFO] base_models.logistic_regression:57 - LogisticRegression final iteration 0, max_iter=1500, learning_rate = 0.05
2025-06-28 09:39:30 [INFO] base_models.logistic_regression:57 - LogisticRegression final iteration 1499, max_iter=1500, learning_rate = 0.05
2025-06-28 09:39:30 [INFO] adaboost.adaboost:25 - model is <base_models.logistic_regression.LogisticRegressionModel object at 0x000002D56B561CA0>
2025-06-28 09:39:30 [INFO] base_models.logistic_regression:57 - LogisticRegression final iteration 0, max_iter=1500, learning_rate = 0.05
2025-06-28 09:39:31 [INFO] base_models.logistic_regression:57 - LogisticRegression final iteration 1499, max_iter=1500, learning_rate = 0.05
2025-06-28 09:39:31 [INFO] adaboost.adaboost:25 - model is <base_models.logistic_regression.LogisticRegressionModel object at 0x000002D56B561D00>
2025-06-28 09:39:31 [INFO] base_models.logistic_regression:57 - LogisticRegression final iteration 0, max_iter=1500, learning_rate = 0.05
2025-06-28 09:39:32 [INFO] base_models.logistic_regression:57 - LogisticRegression final iteration 1499, max_iter=1500, learning_rate = 0.05
2025-06-28 09:39:32 [INFO] adaboost.adaboost:25 - model is <base_models.logistic_regression.LogisticRegressionModel object at 0x000002D56B561D60>
2025-06-28 09:39:32 [INFO] base_models.logistic_regression:57 - LogisticRegression final iteration 0, max_iter=1500, learning_rate = 0.05
2025-06-28 09:39:33 [INFO] base_models.logistic_regression:57 - LogisticRegression final iteration 1499, max_iter=1500, learning_rate = 0.05
2025-06-28 09:39:33 [INFO] adaboost.adaboost:25 - model is <base_models.logistic_regression.LogisticRegressionModel object at 0x000002D56B561DC0>
2025-06-28 09:39:33 [INFO] base_models.logistic_regression:57 - LogisticRegression final iteration 0, max_iter=1500, learning_rate = 0.05
2025-06-28 09:39:35 [INFO] base_models.logistic_regression:57 - LogisticRegression final iteration 1499, max_iter=1500, learning_rate = 0.05
2025-06-28 09:39:35 [INFO] adaboost.adaboost:25 - model is <base_models.logistic_regression.LogisticRegressionModel object at 0x000002D56B561E20>
2025-06-28 09:39:35 [INFO] base_models.logistic_regression:57 - LogisticRegression final iteration 0, max_iter=1500, learning_rate = 0.05
2025-06-28 09:39:36 [INFO] base_models.logistic_regression:57 - LogisticRegression final iteration 1499, max_iter=1500, learning_rate = 0.05
2025-06-28 09:39:36 [INFO] adaboost.adaboost:25 - model is <base_models.logistic_regression.LogisticRegressionModel object at 0x000002D56B561E80>
2025-06-28 09:39:36 [INFO] base_models.logistic_regression:57 - LogisticRegression final iteration 0, max_iter=1500, learning_rate = 0.05
2025-06-28 09:39:37 [INFO] base_models.logistic_regression:57 - LogisticRegression final iteration 1499, max_iter=1500, learning_rate = 0.05
2025-06-28 09:39:37 [INFO] adaboost.adaboost:25 - model is <base_models.logistic_regression.LogisticRegressionModel object at 0x000002D56B561EE0>
2025-06-28 09:39:37 [INFO] base_models.logistic_regression:57 - LogisticRegression final iteration 0, max_iter=1500, learning_rate = 0.05
2025-06-28 09:39:38 [INFO] base_models.logistic_regression:57 - LogisticRegression final iteration 1499, max_iter=1500, learning_rate = 0.05
2025-06-28 09:39:38 [INFO] adaboost.adaboost:25 - model is <base_models.logistic_regression.LogisticRegressionModel object at 0x000002D56B561F40>
2025-06-28 09:39:38 [INFO] base_models.logistic_regression:57 - LogisticRegression final iteration 0, max_iter=1500, learning_rate = 0.05
2025-06-28 09:39:40 [INFO] base_models.logistic_regression:57 - LogisticRegression final iteration 1499, max_iter=1500, learning_rate = 0.05
2025-06-28 09:39:40 [INFO] adaboost.adaboost:25 - model is <base_models.logistic_regression.LogisticRegressionModel object at 0x000002D56B561FA0>
2025-06-28 09:39:40 [INFO] base_models.logistic_regression:57 - LogisticRegression final iteration 0, max_iter=1500, learning_rate = 0.05
2025-06-28 09:39:41 [INFO] base_models.logistic_regression:57 - LogisticRegression final iteration 1499, max_iter=1500, learning_rate = 0.05
2025-06-28 09:39:41 [INFO] adaboost.adaboost:25 - model is <base_models.logistic_regression.LogisticRegressionModel object at 0x000002D56B5610A0>
2025-06-28 09:39:41 [INFO] base_models.logistic_regression:57 - LogisticRegression final iteration 0, max_iter=1500, learning_rate = 0.05
2025-06-28 09:39:43 [INFO] base_models.logistic_regression:57 - LogisticRegression final iteration 1499, max_iter=1500, learning_rate = 0.05
2025-06-28 09:39:43 [INFO] adaboost.adaboost:25 - model is <base_models.logistic_regression.LogisticRegressionModel object at 0x000002D56B561040>
2025-06-28 09:39:43 [INFO] base_models.logistic_regression:57 - LogisticRegression final iteration 0, max_iter=1500, learning_rate = 0.05
2025-06-28 09:39:45 [INFO] base_models.logistic_regression:57 - LogisticRegression final iteration 1499, max_iter=1500, learning_rate = 0.05
2025-06-28 09:39:45 [INFO] adaboost.adaboost:25 - model is <base_models.logistic_regression.LogisticRegressionModel object at 0x000002D56B5611F0>
2025-06-28 09:39:45 [INFO] base_models.logistic_regression:57 - LogisticRegression final iteration 0, max_iter=1500, learning_rate = 0.05
2025-06-28 09:39:47 [INFO] base_models.logistic_regression:57 - LogisticRegression final iteration 1499, max_iter=1500, learning_rate = 0.05
2025-06-28 09:39:47 [INFO] adaboost.adaboost:25 - model is <base_models.logistic_regression.LogisticRegressionModel object at 0x000002D56B561160>
2025-06-28 09:39:47 [INFO] base_models.logistic_regression:57 - LogisticRegression final iteration 0, max_iter=1500, learning_rate = 0.05
2025-06-28 09:39:48 [INFO] base_models.logistic_regression:57 - LogisticRegression final iteration 1499, max_iter=1500, learning_rate = 0.05
2025-06-28 09:39:48 [INFO] adaboost.adaboost:25 - model is <base_models.logistic_regression.LogisticRegressionModel object at 0x000002D56B5611C0>
2025-06-28 09:39:48 [INFO] base_models.logistic_regression:57 - LogisticRegression final iteration 0, max_iter=1500, learning_rate = 0.05
2025-06-28 09:39:49 [INFO] base_models.logistic_regression:57 - LogisticRegression final iteration 1499, max_iter=1500, learning_rate = 0.05
2025-06-28 09:39:49 [INFO] adaboost.adaboost:25 - model is <base_models.logistic_regression.LogisticRegressionModel object at 0x000002D56B561280>
2025-06-28 09:39:49 [INFO] base_models.logistic_regression:57 - LogisticRegression final iteration 0, max_iter=1500, learning_rate = 0.05
2025-06-28 09:39:51 [INFO] base_models.logistic_regression:57 - LogisticRegression final iteration 1499, max_iter=1500, learning_rate = 0.05
2025-06-28 09:39:51 [INFO] adaboost.adaboost:25 - model is <base_models.logistic_regression.LogisticRegressionModel object at 0x000002D5413E4C70>
2025-06-28 09:39:51 [INFO] base_models.logistic_regression:57 - LogisticRegression final iteration 0, max_iter=1500, learning_rate = 0.05
2025-06-28 09:39:52 [INFO] base_models.logistic_regression:57 - LogisticRegression final iteration 1499, max_iter=1500, learning_rate = 0.05
2025-06-28 09:39:52 [INFO] adaboost.adaboost:25 - model is <base_models.logistic_regression.LogisticRegressionModel object at 0x000002D569A16FD0>
2025-06-28 09:39:52 [INFO] base_models.logistic_regression:57 - LogisticRegression final iteration 0, max_iter=1500, learning_rate = 0.05
2025-06-28 09:39:54 [INFO] base_models.logistic_regression:57 - LogisticRegression final iteration 1499, max_iter=1500, learning_rate = 0.05
2025-06-28 09:39:54 [INFO] adaboost.adaboost:25 - model is <base_models.logistic_regression.LogisticRegressionModel object at 0x000002D569A07D60>
2025-06-28 09:39:54 [INFO] base_models.logistic_regression:57 - LogisticRegression final iteration 0, max_iter=1500, learning_rate = 0.05
2025-06-28 09:39:56 [INFO] base_models.logistic_regression:57 - LogisticRegression final iteration 1499, max_iter=1500, learning_rate = 0.05
2025-06-28 09:39:56 [INFO] adaboost.adaboost:25 - model is <base_models.logistic_regression.LogisticRegressionModel object at 0x000002D5699FCF70>
2025-06-28 09:39:56 [INFO] base_models.logistic_regression:57 - LogisticRegression final iteration 0, max_iter=1500, learning_rate = 0.05
2025-06-28 09:39:58 [INFO] base_models.logistic_regression:57 - LogisticRegression final iteration 1499, max_iter=1500, learning_rate = 0.05
2025-06-28 09:39:58 [INFO] adaboost.adaboost:25 - model is <base_models.logistic_regression.LogisticRegressionModel object at 0x000002D569A459A0>
2025-06-28 09:39:58 [INFO] base_models.logistic_regression:57 - LogisticRegression final iteration 0, max_iter=1500, learning_rate = 0.05
2025-06-28 09:40:00 [INFO] base_models.logistic_regression:57 - LogisticRegression final iteration 1499, max_iter=1500, learning_rate = 0.05
2025-06-28 09:40:00 [INFO] adaboost.adaboost:25 - model is <base_models.logistic_regression.LogisticRegressionModel object at 0x000002D569A45DC0>
2025-06-28 09:40:00 [INFO] base_models.logistic_regression:57 - LogisticRegression final iteration 0, max_iter=1500, learning_rate = 0.05
2025-06-28 09:40:02 [INFO] base_models.logistic_regression:57 - LogisticRegression final iteration 1499, max_iter=1500, learning_rate = 0.05
2025-06-28 09:40:02 [INFO] adaboost.adaboost:25 - model is <base_models.logistic_regression.LogisticRegressionModel object at 0x000002D569A45F70>
2025-06-28 09:40:02 [INFO] base_models.logistic_regression:57 - LogisticRegression final iteration 0, max_iter=1500, learning_rate = 0.05
2025-06-28 09:40:03 [INFO] base_models.logistic_regression:57 - LogisticRegression final iteration 1499, max_iter=1500, learning_rate = 0.05
2025-06-28 09:40:03 [INFO] adaboost.adaboost:25 - model is <base_models.logistic_regression.LogisticRegressionModel object at 0x000002D569A45EE0>
2025-06-28 09:40:03 [INFO] base_models.logistic_regression:57 - LogisticRegression final iteration 0, max_iter=1500, learning_rate = 0.05
2025-06-28 09:40:05 [INFO] base_models.logistic_regression:57 - LogisticRegression final iteration 1499, max_iter=1500, learning_rate = 0.05
2025-06-28 09:40:05 [INFO] adaboost.adaboost:25 - model is <base_models.logistic_regression.LogisticRegressionModel object at 0x000002D569A45FA0>
2025-06-28 09:40:05 [INFO] base_models.logistic_regression:57 - LogisticRegression final iteration 0, max_iter=1500, learning_rate = 0.05
2025-06-28 09:40:06 [INFO] base_models.logistic_regression:57 - LogisticRegression final iteration 1499, max_iter=1500, learning_rate = 0.05
2025-06-28 09:40:06 [INFO] adaboost.adaboost:25 - model is <base_models.logistic_regression.LogisticRegressionModel object at 0x000002D569A45E20>
2025-06-28 09:40:06 [INFO] base_models.logistic_regression:57 - LogisticRegression final iteration 0, max_iter=1500, learning_rate = 0.05
2025-06-28 09:40:07 [INFO] base_models.logistic_regression:57 - LogisticRegression final iteration 1499, max_iter=1500, learning_rate = 0.05
2025-06-28 09:40:07 [INFO] adaboost.adaboost:25 - model is <base_models.logistic_regression.LogisticRegressionModel object at 0x000002D56AA90D00>
2025-06-28 09:40:07 [INFO] base_models.logistic_regression:57 - LogisticRegression final iteration 0, max_iter=1500, learning_rate = 0.05
2025-06-28 09:40:09 [INFO] base_models.logistic_regression:57 - LogisticRegression final iteration 1499, max_iter=1500, learning_rate = 0.05
2025-06-28 09:40:09 [INFO] adaboost.adaboost:25 - model is <base_models.logistic_regression.LogisticRegressionModel object at 0x000002D56AA90E20>
2025-06-28 09:40:09 [INFO] base_models.logistic_regression:57 - LogisticRegression final iteration 0, max_iter=1500, learning_rate = 0.05
2025-06-28 09:40:10 [INFO] base_models.logistic_regression:57 - LogisticRegression final iteration 1499, max_iter=1500, learning_rate = 0.05
2025-06-28 09:40:10 [INFO] adaboost.adaboost:25 - model is <base_models.logistic_regression.LogisticRegressionModel object at 0x000002D56AA90EE0>
2025-06-28 09:40:10 [INFO] base_models.logistic_regression:57 - LogisticRegression final iteration 0, max_iter=1500, learning_rate = 0.05
2025-06-28 09:40:11 [INFO] base_models.logistic_regression:57 - LogisticRegression final iteration 1499, max_iter=1500, learning_rate = 0.05
2025-06-28 09:40:11 [INFO] adaboost.adaboost:25 - model is <base_models.logistic_regression.LogisticRegressionModel object at 0x000002D56AA90F40>
2025-06-28 09:40:11 [INFO] base_models.logistic_regression:57 - LogisticRegression final iteration 0, max_iter=1500, learning_rate = 0.05
2025-06-28 09:40:12 [INFO] base_models.logistic_regression:57 - LogisticRegression final iteration 1499, max_iter=1500, learning_rate = 0.05
2025-06-28 09:40:12 [INFO] adaboost.adaboost:25 - model is <base_models.logistic_regression.LogisticRegressionModel object at 0x000002D56AA90FA0>
2025-06-28 09:40:12 [INFO] base_models.logistic_regression:57 - LogisticRegression final iteration 0, max_iter=1500, learning_rate = 0.05
2025-06-28 09:40:14 [INFO] base_models.logistic_regression:57 - LogisticRegression final iteration 1499, max_iter=1500, learning_rate = 0.05
2025-06-28 09:40:14 [INFO] adaboost.adaboost:25 - model is <base_models.logistic_regression.LogisticRegressionModel object at 0x000002D56AA90CA0>
2025-06-28 09:40:14 [INFO] base_models.logistic_regression:57 - LogisticRegression final iteration 0, max_iter=1500, learning_rate = 0.05
2025-06-28 09:40:15 [INFO] base_models.logistic_regression:57 - LogisticRegression final iteration 1499, max_iter=1500, learning_rate = 0.05
2025-06-28 09:40:15 [INFO] adaboost.adaboost:25 - model is <base_models.logistic_regression.LogisticRegressionModel object at 0x000002D56AA90BB0>
2025-06-28 09:40:15 [INFO] base_models.logistic_regression:57 - LogisticRegression final iteration 0, max_iter=1500, learning_rate = 0.05
2025-06-28 09:40:17 [INFO] base_models.logistic_regression:57 - LogisticRegression final iteration 1499, max_iter=1500, learning_rate = 0.05
2025-06-28 09:40:17 [INFO] adaboost.adaboost:25 - model is <base_models.logistic_regression.LogisticRegressionModel object at 0x000002D56AA90E80>
2025-06-28 09:40:17 [INFO] base_models.logistic_regression:57 - LogisticRegression final iteration 0, max_iter=1500, learning_rate = 0.05
2025-06-28 09:40:18 [INFO] base_models.logistic_regression:57 - LogisticRegression final iteration 1499, max_iter=1500, learning_rate = 0.05
2025-06-28 09:40:18 [INFO] adaboost.adaboost:25 - model is <base_models.logistic_regression.LogisticRegressionModel object at 0x000002D56AA90D90>
2025-06-28 09:40:18 [INFO] base_models.logistic_regression:57 - LogisticRegression final iteration 0, max_iter=1500, learning_rate = 0.05
2025-06-28 09:40:19 [INFO] base_models.logistic_regression:57 - LogisticRegression final iteration 1499, max_iter=1500, learning_rate = 0.05
2025-06-28 09:40:19 [INFO] adaboost.adaboost:25 - model is <base_models.logistic_regression.LogisticRegressionModel object at 0x000002D56AA90C70>
2025-06-28 09:40:19 [INFO] base_models.logistic_regression:57 - LogisticRegression final iteration 0, max_iter=1500, learning_rate = 0.05
2025-06-28 09:40:21 [INFO] base_models.logistic_regression:57 - LogisticRegression final iteration 1499, max_iter=1500, learning_rate = 0.05
2025-06-28 09:40:21 [INFO] adaboost.adaboost:25 - model is <base_models.logistic_regression.LogisticRegressionModel object at 0x000002D56AA90D60>
2025-06-28 09:40:21 [INFO] base_models.logistic_regression:57 - LogisticRegression final iteration 0, max_iter=1500, learning_rate = 0.05
2025-06-28 09:40:22 [INFO] base_models.logistic_regression:57 - LogisticRegression final iteration 1499, max_iter=1500, learning_rate = 0.05
2025-06-28 09:40:22 [INFO] adaboost.adaboost:25 - model is <base_models.logistic_regression.LogisticRegressionModel object at 0x000002D569ABC0D0>
2025-06-28 09:40:22 [INFO] base_models.logistic_regression:57 - LogisticRegression final iteration 0, max_iter=1500, learning_rate = 0.05
2025-06-28 09:40:23 [INFO] base_models.logistic_regression:57 - LogisticRegression final iteration 1499, max_iter=1500, learning_rate = 0.05
2025-06-28 09:40:23 [INFO] adaboost.adaboost:25 - model is <base_models.logistic_regression.LogisticRegressionModel object at 0x000002D569ABC2B0>
2025-06-28 09:40:23 [INFO] base_models.logistic_regression:57 - LogisticRegression final iteration 0, max_iter=1500, learning_rate = 0.05
2025-06-28 09:40:24 [INFO] base_models.logistic_regression:57 - LogisticRegression final iteration 1499, max_iter=1500, learning_rate = 0.05
2025-06-28 09:40:24 [INFO] adaboost.adaboost:25 - model is <base_models.logistic_regression.LogisticRegressionModel object at 0x000002D569ABC310>
2025-06-28 09:40:24 [INFO] base_models.logistic_regression:57 - LogisticRegression final iteration 0, max_iter=1500, learning_rate = 0.05
2025-06-28 09:40:25 [INFO] base_models.logistic_regression:57 - LogisticRegression final iteration 1499, max_iter=1500, learning_rate = 0.05
2025-06-28 09:40:25 [INFO] adaboost.adaboost:25 - model is <base_models.logistic_regression.LogisticRegressionModel object at 0x000002D569ABC370>
2025-06-28 09:40:25 [INFO] base_models.logistic_regression:57 - LogisticRegression final iteration 0, max_iter=1500, learning_rate = 0.05
2025-06-28 09:40:27 [INFO] base_models.logistic_regression:57 - LogisticRegression final iteration 1499, max_iter=1500, learning_rate = 0.05
2025-06-28 09:40:27 [INFO] adaboost.adaboost:25 - model is <base_models.logistic_regression.LogisticRegressionModel object at 0x000002D569ABC3D0>
2025-06-28 09:40:27 [INFO] base_models.logistic_regression:57 - LogisticRegression final iteration 0, max_iter=1500, learning_rate = 0.05
2025-06-28 09:40:27 [INFO] base_models.logistic_regression:57 - LogisticRegression final iteration 1499, max_iter=1500, learning_rate = 0.05
2025-06-28 09:40:27 [INFO] adaboost.adaboost:25 - model is <base_models.logistic_regression.LogisticRegressionModel object at 0x000002D569ABC430>
2025-06-28 09:40:27 [INFO] base_models.logistic_regression:57 - LogisticRegression final iteration 0, max_iter=1500, learning_rate = 0.05
2025-06-28 09:40:29 [INFO] base_models.logistic_regression:57 - LogisticRegression final iteration 1499, max_iter=1500, learning_rate = 0.05
2025-06-28 09:40:29 [INFO] adaboost.adaboost:25 - model is <base_models.logistic_regression.LogisticRegressionModel object at 0x000002D569ABC490>
2025-06-28 09:40:29 [INFO] base_models.logistic_regression:57 - LogisticRegression final iteration 0, max_iter=1500, learning_rate = 0.05
2025-06-28 09:40:30 [INFO] base_models.logistic_regression:57 - LogisticRegression final iteration 1499, max_iter=1500, learning_rate = 0.05
2025-06-28 09:40:30 [INFO] adaboost.adaboost:25 - model is <base_models.logistic_regression.LogisticRegressionModel object at 0x000002D569ABC4F0>
2025-06-28 09:40:30 [INFO] base_models.logistic_regression:57 - LogisticRegression final iteration 0, max_iter=1500, learning_rate = 0.05
2025-06-28 09:40:31 [INFO] base_models.logistic_regression:57 - LogisticRegression final iteration 1499, max_iter=1500, learning_rate = 0.05
2025-06-28 09:40:31 [INFO] adaboost.adaboost:25 - model is <base_models.logistic_regression.LogisticRegressionModel object at 0x000002D569ABC550>
2025-06-28 09:40:31 [INFO] base_models.logistic_regression:57 - LogisticRegression final iteration 0, max_iter=1500, learning_rate = 0.05
2025-06-28 09:40:32 [INFO] base_models.logistic_regression:57 - LogisticRegression final iteration 1499, max_iter=1500, learning_rate = 0.05
2025-06-28 09:40:32 [INFO] adaboost.adaboost:25 - model is <base_models.logistic_regression.LogisticRegressionModel object at 0x000002D569ABC5B0>
2025-06-28 09:40:32 [INFO] base_models.logistic_regression:57 - LogisticRegression final iteration 0, max_iter=1500, learning_rate = 0.05
2025-06-28 09:40:33 [INFO] base_models.logistic_regression:57 - LogisticRegression final iteration 1499, max_iter=1500, learning_rate = 0.05
2025-06-28 09:40:33 [INFO] adaboost.adaboost:25 - model is <base_models.logistic_regression.LogisticRegressionModel object at 0x000002D569ABC610>
2025-06-28 09:40:33 [INFO] base_models.logistic_regression:57 - LogisticRegression final iteration 0, max_iter=1500, learning_rate = 0.05
2025-06-28 09:40:34 [INFO] base_models.logistic_regression:57 - LogisticRegression final iteration 1499, max_iter=1500, learning_rate = 0.05
2025-06-28 09:40:34 [INFO] adaboost.adaboost:25 - model is <base_models.logistic_regression.LogisticRegressionModel object at 0x000002D569ABC670>
2025-06-28 09:40:34 [INFO] base_models.logistic_regression:57 - LogisticRegression final iteration 0, max_iter=1500, learning_rate = 0.05
2025-06-28 09:40:36 [INFO] base_models.logistic_regression:57 - LogisticRegression final iteration 1499, max_iter=1500, learning_rate = 0.05
2025-06-28 09:40:36 [INFO] adaboost.adaboost:25 - model is <base_models.logistic_regression.LogisticRegressionModel object at 0x000002D569ABC6D0>
2025-06-28 09:40:36 [INFO] base_models.logistic_regression:57 - LogisticRegression final iteration 0, max_iter=1500, learning_rate = 0.05
2025-06-28 09:40:37 [INFO] base_models.logistic_regression:57 - LogisticRegression final iteration 1499, max_iter=1500, learning_rate = 0.05
2025-06-28 09:40:37 [INFO] adaboost.adaboost:25 - model is <base_models.logistic_regression.LogisticRegressionModel object at 0x000002D569ABC730>
2025-06-28 09:40:37 [INFO] base_models.logistic_regression:57 - LogisticRegression final iteration 0, max_iter=1500, learning_rate = 0.05
2025-06-28 09:40:38 [INFO] base_models.logistic_regression:57 - LogisticRegression final iteration 1499, max_iter=1500, learning_rate = 0.05
2025-06-28 09:40:38 [INFO] adaboost.adaboost:25 - model is <base_models.logistic_regression.LogisticRegressionModel object at 0x000002D569ABC790>
2025-06-28 09:40:38 [INFO] base_models.logistic_regression:57 - LogisticRegression final iteration 0, max_iter=1500, learning_rate = 0.05
2025-06-28 09:40:39 [INFO] base_models.logistic_regression:57 - LogisticRegression final iteration 1499, max_iter=1500, learning_rate = 0.05
2025-06-28 09:40:39 [INFO] adaboost.adaboost:25 - model is <base_models.logistic_regression.LogisticRegressionModel object at 0x000002D569ABC7F0>
2025-06-28 09:40:39 [INFO] base_models.logistic_regression:57 - LogisticRegression final iteration 0, max_iter=1500, learning_rate = 0.05
2025-06-28 09:40:40 [INFO] base_models.logistic_regression:57 - LogisticRegression final iteration 1499, max_iter=1500, learning_rate = 0.05
2025-06-28 09:40:40 [INFO] adaboost.adaboost:25 - model is <base_models.logistic_regression.LogisticRegressionModel object at 0x000002D569ABC850>
2025-06-28 09:40:40 [INFO] base_models.logistic_regression:57 - LogisticRegression final iteration 0, max_iter=1500, learning_rate = 0.05
2025-06-28 09:40:41 [INFO] base_models.logistic_regression:57 - LogisticRegression final iteration 1499, max_iter=1500, learning_rate = 0.05
2025-06-28 09:40:41 [INFO] adaboost.adaboost:25 - model is <base_models.logistic_regression.LogisticRegressionModel object at 0x000002D569ABC8B0>
2025-06-28 09:40:41 [INFO] base_models.logistic_regression:57 - LogisticRegression final iteration 0, max_iter=1500, learning_rate = 0.05
2025-06-28 09:40:42 [INFO] base_models.logistic_regression:57 - LogisticRegression final iteration 1499, max_iter=1500, learning_rate = 0.05
2025-06-28 09:40:42 [INFO] adaboost.adaboost:25 - model is <base_models.logistic_regression.LogisticRegressionModel object at 0x000002D569ABC910>
2025-06-28 09:40:42 [INFO] base_models.logistic_regression:57 - LogisticRegression final iteration 0, max_iter=1500, learning_rate = 0.05
2025-06-28 09:40:43 [INFO] base_models.logistic_regression:57 - LogisticRegression final iteration 1499, max_iter=1500, learning_rate = 0.05
2025-06-28 09:40:43 [INFO] adaboost.adaboost:25 - model is <base_models.logistic_regression.LogisticRegressionModel object at 0x000002D569ABC970>
2025-06-28 09:40:43 [INFO] base_models.logistic_regression:57 - LogisticRegression final iteration 0, max_iter=1500, learning_rate = 0.05
2025-06-28 09:40:44 [INFO] base_models.logistic_regression:57 - LogisticRegression final iteration 1499, max_iter=1500, learning_rate = 0.05
2025-06-28 09:40:44 [INFO] adaboost.adaboost:25 - model is <base_models.logistic_regression.LogisticRegressionModel object at 0x000002D569ABC9D0>
2025-06-28 09:40:44 [INFO] base_models.logistic_regression:57 - LogisticRegression final iteration 0, max_iter=1500, learning_rate = 0.05
2025-06-28 09:40:45 [INFO] base_models.logistic_regression:57 - LogisticRegression final iteration 1499, max_iter=1500, learning_rate = 0.05
2025-06-28 09:40:45 [INFO] adaboost.adaboost:25 - model is <base_models.logistic_regression.LogisticRegressionModel object at 0x000002D569ABCA30>
2025-06-28 09:40:45 [INFO] base_models.logistic_regression:57 - LogisticRegression final iteration 0, max_iter=1500, learning_rate = 0.05
2025-06-28 09:40:46 [INFO] base_models.logistic_regression:57 - LogisticRegression final iteration 1499, max_iter=1500, learning_rate = 0.05
2025-06-28 09:40:46 [INFO] adaboost.adaboost:25 - model is <base_models.logistic_regression.LogisticRegressionModel object at 0x000002D569ABCA90>
2025-06-28 09:40:46 [INFO] base_models.logistic_regression:57 - LogisticRegression final iteration 0, max_iter=1500, learning_rate = 0.05
2025-06-28 09:40:47 [INFO] base_models.logistic_regression:57 - LogisticRegression final iteration 1499, max_iter=1500, learning_rate = 0.05
2025-06-28 09:40:47 [INFO] adaboost.adaboost:25 - model is <base_models.logistic_regression.LogisticRegressionModel object at 0x000002D569ABCAF0>
2025-06-28 09:40:47 [INFO] base_models.logistic_regression:57 - LogisticRegression final iteration 0, max_iter=1500, learning_rate = 0.05
2025-06-28 09:40:48 [INFO] base_models.logistic_regression:57 - LogisticRegression final iteration 1499, max_iter=1500, learning_rate = 0.05
2025-06-28 09:40:48 [INFO] adaboost.adaboost:25 - model is <base_models.logistic_regression.LogisticRegressionModel object at 0x000002D569ABCB50>
2025-06-28 09:40:48 [INFO] base_models.logistic_regression:57 - LogisticRegression final iteration 0, max_iter=1500, learning_rate = 0.05
2025-06-28 09:40:50 [INFO] base_models.logistic_regression:57 - LogisticRegression final iteration 1499, max_iter=1500, learning_rate = 0.05
2025-06-28 09:40:50 [INFO] adaboost.adaboost:25 - model is <base_models.logistic_regression.LogisticRegressionModel object at 0x000002D569ABCBB0>
2025-06-28 09:40:50 [INFO] base_models.logistic_regression:57 - LogisticRegression final iteration 0, max_iter=1500, learning_rate = 0.05
2025-06-28 09:40:51 [INFO] base_models.logistic_regression:57 - LogisticRegression final iteration 1499, max_iter=1500, learning_rate = 0.05
2025-06-28 09:40:51 [INFO] adaboost.adaboost:25 - model is <base_models.logistic_regression.LogisticRegressionModel object at 0x000002D569ABCC10>
2025-06-28 09:40:51 [INFO] base_models.logistic_regression:57 - LogisticRegression final iteration 0, max_iter=1500, learning_rate = 0.05
2025-06-28 09:40:52 [INFO] base_models.logistic_regression:57 - LogisticRegression final iteration 1499, max_iter=1500, learning_rate = 0.05
2025-06-28 09:40:52 [INFO] adaboost.adaboost:25 - model is <base_models.logistic_regression.LogisticRegressionModel object at 0x000002D569ABCC70>
2025-06-28 09:40:52 [INFO] base_models.logistic_regression:57 - LogisticRegression final iteration 0, max_iter=1500, learning_rate = 0.05
2025-06-28 09:40:53 [INFO] base_models.logistic_regression:57 - LogisticRegression final iteration 1499, max_iter=1500, learning_rate = 0.05
2025-06-28 09:40:53 [INFO] adaboost.adaboost:25 - model is <base_models.logistic_regression.LogisticRegressionModel object at 0x000002D569ABCCD0>
2025-06-28 09:40:53 [INFO] base_models.logistic_regression:57 - LogisticRegression final iteration 0, max_iter=1500, learning_rate = 0.05
2025-06-28 09:40:54 [INFO] base_models.logistic_regression:57 - LogisticRegression final iteration 1499, max_iter=1500, learning_rate = 0.05
2025-06-28 09:40:54 [INFO] adaboost.adaboost:25 - model is <base_models.logistic_regression.LogisticRegressionModel object at 0x000002D569ABCD30>
2025-06-28 09:40:54 [INFO] base_models.logistic_regression:57 - LogisticRegression final iteration 0, max_iter=1500, learning_rate = 0.05
2025-06-28 09:40:55 [INFO] base_models.logistic_regression:57 - LogisticRegression final iteration 1499, max_iter=1500, learning_rate = 0.05
2025-06-28 09:40:55 [INFO] adaboost.adaboost:25 - model is <base_models.logistic_regression.LogisticRegressionModel object at 0x000002D569ABCD90>
2025-06-28 09:40:55 [INFO] base_models.logistic_regression:57 - LogisticRegression final iteration 0, max_iter=1500, learning_rate = 0.05
2025-06-28 09:40:56 [INFO] base_models.logistic_regression:57 - LogisticRegression final iteration 1499, max_iter=1500, learning_rate = 0.05
2025-06-28 09:40:56 [INFO] adaboost.adaboost:25 - model is <base_models.logistic_regression.LogisticRegressionModel object at 0x000002D569ABCDF0>
2025-06-28 09:40:56 [INFO] base_models.logistic_regression:57 - LogisticRegression final iteration 0, max_iter=1500, learning_rate = 0.05
2025-06-28 09:40:57 [INFO] base_models.logistic_regression:57 - LogisticRegression final iteration 1499, max_iter=1500, learning_rate = 0.05
2025-06-28 09:40:57 [INFO] adaboost.adaboost:25 - model is <base_models.logistic_regression.LogisticRegressionModel object at 0x000002D569ABCE50>
2025-06-28 09:40:57 [INFO] base_models.logistic_regression:57 - LogisticRegression final iteration 0, max_iter=1500, learning_rate = 0.05
2025-06-28 09:40:58 [INFO] base_models.logistic_regression:57 - LogisticRegression final iteration 1499, max_iter=1500, learning_rate = 0.05
2025-06-28 09:40:58 [INFO] adaboost.adaboost:25 - model is <base_models.logistic_regression.LogisticRegressionModel object at 0x000002D569ABCEB0>
2025-06-28 09:40:58 [INFO] base_models.logistic_regression:57 - LogisticRegression final iteration 0, max_iter=1500, learning_rate = 0.05
2025-06-28 09:40:59 [INFO] base_models.logistic_regression:57 - LogisticRegression final iteration 1499, max_iter=1500, learning_rate = 0.05
2025-06-28 09:40:59 [INFO] adaboost.adaboost:25 - model is <base_models.logistic_regression.LogisticRegressionModel object at 0x000002D569ABC040>
2025-06-28 09:40:59 [INFO] base_models.logistic_regression:57 - LogisticRegression final iteration 0, max_iter=1500, learning_rate = 0.05
2025-06-28 09:41:00 [INFO] base_models.logistic_regression:57 - LogisticRegression final iteration 1499, max_iter=1500, learning_rate = 0.05
2025-06-28 09:41:00 [INFO] adaboost.adaboost:25 - model is <base_models.logistic_regression.LogisticRegressionModel object at 0x000002D569ABC1C0>
2025-06-28 09:41:00 [INFO] base_models.logistic_regression:57 - LogisticRegression final iteration 0, max_iter=1500, learning_rate = 0.05
2025-06-28 09:41:01 [INFO] base_models.logistic_regression:57 - LogisticRegression final iteration 1499, max_iter=1500, learning_rate = 0.05
2025-06-28 09:41:01 [INFO] adaboost.adaboost:25 - model is <base_models.logistic_regression.LogisticRegressionModel object at 0x000002D569ABC220>
2025-06-28 09:41:01 [INFO] base_models.logistic_regression:57 - LogisticRegression final iteration 0, max_iter=1500, learning_rate = 0.05
2025-06-28 09:41:02 [INFO] base_models.logistic_regression:57 - LogisticRegression final iteration 1499, max_iter=1500, learning_rate = 0.05
2025-06-28 09:41:02 [INFO] adaboost.adaboost:25 - model is <base_models.logistic_regression.LogisticRegressionModel object at 0x000002D569ABC130>
2025-06-28 09:41:02 [INFO] base_models.logistic_regression:57 - LogisticRegression final iteration 0, max_iter=1500, learning_rate = 0.05
2025-06-28 09:41:04 [INFO] base_models.logistic_regression:57 - LogisticRegression final iteration 1499, max_iter=1500, learning_rate = 0.05
2025-06-28 09:41:04 [INFO] adaboost.adaboost:25 - model is <base_models.logistic_regression.LogisticRegressionModel object at 0x000002D569ABC190>
2025-06-28 09:41:04 [INFO] base_models.logistic_regression:57 - LogisticRegression final iteration 0, max_iter=1500, learning_rate = 0.05
2025-06-28 09:41:05 [INFO] base_models.logistic_regression:57 - LogisticRegression final iteration 1499, max_iter=1500, learning_rate = 0.05
2025-06-28 09:41:05 [INFO] adaboost.adaboost:25 - model is <base_models.logistic_regression.LogisticRegressionModel object at 0x000002D56B5612B0>
2025-06-28 09:41:05 [INFO] base_models.logistic_regression:57 - LogisticRegression final iteration 0, max_iter=1500, learning_rate = 0.05
2025-06-28 09:41:07 [INFO] base_models.logistic_regression:57 - LogisticRegression final iteration 1499, max_iter=1500, learning_rate = 0.05
2025-06-28 09:41:07 [INFO] adaboost.adaboost:25 - model is <base_models.logistic_regression.LogisticRegressionModel object at 0x000002D56B561130>
2025-06-28 09:41:07 [INFO] base_models.logistic_regression:57 - LogisticRegression final iteration 0, max_iter=1500, learning_rate = 0.05
2025-06-28 09:41:08 [INFO] base_models.logistic_regression:57 - LogisticRegression final iteration 1499, max_iter=1500, learning_rate = 0.05
2025-06-28 09:41:08 [INFO] adaboost.adaboost:25 - model is <base_models.logistic_regression.LogisticRegressionModel object at 0x000002D56B561310>
2025-06-28 09:41:08 [INFO] base_models.logistic_regression:57 - LogisticRegression final iteration 0, max_iter=1500, learning_rate = 0.05
2025-06-28 09:41:09 [INFO] base_models.logistic_regression:57 - LogisticRegression final iteration 1499, max_iter=1500, learning_rate = 0.05
2025-06-28 09:41:09 [INFO] adaboost.adaboost:25 - model is <base_models.logistic_regression.LogisticRegressionModel object at 0x000002D56B561370>
2025-06-28 09:41:09 [INFO] base_models.logistic_regression:57 - LogisticRegression final iteration 0, max_iter=1500, learning_rate = 0.05
2025-06-28 09:41:10 [INFO] base_models.logistic_regression:57 - LogisticRegression final iteration 1499, max_iter=1500, learning_rate = 0.05
2025-06-28 09:41:10 [INFO] adaboost.adaboost:25 - model is <base_models.logistic_regression.LogisticRegressionModel object at 0x000002D56B5613D0>
2025-06-28 09:41:10 [INFO] base_models.logistic_regression:57 - LogisticRegression final iteration 0, max_iter=1500, learning_rate = 0.05
2025-06-28 09:41:11 [INFO] base_models.logistic_regression:57 - LogisticRegression final iteration 1499, max_iter=1500, learning_rate = 0.05
2025-06-28 09:41:11 [INFO] adaboost.adaboost:25 - model is <base_models.logistic_regression.LogisticRegressionModel object at 0x000002D56B561430>
2025-06-28 09:41:11 [INFO] base_models.logistic_regression:57 - LogisticRegression final iteration 0, max_iter=1500, learning_rate = 0.05
2025-06-28 09:41:12 [INFO] base_models.logistic_regression:57 - LogisticRegression final iteration 1499, max_iter=1500, learning_rate = 0.05
2025-06-28 09:41:12 [INFO] adaboost.adaboost:25 - model is <base_models.logistic_regression.LogisticRegressionModel object at 0x000002D56B561490>
2025-06-28 09:41:12 [INFO] base_models.logistic_regression:57 - LogisticRegression final iteration 0, max_iter=1500, learning_rate = 0.05
2025-06-28 09:41:13 [INFO] base_models.logistic_regression:57 - LogisticRegression final iteration 1499, max_iter=1500, learning_rate = 0.05
2025-06-28 09:41:13 [INFO] adaboost.adaboost:25 - model is <base_models.logistic_regression.LogisticRegressionModel object at 0x000002D56B5614F0>
2025-06-28 09:41:13 [INFO] base_models.logistic_regression:57 - LogisticRegression final iteration 0, max_iter=1500, learning_rate = 0.05
2025-06-28 09:41:14 [INFO] base_models.logistic_regression:57 - LogisticRegression final iteration 1499, max_iter=1500, learning_rate = 0.05
2025-06-28 09:41:14 [INFO] adaboost.adaboost:25 - model is <base_models.logistic_regression.LogisticRegressionModel object at 0x000002D56B561550>
2025-06-28 09:41:14 [INFO] base_models.logistic_regression:57 - LogisticRegression final iteration 0, max_iter=1500, learning_rate = 0.05
2025-06-28 09:41:16 [INFO] base_models.logistic_regression:57 - LogisticRegression final iteration 1499, max_iter=1500, learning_rate = 0.05
2025-06-28 09:41:16 [INFO] adaboost.adaboost:25 - model is <base_models.logistic_regression.LogisticRegressionModel object at 0x000002D56B5615B0>
2025-06-28 09:41:16 [INFO] base_models.logistic_regression:57 - LogisticRegression final iteration 0, max_iter=1500, learning_rate = 0.05
2025-06-28 09:41:16 [INFO] base_models.logistic_regression:57 - LogisticRegression final iteration 1499, max_iter=1500, learning_rate = 0.05
2025-06-28 09:41:16 [INFO] adaboost.adaboost:25 - model is <base_models.logistic_regression.LogisticRegressionModel object at 0x000002D56B561610>
2025-06-28 09:41:16 [INFO] base_models.logistic_regression:57 - LogisticRegression final iteration 0, max_iter=1500, learning_rate = 0.05
2025-06-28 09:41:18 [INFO] base_models.logistic_regression:57 - LogisticRegression final iteration 1499, max_iter=1500, learning_rate = 0.05
2025-06-28 09:41:18 [INFO] adaboost.adaboost:25 - model is <base_models.logistic_regression.LogisticRegressionModel object at 0x000002D56B561670>
2025-06-28 09:41:18 [INFO] base_models.logistic_regression:57 - LogisticRegression final iteration 0, max_iter=1500, learning_rate = 0.05
2025-06-28 09:41:19 [INFO] base_models.logistic_regression:57 - LogisticRegression final iteration 1499, max_iter=1500, learning_rate = 0.05
2025-06-28 09:41:19 [INFO] adaboost.adaboost:25 - model is <base_models.logistic_regression.LogisticRegressionModel object at 0x000002D56B5616D0>
2025-06-28 09:41:19 [INFO] base_models.logistic_regression:57 - LogisticRegression final iteration 0, max_iter=1500, learning_rate = 0.05
2025-06-28 09:41:20 [INFO] base_models.logistic_regression:57 - LogisticRegression final iteration 1499, max_iter=1500, learning_rate = 0.05
2025-06-28 09:41:20 [INFO] adaboost.adaboost:25 - model is <base_models.logistic_regression.LogisticRegressionModel object at 0x000002D56B561730>
2025-06-28 09:41:20 [INFO] base_models.logistic_regression:57 - LogisticRegression final iteration 0, max_iter=1500, learning_rate = 0.05
2025-06-28 09:41:21 [INFO] base_models.logistic_regression:57 - LogisticRegression final iteration 1499, max_iter=1500, learning_rate = 0.05
2025-06-28 09:41:21 [INFO] adaboost.adaboost:25 - model is <base_models.logistic_regression.LogisticRegressionModel object at 0x000002D56B561790>
2025-06-28 09:41:21 [INFO] base_models.logistic_regression:57 - LogisticRegression final iteration 0, max_iter=1500, learning_rate = 0.05
2025-06-28 09:41:22 [INFO] base_models.logistic_regression:57 - LogisticRegression final iteration 1499, max_iter=1500, learning_rate = 0.05
2025-06-28 09:41:22 [INFO] adaboost.adaboost:25 - model is <base_models.logistic_regression.LogisticRegressionModel object at 0x000002D56B5617F0>
2025-06-28 09:41:22 [INFO] base_models.logistic_regression:57 - LogisticRegression final iteration 0, max_iter=1500, learning_rate = 0.05
2025-06-28 09:41:23 [INFO] base_models.logistic_regression:57 - LogisticRegression final iteration 1499, max_iter=1500, learning_rate = 0.05
2025-06-28 09:41:23 [INFO] adaboost.adaboost:25 - model is <base_models.logistic_regression.LogisticRegressionModel object at 0x000002D56B561850>
2025-06-28 09:41:23 [INFO] base_models.logistic_regression:57 - LogisticRegression final iteration 0, max_iter=1500, learning_rate = 0.05
2025-06-28 09:41:24 [INFO] base_models.logistic_regression:57 - LogisticRegression final iteration 1499, max_iter=1500, learning_rate = 0.05
2025-06-28 09:41:24 [INFO] adaboost.adaboost:25 - model is <base_models.logistic_regression.LogisticRegressionModel object at 0x000002D56B5618E0>
2025-06-28 09:41:24 [INFO] base_models.logistic_regression:57 - LogisticRegression final iteration 0, max_iter=1500, learning_rate = 0.05
2025-06-28 09:41:25 [INFO] base_models.logistic_regression:57 - LogisticRegression final iteration 1499, max_iter=1500, learning_rate = 0.05
2025-06-28 09:41:25 [INFO] adaboost.adaboost:25 - model is <base_models.logistic_regression.LogisticRegressionModel object at 0x000002D56B561940>
2025-06-28 09:41:25 [INFO] base_models.logistic_regression:57 - LogisticRegression final iteration 0, max_iter=1500, learning_rate = 0.05
2025-06-28 09:41:27 [INFO] base_models.logistic_regression:57 - LogisticRegression final iteration 1499, max_iter=1500, learning_rate = 0.05
2025-06-28 09:41:27 [INFO] adaboost.adaboost:25 - model is <base_models.logistic_regression.LogisticRegressionModel object at 0x000002D56B5619A0>
2025-06-28 09:41:27 [INFO] base_models.logistic_regression:57 - LogisticRegression final iteration 0, max_iter=1500, learning_rate = 0.05
2025-06-28 09:41:28 [INFO] base_models.logistic_regression:57 - LogisticRegression final iteration 1499, max_iter=1500, learning_rate = 0.05
2025-06-28 09:41:28 [INFO] adaboost.adaboost:25 - model is <base_models.logistic_regression.LogisticRegressionModel object at 0x000002D56B561A30>
2025-06-28 09:41:28 [INFO] base_models.logistic_regression:57 - LogisticRegression final iteration 0, max_iter=1500, learning_rate = 0.05
2025-06-28 09:41:29 [INFO] base_models.logistic_regression:57 - LogisticRegression final iteration 1499, max_iter=1500, learning_rate = 0.05
2025-06-28 09:41:29 [INFO] adaboost.adaboost:25 - model is <base_models.logistic_regression.LogisticRegressionModel object at 0x000002D56B561B20>
2025-06-28 09:41:29 [INFO] base_models.logistic_regression:57 - LogisticRegression final iteration 0, max_iter=1500, learning_rate = 0.05
2025-06-28 09:41:30 [INFO] base_models.logistic_regression:57 - LogisticRegression final iteration 1499, max_iter=1500, learning_rate = 0.05
2025-06-28 09:41:30 [INFO] adaboost.adaboost:25 - model is <base_models.logistic_regression.LogisticRegressionModel object at 0x000002D56B561B80>
2025-06-28 09:41:30 [INFO] base_models.logistic_regression:57 - LogisticRegression final iteration 0, max_iter=1500, learning_rate = 0.05
2025-06-28 09:41:31 [INFO] base_models.logistic_regression:57 - LogisticRegression final iteration 1499, max_iter=1500, learning_rate = 0.05
2025-06-28 09:41:31 [INFO] adaboost.adaboost:25 - model is <base_models.logistic_regression.LogisticRegressionModel object at 0x000002D56B561BE0>
2025-06-28 09:41:31 [INFO] base_models.logistic_regression:57 - LogisticRegression final iteration 0, max_iter=1500, learning_rate = 0.05
2025-06-28 09:41:32 [INFO] base_models.logistic_regression:57 - LogisticRegression final iteration 1499, max_iter=1500, learning_rate = 0.05
2025-06-28 09:41:32 [INFO] adaboost.adaboost:25 - model is <base_models.logistic_regression.LogisticRegressionModel object at 0x000002D56B561C40>
2025-06-28 09:41:32 [INFO] base_models.logistic_regression:57 - LogisticRegression final iteration 0, max_iter=1500, learning_rate = 0.05
2025-06-28 09:41:33 [INFO] base_models.logistic_regression:57 - LogisticRegression final iteration 1499, max_iter=1500, learning_rate = 0.05
2025-06-28 09:41:33 [INFO] adaboost.adaboost:25 - model is <base_models.logistic_regression.LogisticRegressionModel object at 0x000002D56B561CA0>
2025-06-28 09:41:33 [INFO] base_models.logistic_regression:57 - LogisticRegression final iteration 0, max_iter=1500, learning_rate = 0.05
2025-06-28 09:41:34 [INFO] base_models.logistic_regression:57 - LogisticRegression final iteration 1499, max_iter=1500, learning_rate = 0.05
2025-06-28 09:41:34 [INFO] adaboost.adaboost:25 - model is <base_models.logistic_regression.LogisticRegressionModel object at 0x000002D56B561D00>
2025-06-28 09:41:34 [INFO] base_models.logistic_regression:57 - LogisticRegression final iteration 0, max_iter=1500, learning_rate = 0.05
2025-06-28 09:41:35 [INFO] base_models.logistic_regression:57 - LogisticRegression final iteration 1499, max_iter=1500, learning_rate = 0.05
2025-06-28 09:41:35 [INFO] adaboost.adaboost:25 - model is <base_models.logistic_regression.LogisticRegressionModel object at 0x000002D56B561D60>
2025-06-28 09:41:35 [INFO] base_models.logistic_regression:57 - LogisticRegression final iteration 0, max_iter=1500, learning_rate = 0.05
2025-06-28 09:41:36 [INFO] base_models.logistic_regression:57 - LogisticRegression final iteration 1499, max_iter=1500, learning_rate = 0.05
2025-06-28 09:41:36 [INFO] adaboost.adaboost:25 - model is <base_models.logistic_regression.LogisticRegressionModel object at 0x000002D56B561DC0>
2025-06-28 09:41:36 [INFO] base_models.logistic_regression:57 - LogisticRegression final iteration 0, max_iter=1500, learning_rate = 0.05
2025-06-28 09:41:37 [INFO] base_models.logistic_regression:57 - LogisticRegression final iteration 1499, max_iter=1500, learning_rate = 0.05
2025-06-28 09:41:37 [INFO] adaboost.adaboost:25 - model is <base_models.logistic_regression.LogisticRegressionModel object at 0x000002D56B561E20>
2025-06-28 09:41:37 [INFO] base_models.logistic_regression:57 - LogisticRegression final iteration 0, max_iter=1500, learning_rate = 0.05
2025-06-28 09:41:38 [INFO] base_models.logistic_regression:57 - LogisticRegression final iteration 1499, max_iter=1500, learning_rate = 0.05
2025-06-28 09:41:38 [INFO] adaboost.adaboost:25 - model is <base_models.logistic_regression.LogisticRegressionModel object at 0x000002D56B561E80>
2025-06-28 09:41:38 [INFO] base_models.logistic_regression:57 - LogisticRegression final iteration 0, max_iter=1500, learning_rate = 0.05
2025-06-28 09:41:39 [INFO] base_models.logistic_regression:57 - LogisticRegression final iteration 1499, max_iter=1500, learning_rate = 0.05
2025-06-28 09:41:39 [INFO] adaboost.adaboost:25 - model is <base_models.logistic_regression.LogisticRegressionModel object at 0x000002D56B561EE0>
2025-06-28 09:41:39 [INFO] base_models.logistic_regression:57 - LogisticRegression final iteration 0, max_iter=1500, learning_rate = 0.05
2025-06-28 09:41:40 [INFO] base_models.logistic_regression:57 - LogisticRegression final iteration 1499, max_iter=1500, learning_rate = 0.05
2025-06-28 09:41:40 [INFO] adaboost.adaboost:25 - model is <base_models.logistic_regression.LogisticRegressionModel object at 0x000002D56B561F40>
2025-06-28 09:41:40 [INFO] base_models.logistic_regression:57 - LogisticRegression final iteration 0, max_iter=1500, learning_rate = 0.05
2025-06-28 09:41:41 [INFO] base_models.logistic_regression:57 - LogisticRegression final iteration 1499, max_iter=1500, learning_rate = 0.05
2025-06-28 09:41:41 [INFO] adaboost.adaboost:25 - model is <base_models.logistic_regression.LogisticRegressionModel object at 0x000002D56B561FA0>
2025-06-28 09:41:41 [INFO] base_models.logistic_regression:57 - LogisticRegression final iteration 0, max_iter=1500, learning_rate = 0.05
2025-06-28 09:41:43 [INFO] base_models.logistic_regression:57 - LogisticRegression final iteration 1499, max_iter=1500, learning_rate = 0.05
2025-06-28 09:41:43 [INFO] adaboost.adaboost:25 - model is <base_models.logistic_regression.LogisticRegressionModel object at 0x000002D56B5610A0>
2025-06-28 09:41:43 [INFO] base_models.logistic_regression:57 - LogisticRegression final iteration 0, max_iter=1500, learning_rate = 0.05
2025-06-28 09:41:44 [INFO] base_models.logistic_regression:57 - LogisticRegression final iteration 1499, max_iter=1500, learning_rate = 0.05
2025-06-28 09:41:44 [INFO] adaboost.adaboost:25 - model is <base_models.logistic_regression.LogisticRegressionModel object at 0x000002D56B561040>
2025-06-28 09:41:44 [INFO] base_models.logistic_regression:57 - LogisticRegression final iteration 0, max_iter=1500, learning_rate = 0.05
2025-06-28 09:41:45 [INFO] base_models.logistic_regression:57 - LogisticRegression final iteration 1499, max_iter=1500, learning_rate = 0.05
2025-06-28 09:41:45 [INFO] adaboost.adaboost:25 - model is <base_models.logistic_regression.LogisticRegressionModel object at 0x000002D56B5611F0>
2025-06-28 09:41:45 [INFO] base_models.logistic_regression:57 - LogisticRegression final iteration 0, max_iter=1500, learning_rate = 0.05
2025-06-28 09:41:47 [INFO] base_models.logistic_regression:57 - LogisticRegression final iteration 1499, max_iter=1500, learning_rate = 0.05
2025-06-28 09:41:47 [INFO] adaboost.adaboost:25 - model is <base_models.logistic_regression.LogisticRegressionModel object at 0x000002D56B561160>
2025-06-28 09:41:47 [INFO] base_models.logistic_regression:57 - LogisticRegression final iteration 0, max_iter=1500, learning_rate = 0.05
2025-06-28 09:41:48 [INFO] base_models.logistic_regression:57 - LogisticRegression final iteration 1499, max_iter=1500, learning_rate = 0.05
2025-06-28 09:41:48 [INFO] adaboost.adaboost:25 - model is <base_models.logistic_regression.LogisticRegressionModel object at 0x000002D56B5611C0>
2025-06-28 09:41:48 [INFO] base_models.logistic_regression:57 - LogisticRegression final iteration 0, max_iter=1500, learning_rate = 0.05
2025-06-28 09:41:50 [INFO] base_models.logistic_regression:57 - LogisticRegression final iteration 1499, max_iter=1500, learning_rate = 0.05
2025-06-28 09:41:50 [INFO] adaboost.adaboost:25 - model is <base_models.logistic_regression.LogisticRegressionModel object at 0x000002D56B561280>
2025-06-28 09:41:50 [INFO] base_models.logistic_regression:57 - LogisticRegression final iteration 0, max_iter=1500, learning_rate = 0.05
2025-06-28 09:41:51 [INFO] base_models.logistic_regression:57 - LogisticRegression final iteration 1499, max_iter=1500, learning_rate = 0.05
2025-06-28 09:41:51 [INFO] adaboost.adaboost:25 - model is <base_models.logistic_regression.LogisticRegressionModel object at 0x000002D5413E4C70>
2025-06-28 09:41:51 [INFO] base_models.logistic_regression:57 - LogisticRegression final iteration 0, max_iter=1500, learning_rate = 0.05
2025-06-28 09:41:52 [INFO] base_models.logistic_regression:57 - LogisticRegression final iteration 1499, max_iter=1500, learning_rate = 0.05
2025-06-28 09:41:52 [INFO] adaboost.adaboost:25 - model is <base_models.logistic_regression.LogisticRegressionModel object at 0x000002D569A16FD0>
2025-06-28 09:41:52 [INFO] base_models.logistic_regression:57 - LogisticRegression final iteration 0, max_iter=1500, learning_rate = 0.05
2025-06-28 09:41:54 [INFO] base_models.logistic_regression:57 - LogisticRegression final iteration 1499, max_iter=1500, learning_rate = 0.05
2025-06-28 09:41:54 [INFO] adaboost.adaboost:25 - model is <base_models.logistic_regression.LogisticRegressionModel object at 0x000002D569A07D60>
2025-06-28 09:41:54 [INFO] base_models.logistic_regression:57 - LogisticRegression final iteration 0, max_iter=1500, learning_rate = 0.05
2025-06-28 09:41:55 [INFO] base_models.logistic_regression:57 - LogisticRegression final iteration 1499, max_iter=1500, learning_rate = 0.05
2025-06-28 09:41:55 [INFO] adaboost.adaboost:25 - model is <base_models.logistic_regression.LogisticRegressionModel object at 0x000002D5699FCF70>
2025-06-28 09:41:55 [INFO] base_models.logistic_regression:57 - LogisticRegression final iteration 0, max_iter=1500, learning_rate = 0.05
2025-06-28 09:41:57 [INFO] base_models.logistic_regression:57 - LogisticRegression final iteration 1499, max_iter=1500, learning_rate = 0.05
2025-06-28 09:41:57 [INFO] adaboost.adaboost:25 - model is <base_models.logistic_regression.LogisticRegressionModel object at 0x000002D569A459A0>
2025-06-28 09:41:57 [INFO] base_models.logistic_regression:57 - LogisticRegression final iteration 0, max_iter=1500, learning_rate = 0.05
2025-06-28 09:41:58 [INFO] base_models.logistic_regression:57 - LogisticRegression final iteration 1499, max_iter=1500, learning_rate = 0.05
2025-06-28 09:41:58 [INFO] adaboost.adaboost:25 - model is <base_models.logistic_regression.LogisticRegressionModel object at 0x000002D569A45DC0>
2025-06-28 09:41:58 [INFO] base_models.logistic_regression:57 - LogisticRegression final iteration 0, max_iter=1500, learning_rate = 0.05
2025-06-28 09:42:00 [INFO] base_models.logistic_regression:57 - LogisticRegression final iteration 1499, max_iter=1500, learning_rate = 0.05
2025-06-28 09:42:00 [INFO] adaboost.adaboost:25 - model is <base_models.logistic_regression.LogisticRegressionModel object at 0x000002D569A45F70>
2025-06-28 09:42:00 [INFO] base_models.logistic_regression:57 - LogisticRegression final iteration 0, max_iter=1500, learning_rate = 0.05
2025-06-28 09:42:01 [INFO] base_models.logistic_regression:57 - LogisticRegression final iteration 1499, max_iter=1500, learning_rate = 0.05
2025-06-28 09:42:01 [INFO] adaboost.adaboost:25 - model is <base_models.logistic_regression.LogisticRegressionModel object at 0x000002D569A45EE0>
2025-06-28 09:42:01 [INFO] base_models.logistic_regression:57 - LogisticRegression final iteration 0, max_iter=1500, learning_rate = 0.05
2025-06-28 09:42:03 [INFO] base_models.logistic_regression:57 - LogisticRegression final iteration 1499, max_iter=1500, learning_rate = 0.05
2025-06-28 09:42:03 [INFO] adaboost.adaboost:25 - model is <base_models.logistic_regression.LogisticRegressionModel object at 0x000002D569A45FA0>
2025-06-28 09:42:03 [INFO] base_models.logistic_regression:57 - LogisticRegression final iteration 0, max_iter=1500, learning_rate = 0.05
2025-06-28 09:42:04 [INFO] base_models.logistic_regression:57 - LogisticRegression final iteration 1499, max_iter=1500, learning_rate = 0.05
2025-06-28 09:42:04 [INFO] adaboost.adaboost:25 - model is <base_models.logistic_regression.LogisticRegressionModel object at 0x000002D569A45E20>
2025-06-28 09:42:04 [INFO] base_models.logistic_regression:57 - LogisticRegression final iteration 0, max_iter=1500, learning_rate = 0.05
2025-06-28 09:42:06 [INFO] base_models.logistic_regression:57 - LogisticRegression final iteration 1499, max_iter=1500, learning_rate = 0.05
2025-06-28 09:42:06 [INFO] adaboost.adaboost:25 - model is <base_models.logistic_regression.LogisticRegressionModel object at 0x000002D56AA90D00>
2025-06-28 09:42:06 [INFO] base_models.logistic_regression:57 - LogisticRegression final iteration 0, max_iter=1500, learning_rate = 0.05
2025-06-28 09:42:08 [INFO] base_models.logistic_regression:57 - LogisticRegression final iteration 1499, max_iter=1500, learning_rate = 0.05
2025-06-28 09:42:08 [INFO] adaboost.adaboost:25 - model is <base_models.logistic_regression.LogisticRegressionModel object at 0x000002D56AA90E20>
2025-06-28 09:42:08 [INFO] base_models.logistic_regression:57 - LogisticRegression final iteration 0, max_iter=1500, learning_rate = 0.05
2025-06-28 09:42:10 [INFO] base_models.logistic_regression:57 - LogisticRegression final iteration 1499, max_iter=1500, learning_rate = 0.05
2025-06-28 09:42:10 [INFO] adaboost.adaboost:25 - model is <base_models.logistic_regression.LogisticRegressionModel object at 0x000002D56AA90EE0>
2025-06-28 09:42:10 [INFO] base_models.logistic_regression:57 - LogisticRegression final iteration 0, max_iter=1500, learning_rate = 0.05
2025-06-28 09:42:12 [INFO] base_models.logistic_regression:57 - LogisticRegression final iteration 1499, max_iter=1500, learning_rate = 0.05
2025-06-28 09:42:12 [INFO] adaboost.adaboost:25 - model is <base_models.logistic_regression.LogisticRegressionModel object at 0x000002D56AA90F40>
2025-06-28 09:42:12 [INFO] base_models.logistic_regression:57 - LogisticRegression final iteration 0, max_iter=1500, learning_rate = 0.05
2025-06-28 09:42:13 [INFO] base_models.logistic_regression:57 - LogisticRegression final iteration 1499, max_iter=1500, learning_rate = 0.05
2025-06-28 09:42:13 [INFO] adaboost.adaboost:25 - model is <base_models.logistic_regression.LogisticRegressionModel object at 0x000002D56AA90FA0>
2025-06-28 09:42:13 [INFO] base_models.logistic_regression:57 - LogisticRegression final iteration 0, max_iter=1500, learning_rate = 0.05
2025-06-28 09:42:15 [INFO] base_models.logistic_regression:57 - LogisticRegression final iteration 1499, max_iter=1500, learning_rate = 0.05
2025-06-28 09:42:15 [INFO] adaboost.adaboost:25 - model is <base_models.logistic_regression.LogisticRegressionModel object at 0x000002D56AA90CA0>
2025-06-28 09:42:15 [INFO] base_models.logistic_regression:57 - LogisticRegression final iteration 0, max_iter=1500, learning_rate = 0.05
2025-06-28 09:42:16 [INFO] base_models.logistic_regression:57 - LogisticRegression final iteration 1499, max_iter=1500, learning_rate = 0.05
2025-06-28 09:42:16 [INFO] adaboost.adaboost:25 - model is <base_models.logistic_regression.LogisticRegressionModel object at 0x000002D56AA90BB0>
2025-06-28 09:42:16 [INFO] base_models.logistic_regression:57 - LogisticRegression final iteration 0, max_iter=1500, learning_rate = 0.05
2025-06-28 09:42:18 [INFO] base_models.logistic_regression:57 - LogisticRegression final iteration 1499, max_iter=1500, learning_rate = 0.05
2025-06-28 09:42:18 [INFO] adaboost.adaboost:25 - model is <base_models.logistic_regression.LogisticRegressionModel object at 0x000002D56AA90E80>
2025-06-28 09:42:18 [INFO] base_models.logistic_regression:57 - LogisticRegression final iteration 0, max_iter=1500, learning_rate = 0.05
2025-06-28 09:42:20 [INFO] base_models.logistic_regression:57 - LogisticRegression final iteration 1499, max_iter=1500, learning_rate = 0.05
2025-06-28 09:42:20 [INFO] adaboost.adaboost:25 - model is <base_models.logistic_regression.LogisticRegressionModel object at 0x000002D56AA90D90>
2025-06-28 09:42:20 [INFO] base_models.logistic_regression:57 - LogisticRegression final iteration 0, max_iter=1500, learning_rate = 0.05
2025-06-28 09:42:21 [INFO] base_models.logistic_regression:57 - LogisticRegression final iteration 1499, max_iter=1500, learning_rate = 0.05
2025-06-28 09:42:21 [INFO] adaboost.adaboost:25 - model is <base_models.logistic_regression.LogisticRegressionModel object at 0x000002D56AA90C70>
2025-06-28 09:42:21 [INFO] base_models.logistic_regression:57 - LogisticRegression final iteration 0, max_iter=1500, learning_rate = 0.05
2025-06-28 09:42:23 [INFO] base_models.logistic_regression:57 - LogisticRegression final iteration 1499, max_iter=1500, learning_rate = 0.05
2025-06-28 09:42:23 [INFO] adaboost.adaboost:25 - model is <base_models.logistic_regression.LogisticRegressionModel object at 0x000002D56AA90D60>
2025-06-28 09:42:23 [INFO] base_models.logistic_regression:57 - LogisticRegression final iteration 0, max_iter=1500, learning_rate = 0.05
2025-06-28 09:42:24 [INFO] base_models.logistic_regression:57 - LogisticRegression final iteration 1499, max_iter=1500, learning_rate = 0.05
2025-06-28 09:42:24 [INFO] adaboost.adaboost:25 - model is <base_models.logistic_regression.LogisticRegressionModel object at 0x000002D569ABC0D0>
2025-06-28 09:42:24 [INFO] base_models.logistic_regression:57 - LogisticRegression final iteration 0, max_iter=1500, learning_rate = 0.05
2025-06-28 09:42:26 [INFO] base_models.logistic_regression:57 - LogisticRegression final iteration 1499, max_iter=1500, learning_rate = 0.05
2025-06-28 09:42:26 [INFO] adaboost.adaboost:25 - model is <base_models.logistic_regression.LogisticRegressionModel object at 0x000002D569ABC2B0>
2025-06-28 09:42:26 [INFO] base_models.logistic_regression:57 - LogisticRegression final iteration 0, max_iter=1500, learning_rate = 0.05
2025-06-28 09:42:27 [INFO] base_models.logistic_regression:57 - LogisticRegression final iteration 1499, max_iter=1500, learning_rate = 0.05
2025-06-28 09:42:27 [INFO] adaboost.adaboost:25 - model is <base_models.logistic_regression.LogisticRegressionModel object at 0x000002D569ABC310>
2025-06-28 09:42:27 [INFO] base_models.logistic_regression:57 - LogisticRegression final iteration 0, max_iter=1500, learning_rate = 0.05
2025-06-28 09:42:29 [INFO] base_models.logistic_regression:57 - LogisticRegression final iteration 1499, max_iter=1500, learning_rate = 0.05
2025-06-28 09:42:29 [INFO] adaboost.adaboost:25 - model is <base_models.logistic_regression.LogisticRegressionModel object at 0x000002D569ABC370>
2025-06-28 09:42:29 [INFO] base_models.logistic_regression:57 - LogisticRegression final iteration 0, max_iter=1500, learning_rate = 0.05
2025-06-28 09:42:30 [INFO] base_models.logistic_regression:57 - LogisticRegression final iteration 1499, max_iter=1500, learning_rate = 0.05
2025-06-28 09:42:30 [INFO] adaboost.adaboost:25 - model is <base_models.logistic_regression.LogisticRegressionModel object at 0x000002D569ABC3D0>
2025-06-28 09:42:30 [INFO] base_models.logistic_regression:57 - LogisticRegression final iteration 0, max_iter=1500, learning_rate = 0.05
2025-06-28 09:42:32 [INFO] base_models.logistic_regression:57 - LogisticRegression final iteration 1499, max_iter=1500, learning_rate = 0.05
2025-06-28 09:42:32 [INFO] adaboost.adaboost:25 - model is <base_models.logistic_regression.LogisticRegressionModel object at 0x000002D569ABC430>
2025-06-28 09:42:32 [INFO] base_models.logistic_regression:57 - LogisticRegression final iteration 0, max_iter=1500, learning_rate = 0.05
2025-06-28 09:42:33 [INFO] base_models.logistic_regression:57 - LogisticRegression final iteration 1499, max_iter=1500, learning_rate = 0.05
2025-06-28 09:42:33 [INFO] adaboost.adaboost:25 - model is <base_models.logistic_regression.LogisticRegressionModel object at 0x000002D569ABC490>
2025-06-28 09:42:33 [INFO] base_models.logistic_regression:57 - LogisticRegression final iteration 0, max_iter=1500, learning_rate = 0.05
2025-06-28 09:42:35 [INFO] base_models.logistic_regression:57 - LogisticRegression final iteration 1499, max_iter=1500, learning_rate = 0.05
2025-06-28 09:42:35 [INFO] adaboost.adaboost:25 - model is <base_models.logistic_regression.LogisticRegressionModel object at 0x000002D569ABC4F0>
2025-06-28 09:42:35 [INFO] base_models.logistic_regression:57 - LogisticRegression final iteration 0, max_iter=1500, learning_rate = 0.05
2025-06-28 09:42:36 [INFO] base_models.logistic_regression:57 - LogisticRegression final iteration 1499, max_iter=1500, learning_rate = 0.05
2025-06-28 09:42:36 [INFO] adaboost.adaboost:25 - model is <base_models.logistic_regression.LogisticRegressionModel object at 0x000002D569ABC550>
2025-06-28 09:42:36 [INFO] base_models.logistic_regression:57 - LogisticRegression final iteration 0, max_iter=1500, learning_rate = 0.05
2025-06-28 09:42:37 [INFO] base_models.logistic_regression:57 - LogisticRegression final iteration 1499, max_iter=1500, learning_rate = 0.05
2025-06-28 09:42:37 [INFO] adaboost.adaboost:25 - model is <base_models.logistic_regression.LogisticRegressionModel object at 0x000002D569ABC5B0>
2025-06-28 09:42:37 [INFO] base_models.logistic_regression:57 - LogisticRegression final iteration 0, max_iter=1500, learning_rate = 0.05
2025-06-28 09:42:39 [INFO] base_models.logistic_regression:57 - LogisticRegression final iteration 1499, max_iter=1500, learning_rate = 0.05
2025-06-28 09:42:39 [INFO] adaboost.adaboost:25 - model is <base_models.logistic_regression.LogisticRegressionModel object at 0x000002D569ABC610>
2025-06-28 09:42:39 [INFO] base_models.logistic_regression:57 - LogisticRegression final iteration 0, max_iter=1500, learning_rate = 0.05
2025-06-28 09:42:40 [INFO] base_models.logistic_regression:57 - LogisticRegression final iteration 1499, max_iter=1500, learning_rate = 0.05
2025-06-28 09:42:40 [INFO] adaboost.adaboost:25 - model is <base_models.logistic_regression.LogisticRegressionModel object at 0x000002D569ABC670>
2025-06-28 09:42:40 [INFO] base_models.logistic_regression:57 - LogisticRegression final iteration 0, max_iter=1500, learning_rate = 0.05
2025-06-28 09:42:42 [INFO] base_models.logistic_regression:57 - LogisticRegression final iteration 1499, max_iter=1500, learning_rate = 0.05
2025-06-28 09:42:42 [INFO] adaboost.adaboost:25 - model is <base_models.logistic_regression.LogisticRegressionModel object at 0x000002D569ABC6D0>
2025-06-28 09:42:42 [INFO] base_models.logistic_regression:57 - LogisticRegression final iteration 0, max_iter=1500, learning_rate = 0.05
2025-06-28 09:42:44 [INFO] base_models.logistic_regression:57 - LogisticRegression final iteration 1499, max_iter=1500, learning_rate = 0.05
2025-06-28 09:42:44 [INFO] adaboost.adaboost:25 - model is <base_models.logistic_regression.LogisticRegressionModel object at 0x000002D569ABC730>
2025-06-28 09:42:44 [INFO] base_models.logistic_regression:57 - LogisticRegression final iteration 0, max_iter=1500, learning_rate = 0.05
2025-06-28 09:42:45 [INFO] base_models.logistic_regression:57 - LogisticRegression final iteration 1499, max_iter=1500, learning_rate = 0.05
2025-06-28 09:42:45 [INFO] adaboost.adaboost:25 - model is <base_models.logistic_regression.LogisticRegressionModel object at 0x000002D569ABC790>
2025-06-28 09:42:45 [INFO] base_models.logistic_regression:57 - LogisticRegression final iteration 0, max_iter=1500, learning_rate = 0.05
2025-06-28 09:42:46 [INFO] base_models.logistic_regression:57 - LogisticRegression final iteration 1499, max_iter=1500, learning_rate = 0.05
2025-06-28 09:42:46 [INFO] adaboost.adaboost:25 - model is <base_models.logistic_regression.LogisticRegressionModel object at 0x000002D569ABC7F0>
2025-06-28 09:42:46 [INFO] base_models.logistic_regression:57 - LogisticRegression final iteration 0, max_iter=1500, learning_rate = 0.05
2025-06-28 09:42:48 [INFO] base_models.logistic_regression:57 - LogisticRegression final iteration 1499, max_iter=1500, learning_rate = 0.05
2025-06-28 09:42:48 [INFO] adaboost.adaboost:25 - model is <base_models.logistic_regression.LogisticRegressionModel object at 0x000002D569ABC850>
2025-06-28 09:42:48 [INFO] base_models.logistic_regression:57 - LogisticRegression final iteration 0, max_iter=1500, learning_rate = 0.05
2025-06-28 09:42:49 [INFO] base_models.logistic_regression:57 - LogisticRegression final iteration 1499, max_iter=1500, learning_rate = 0.05
2025-06-28 09:42:49 [INFO] adaboost.adaboost:25 - model is <base_models.logistic_regression.LogisticRegressionModel object at 0x000002D569ABC8B0>
2025-06-28 09:42:49 [INFO] base_models.logistic_regression:57 - LogisticRegression final iteration 0, max_iter=1500, learning_rate = 0.05
2025-06-28 09:42:50 [INFO] base_models.logistic_regression:57 - LogisticRegression final iteration 1499, max_iter=1500, learning_rate = 0.05
2025-06-28 09:42:50 [INFO] adaboost.adaboost:25 - model is <base_models.logistic_regression.LogisticRegressionModel object at 0x000002D569ABC910>
2025-06-28 09:42:50 [INFO] base_models.logistic_regression:57 - LogisticRegression final iteration 0, max_iter=1500, learning_rate = 0.05
2025-06-28 09:42:51 [INFO] base_models.logistic_regression:57 - LogisticRegression final iteration 1499, max_iter=1500, learning_rate = 0.05
2025-06-28 09:42:51 [INFO] adaboost.adaboost:25 - model is <base_models.logistic_regression.LogisticRegressionModel object at 0x000002D569ABC970>
2025-06-28 09:42:51 [INFO] base_models.logistic_regression:57 - LogisticRegression final iteration 0, max_iter=1500, learning_rate = 0.05
2025-06-28 09:42:53 [INFO] base_models.logistic_regression:57 - LogisticRegression final iteration 1499, max_iter=1500, learning_rate = 0.05
2025-06-28 09:42:53 [INFO] adaboost.adaboost:25 - model is <base_models.logistic_regression.LogisticRegressionModel object at 0x000002D569ABC9D0>
2025-06-28 09:42:53 [INFO] base_models.logistic_regression:57 - LogisticRegression final iteration 0, max_iter=1500, learning_rate = 0.05
2025-06-28 09:42:54 [INFO] base_models.logistic_regression:57 - LogisticRegression final iteration 1499, max_iter=1500, learning_rate = 0.05
2025-06-28 09:42:54 [INFO] adaboost.adaboost:25 - model is <base_models.logistic_regression.LogisticRegressionModel object at 0x000002D569ABCA30>
2025-06-28 09:42:54 [INFO] base_models.logistic_regression:57 - LogisticRegression final iteration 0, max_iter=1500, learning_rate = 0.05
2025-06-28 09:42:55 [INFO] base_models.logistic_regression:57 - LogisticRegression final iteration 1499, max_iter=1500, learning_rate = 0.05
2025-06-28 09:42:55 [INFO] adaboost.adaboost:25 - model is <base_models.logistic_regression.LogisticRegressionModel object at 0x000002D569ABCA90>
2025-06-28 09:42:55 [INFO] base_models.logistic_regression:57 - LogisticRegression final iteration 0, max_iter=1500, learning_rate = 0.05
2025-06-28 09:42:56 [INFO] base_models.logistic_regression:57 - LogisticRegression final iteration 1499, max_iter=1500, learning_rate = 0.05
2025-06-28 09:42:56 [INFO] adaboost.adaboost:25 - model is <base_models.logistic_regression.LogisticRegressionModel object at 0x000002D569ABCAF0>
2025-06-28 09:42:56 [INFO] base_models.logistic_regression:57 - LogisticRegression final iteration 0, max_iter=1500, learning_rate = 0.05
2025-06-28 09:42:57 [INFO] base_models.logistic_regression:57 - LogisticRegression final iteration 1499, max_iter=1500, learning_rate = 0.05
2025-06-28 09:42:57 [INFO] adaboost.adaboost:25 - model is <base_models.logistic_regression.LogisticRegressionModel object at 0x000002D569ABCB50>
2025-06-28 09:42:57 [INFO] base_models.logistic_regression:57 - LogisticRegression final iteration 0, max_iter=1500, learning_rate = 0.05
2025-06-28 09:42:58 [INFO] base_models.logistic_regression:57 - LogisticRegression final iteration 1499, max_iter=1500, learning_rate = 0.05
2025-06-28 09:42:58 [INFO] adaboost.adaboost:25 - model is <base_models.logistic_regression.LogisticRegressionModel object at 0x000002D569ABCBB0>
2025-06-28 09:42:58 [INFO] base_models.logistic_regression:57 - LogisticRegression final iteration 0, max_iter=1500, learning_rate = 0.05
2025-06-28 09:42:59 [INFO] base_models.logistic_regression:57 - LogisticRegression final iteration 1499, max_iter=1500, learning_rate = 0.05
2025-06-28 09:42:59 [INFO] adaboost.adaboost:25 - model is <base_models.logistic_regression.LogisticRegressionModel object at 0x000002D569ABCC10>
2025-06-28 09:42:59 [INFO] base_models.logistic_regression:57 - LogisticRegression final iteration 0, max_iter=1500, learning_rate = 0.05
2025-06-28 09:43:01 [INFO] base_models.logistic_regression:57 - LogisticRegression final iteration 1499, max_iter=1500, learning_rate = 0.05
2025-06-28 09:43:01 [INFO] adaboost.adaboost:25 - model is <base_models.logistic_regression.LogisticRegressionModel object at 0x000002D569ABCC70>
2025-06-28 09:43:01 [INFO] base_models.logistic_regression:57 - LogisticRegression final iteration 0, max_iter=1500, learning_rate = 0.05
2025-06-28 09:43:03 [INFO] base_models.logistic_regression:57 - LogisticRegression final iteration 1499, max_iter=1500, learning_rate = 0.05
2025-06-28 09:43:03 [INFO] adaboost.adaboost:25 - model is <base_models.logistic_regression.LogisticRegressionModel object at 0x000002D569ABCCD0>
2025-06-28 09:43:03 [INFO] base_models.logistic_regression:57 - LogisticRegression final iteration 0, max_iter=1500, learning_rate = 0.05
2025-06-28 09:43:04 [INFO] base_models.logistic_regression:57 - LogisticRegression final iteration 1499, max_iter=1500, learning_rate = 0.05
2025-06-28 09:43:04 [INFO] adaboost.adaboost:25 - model is <base_models.logistic_regression.LogisticRegressionModel object at 0x000002D569ABCD30>
2025-06-28 09:43:04 [INFO] base_models.logistic_regression:57 - LogisticRegression final iteration 0, max_iter=1500, learning_rate = 0.05
2025-06-28 09:43:06 [INFO] base_models.logistic_regression:57 - LogisticRegression final iteration 1499, max_iter=1500, learning_rate = 0.05
2025-06-28 09:43:06 [INFO] adaboost.adaboost:25 - model is <base_models.logistic_regression.LogisticRegressionModel object at 0x000002D569ABCD90>
2025-06-28 09:43:06 [INFO] base_models.logistic_regression:57 - LogisticRegression final iteration 0, max_iter=1500, learning_rate = 0.05
2025-06-28 09:43:09 [INFO] base_models.logistic_regression:57 - LogisticRegression final iteration 1499, max_iter=1500, learning_rate = 0.05
2025-06-28 09:43:09 [INFO] adaboost.adaboost:25 - model is <base_models.logistic_regression.LogisticRegressionModel object at 0x000002D569ABCDF0>
2025-06-28 09:43:09 [INFO] base_models.logistic_regression:57 - LogisticRegression final iteration 0, max_iter=1500, learning_rate = 0.05
2025-06-28 09:43:10 [INFO] base_models.logistic_regression:57 - LogisticRegression final iteration 1499, max_iter=1500, learning_rate = 0.05
2025-06-28 09:43:10 [INFO] adaboost.adaboost:25 - model is <base_models.logistic_regression.LogisticRegressionModel object at 0x000002D569ABCE50>
2025-06-28 09:43:10 [INFO] base_models.logistic_regression:57 - LogisticRegression final iteration 0, max_iter=1500, learning_rate = 0.05
2025-06-28 09:43:12 [INFO] base_models.logistic_regression:57 - LogisticRegression final iteration 1499, max_iter=1500, learning_rate = 0.05
2025-06-28 09:43:12 [INFO] adaboost.adaboost:25 - model is <base_models.logistic_regression.LogisticRegressionModel object at 0x000002D569ABCEB0>
2025-06-28 09:43:12 [INFO] base_models.logistic_regression:57 - LogisticRegression final iteration 0, max_iter=1500, learning_rate = 0.05
2025-06-28 09:43:13 [INFO] base_models.logistic_regression:57 - LogisticRegression final iteration 1499, max_iter=1500, learning_rate = 0.05
2025-06-28 09:43:13 [INFO] adaboost.adaboost:25 - model is <base_models.logistic_regression.LogisticRegressionModel object at 0x000002D569ABC040>
2025-06-28 09:43:13 [INFO] base_models.logistic_regression:57 - LogisticRegression final iteration 0, max_iter=1500, learning_rate = 0.05
2025-06-28 09:43:14 [INFO] base_models.logistic_regression:57 - LogisticRegression final iteration 1499, max_iter=1500, learning_rate = 0.05
2025-06-28 09:43:14 [INFO] adaboost.adaboost:25 - model is <base_models.logistic_regression.LogisticRegressionModel object at 0x000002D569ABC1C0>
2025-06-28 09:43:14 [INFO] base_models.logistic_regression:57 - LogisticRegression final iteration 0, max_iter=1500, learning_rate = 0.05
2025-06-28 09:43:15 [INFO] base_models.logistic_regression:57 - LogisticRegression final iteration 1499, max_iter=1500, learning_rate = 0.05
2025-06-28 09:43:15 [INFO] adaboost.adaboost:25 - model is <base_models.logistic_regression.LogisticRegressionModel object at 0x000002D569ABC220>
2025-06-28 09:43:15 [INFO] base_models.logistic_regression:57 - LogisticRegression final iteration 0, max_iter=1500, learning_rate = 0.05
2025-06-28 09:43:16 [INFO] base_models.logistic_regression:57 - LogisticRegression final iteration 1499, max_iter=1500, learning_rate = 0.05
2025-06-28 09:43:16 [INFO] adaboost.adaboost:25 - model is <base_models.logistic_regression.LogisticRegressionModel object at 0x000002D569ABC130>
2025-06-28 09:43:16 [INFO] base_models.logistic_regression:57 - LogisticRegression final iteration 0, max_iter=1500, learning_rate = 0.05
2025-06-28 09:43:18 [INFO] base_models.logistic_regression:57 - LogisticRegression final iteration 1499, max_iter=1500, learning_rate = 0.05
2025-06-28 09:43:18 [INFO] adaboost.adaboost:25 - model is <base_models.logistic_regression.LogisticRegressionModel object at 0x000002D569ABC190>
2025-06-28 09:43:18 [INFO] base_models.logistic_regression:57 - LogisticRegression final iteration 0, max_iter=1500, learning_rate = 0.05
2025-06-28 09:43:19 [INFO] base_models.logistic_regression:57 - LogisticRegression final iteration 1499, max_iter=1500, learning_rate = 0.05
2025-06-28 09:43:19 [INFO] adaboost.adaboost:25 - model is <base_models.logistic_regression.LogisticRegressionModel object at 0x000002D56B5612B0>
2025-06-28 09:43:19 [INFO] base_models.logistic_regression:57 - LogisticRegression final iteration 0, max_iter=1500, learning_rate = 0.05
2025-06-28 09:43:21 [INFO] base_models.logistic_regression:57 - LogisticRegression final iteration 1499, max_iter=1500, learning_rate = 0.05
2025-06-28 09:43:21 [INFO] adaboost.adaboost:25 - model is <base_models.logistic_regression.LogisticRegressionModel object at 0x000002D56B561130>
2025-06-28 09:43:21 [INFO] base_models.logistic_regression:57 - LogisticRegression final iteration 0, max_iter=1500, learning_rate = 0.05
2025-06-28 09:43:22 [INFO] base_models.logistic_regression:57 - LogisticRegression final iteration 1499, max_iter=1500, learning_rate = 0.05
2025-06-28 09:43:22 [INFO] adaboost.adaboost:25 - model is <base_models.logistic_regression.LogisticRegressionModel object at 0x000002D56B561310>
2025-06-28 09:43:22 [INFO] base_models.logistic_regression:57 - LogisticRegression final iteration 0, max_iter=1500, learning_rate = 0.05
2025-06-28 09:43:24 [INFO] base_models.logistic_regression:57 - LogisticRegression final iteration 1499, max_iter=1500, learning_rate = 0.05
2025-06-28 09:43:24 [INFO] adaboost.adaboost:25 - model is <base_models.logistic_regression.LogisticRegressionModel object at 0x000002D56B561370>
2025-06-28 09:43:24 [INFO] base_models.logistic_regression:57 - LogisticRegression final iteration 0, max_iter=1500, learning_rate = 0.05
2025-06-28 09:43:26 [INFO] base_models.logistic_regression:57 - LogisticRegression final iteration 1499, max_iter=1500, learning_rate = 0.05
2025-06-28 09:43:26 [INFO] adaboost.adaboost:25 - model is <base_models.logistic_regression.LogisticRegressionModel object at 0x000002D56B5613D0>
2025-06-28 09:43:26 [INFO] base_models.logistic_regression:57 - LogisticRegression final iteration 0, max_iter=1500, learning_rate = 0.05
2025-06-28 09:43:28 [INFO] base_models.logistic_regression:57 - LogisticRegression final iteration 1499, max_iter=1500, learning_rate = 0.05
2025-06-28 09:43:28 [INFO] adaboost.adaboost:25 - model is <base_models.logistic_regression.LogisticRegressionModel object at 0x000002D56B561430>
2025-06-28 09:43:28 [INFO] base_models.logistic_regression:57 - LogisticRegression final iteration 0, max_iter=1500, learning_rate = 0.05
2025-06-28 09:43:30 [INFO] base_models.logistic_regression:57 - LogisticRegression final iteration 1499, max_iter=1500, learning_rate = 0.05
2025-06-28 09:43:30 [INFO] adaboost.adaboost:25 - model is <base_models.logistic_regression.LogisticRegressionModel object at 0x000002D56B561490>
2025-06-28 09:43:30 [INFO] base_models.logistic_regression:57 - LogisticRegression final iteration 0, max_iter=1500, learning_rate = 0.05
2025-06-28 09:43:31 [INFO] base_models.logistic_regression:57 - LogisticRegression final iteration 1499, max_iter=1500, learning_rate = 0.05
2025-06-28 09:43:31 [INFO] adaboost.adaboost:25 - model is <base_models.logistic_regression.LogisticRegressionModel object at 0x000002D56B5614F0>
2025-06-28 09:43:31 [INFO] base_models.logistic_regression:57 - LogisticRegression final iteration 0, max_iter=1500, learning_rate = 0.05
2025-06-28 09:43:33 [INFO] base_models.logistic_regression:57 - LogisticRegression final iteration 1499, max_iter=1500, learning_rate = 0.05
2025-06-28 09:43:33 [INFO] adaboost.adaboost:25 - model is <base_models.logistic_regression.LogisticRegressionModel object at 0x000002D56B561550>
2025-06-28 09:43:33 [INFO] base_models.logistic_regression:57 - LogisticRegression final iteration 0, max_iter=1500, learning_rate = 0.05
2025-06-28 09:43:34 [INFO] base_models.logistic_regression:57 - LogisticRegression final iteration 1499, max_iter=1500, learning_rate = 0.05
2025-06-28 09:43:34 [INFO] adaboost.adaboost:25 - model is <base_models.logistic_regression.LogisticRegressionModel object at 0x000002D56B5615B0>
2025-06-28 09:43:34 [INFO] base_models.logistic_regression:57 - LogisticRegression final iteration 0, max_iter=1500, learning_rate = 0.05
2025-06-28 09:43:36 [INFO] base_models.logistic_regression:57 - LogisticRegression final iteration 1499, max_iter=1500, learning_rate = 0.05
2025-06-28 09:43:36 [INFO] adaboost.adaboost:25 - model is <base_models.logistic_regression.LogisticRegressionModel object at 0x000002D56B561610>
2025-06-28 09:43:36 [INFO] base_models.logistic_regression:57 - LogisticRegression final iteration 0, max_iter=1500, learning_rate = 0.05
2025-06-28 09:43:38 [INFO] base_models.logistic_regression:57 - LogisticRegression final iteration 1499, max_iter=1500, learning_rate = 0.05
2025-06-28 09:43:38 [INFO] adaboost.adaboost:25 - model is <base_models.logistic_regression.LogisticRegressionModel object at 0x000002D56B561670>
2025-06-28 09:43:38 [INFO] base_models.logistic_regression:57 - LogisticRegression final iteration 0, max_iter=1500, learning_rate = 0.05
2025-06-28 09:43:39 [INFO] base_models.logistic_regression:57 - LogisticRegression final iteration 1499, max_iter=1500, learning_rate = 0.05
2025-06-28 09:43:39 [INFO] adaboost.adaboost:25 - model is <base_models.logistic_regression.LogisticRegressionModel object at 0x000002D56B5616D0>
2025-06-28 09:43:39 [INFO] base_models.logistic_regression:57 - LogisticRegression final iteration 0, max_iter=1500, learning_rate = 0.05
2025-06-28 09:43:40 [INFO] base_models.logistic_regression:57 - LogisticRegression final iteration 1499, max_iter=1500, learning_rate = 0.05
2025-06-28 09:43:40 [INFO] adaboost.adaboost:25 - model is <base_models.logistic_regression.LogisticRegressionModel object at 0x000002D56B561730>
2025-06-28 09:43:40 [INFO] base_models.logistic_regression:57 - LogisticRegression final iteration 0, max_iter=1500, learning_rate = 0.05
2025-06-28 09:43:42 [INFO] base_models.logistic_regression:57 - LogisticRegression final iteration 1499, max_iter=1500, learning_rate = 0.05
2025-06-28 09:43:42 [INFO] adaboost.adaboost:25 - model is <base_models.logistic_regression.LogisticRegressionModel object at 0x000002D56B561790>
2025-06-28 09:43:42 [INFO] base_models.logistic_regression:57 - LogisticRegression final iteration 0, max_iter=1500, learning_rate = 0.05
2025-06-28 09:43:43 [INFO] base_models.logistic_regression:57 - LogisticRegression final iteration 1499, max_iter=1500, learning_rate = 0.05
2025-06-28 09:43:43 [INFO] adaboost.adaboost:25 - model is <base_models.logistic_regression.LogisticRegressionModel object at 0x000002D56B5617F0>
2025-06-28 09:43:43 [INFO] base_models.logistic_regression:57 - LogisticRegression final iteration 0, max_iter=1500, learning_rate = 0.05
2025-06-28 09:43:44 [INFO] base_models.logistic_regression:57 - LogisticRegression final iteration 1499, max_iter=1500, learning_rate = 0.05
2025-06-28 09:43:44 [INFO] adaboost.adaboost:25 - model is <base_models.logistic_regression.LogisticRegressionModel object at 0x000002D56B561850>
2025-06-28 09:43:44 [INFO] base_models.logistic_regression:57 - LogisticRegression final iteration 0, max_iter=1500, learning_rate = 0.05
2025-06-28 09:43:46 [INFO] base_models.logistic_regression:57 - LogisticRegression final iteration 1499, max_iter=1500, learning_rate = 0.05
2025-06-28 09:43:46 [INFO] adaboost.adaboost:25 - model is <base_models.logistic_regression.LogisticRegressionModel object at 0x000002D56B5618E0>
2025-06-28 09:43:46 [INFO] base_models.logistic_regression:57 - LogisticRegression final iteration 0, max_iter=1500, learning_rate = 0.05
2025-06-28 09:43:47 [INFO] base_models.logistic_regression:57 - LogisticRegression final iteration 1499, max_iter=1500, learning_rate = 0.05
2025-06-28 09:43:47 [INFO] adaboost.adaboost:25 - model is <base_models.logistic_regression.LogisticRegressionModel object at 0x000002D56B561940>
2025-06-28 09:43:47 [INFO] base_models.logistic_regression:57 - LogisticRegression final iteration 0, max_iter=1500, learning_rate = 0.05
2025-06-28 09:43:48 [INFO] base_models.logistic_regression:57 - LogisticRegression final iteration 1499, max_iter=1500, learning_rate = 0.05
2025-06-28 09:43:48 [INFO] adaboost.adaboost:25 - model is <base_models.logistic_regression.LogisticRegressionModel object at 0x000002D56B5619A0>
2025-06-28 09:43:48 [INFO] base_models.logistic_regression:57 - LogisticRegression final iteration 0, max_iter=1500, learning_rate = 0.05
2025-06-28 09:43:49 [INFO] base_models.logistic_regression:57 - LogisticRegression final iteration 1499, max_iter=1500, learning_rate = 0.05
2025-06-28 09:43:49 [INFO] adaboost.adaboost:25 - model is <base_models.logistic_regression.LogisticRegressionModel object at 0x000002D56B561A30>
2025-06-28 09:43:49 [INFO] base_models.logistic_regression:57 - LogisticRegression final iteration 0, max_iter=1500, learning_rate = 0.05
2025-06-28 09:43:51 [INFO] base_models.logistic_regression:57 - LogisticRegression final iteration 1499, max_iter=1500, learning_rate = 0.05
2025-06-28 09:43:51 [INFO] adaboost.adaboost:25 - model is <base_models.logistic_regression.LogisticRegressionModel object at 0x000002D56B561B20>
2025-06-28 09:43:51 [INFO] base_models.logistic_regression:57 - LogisticRegression final iteration 0, max_iter=1500, learning_rate = 0.05
2025-06-28 09:43:52 [INFO] base_models.logistic_regression:57 - LogisticRegression final iteration 1499, max_iter=1500, learning_rate = 0.05
2025-06-28 09:43:52 [INFO] adaboost.adaboost:25 - model is <base_models.logistic_regression.LogisticRegressionModel object at 0x000002D56B561B80>
2025-06-28 09:43:52 [INFO] base_models.logistic_regression:57 - LogisticRegression final iteration 0, max_iter=1500, learning_rate = 0.05
2025-06-28 09:43:54 [INFO] base_models.logistic_regression:57 - LogisticRegression final iteration 1499, max_iter=1500, learning_rate = 0.05
2025-06-28 09:43:54 [INFO] adaboost.adaboost:25 - model is <base_models.logistic_regression.LogisticRegressionModel object at 0x000002D56B561BE0>
2025-06-28 09:43:54 [INFO] base_models.logistic_regression:57 - LogisticRegression final iteration 0, max_iter=1500, learning_rate = 0.05
2025-06-28 09:43:55 [INFO] base_models.logistic_regression:57 - LogisticRegression final iteration 1499, max_iter=1500, learning_rate = 0.05
2025-06-28 09:43:55 [INFO] adaboost.adaboost:25 - model is <base_models.logistic_regression.LogisticRegressionModel object at 0x000002D56B561C40>
2025-06-28 09:43:55 [INFO] base_models.logistic_regression:57 - LogisticRegression final iteration 0, max_iter=1500, learning_rate = 0.05
2025-06-28 09:43:57 [INFO] base_models.logistic_regression:57 - LogisticRegression final iteration 1499, max_iter=1500, learning_rate = 0.05
2025-06-28 09:43:57 [INFO] adaboost.adaboost:25 - model is <base_models.logistic_regression.LogisticRegressionModel object at 0x000002D56B561CA0>
2025-06-28 09:43:57 [INFO] base_models.logistic_regression:57 - LogisticRegression final iteration 0, max_iter=1500, learning_rate = 0.05
2025-06-28 09:43:58 [INFO] base_models.logistic_regression:57 - LogisticRegression final iteration 1499, max_iter=1500, learning_rate = 0.05
2025-06-28 09:43:58 [INFO] adaboost.adaboost:25 - model is <base_models.logistic_regression.LogisticRegressionModel object at 0x000002D56B561D00>
2025-06-28 09:43:58 [INFO] base_models.logistic_regression:57 - LogisticRegression final iteration 0, max_iter=1500, learning_rate = 0.05
2025-06-28 09:44:00 [INFO] base_models.logistic_regression:57 - LogisticRegression final iteration 1499, max_iter=1500, learning_rate = 0.05
2025-06-28 09:44:00 [INFO] adaboost.adaboost:25 - model is <base_models.logistic_regression.LogisticRegressionModel object at 0x000002D56B561D60>
2025-06-28 09:44:00 [INFO] base_models.logistic_regression:57 - LogisticRegression final iteration 0, max_iter=1500, learning_rate = 0.05
2025-06-28 09:44:02 [INFO] base_models.logistic_regression:57 - LogisticRegression final iteration 1499, max_iter=1500, learning_rate = 0.05
2025-06-28 09:44:02 [INFO] adaboost.adaboost:25 - model is <base_models.logistic_regression.LogisticRegressionModel object at 0x000002D56B561DC0>
2025-06-28 09:44:02 [INFO] base_models.logistic_regression:57 - LogisticRegression final iteration 0, max_iter=1500, learning_rate = 0.05
2025-06-28 09:44:04 [INFO] base_models.logistic_regression:57 - LogisticRegression final iteration 1499, max_iter=1500, learning_rate = 0.05
2025-06-28 09:44:04 [INFO] adaboost.adaboost:25 - model is <base_models.logistic_regression.LogisticRegressionModel object at 0x000002D56B561E20>
2025-06-28 09:44:04 [INFO] base_models.logistic_regression:57 - LogisticRegression final iteration 0, max_iter=1500, learning_rate = 0.05
2025-06-28 09:44:05 [INFO] base_models.logistic_regression:57 - LogisticRegression final iteration 1499, max_iter=1500, learning_rate = 0.05
2025-06-28 09:44:05 [INFO] adaboost.adaboost:25 - model is <base_models.logistic_regression.LogisticRegressionModel object at 0x000002D56B561E80>
2025-06-28 09:44:05 [INFO] base_models.logistic_regression:57 - LogisticRegression final iteration 0, max_iter=1500, learning_rate = 0.05
2025-06-28 09:44:07 [INFO] base_models.logistic_regression:57 - LogisticRegression final iteration 1499, max_iter=1500, learning_rate = 0.05
2025-06-28 09:44:07 [INFO] adaboost.adaboost:25 - model is <base_models.logistic_regression.LogisticRegressionModel object at 0x000002D56B561EE0>
2025-06-28 09:44:07 [INFO] base_models.logistic_regression:57 - LogisticRegression final iteration 0, max_iter=1500, learning_rate = 0.05
2025-06-28 09:44:08 [INFO] base_models.logistic_regression:57 - LogisticRegression final iteration 1499, max_iter=1500, learning_rate = 0.05
2025-06-28 09:44:08 [INFO] adaboost.adaboost:25 - model is <base_models.logistic_regression.LogisticRegressionModel object at 0x000002D56B561F40>
2025-06-28 09:44:08 [INFO] base_models.logistic_regression:57 - LogisticRegression final iteration 0, max_iter=1500, learning_rate = 0.05
2025-06-28 09:44:09 [INFO] base_models.logistic_regression:57 - LogisticRegression final iteration 1499, max_iter=1500, learning_rate = 0.05
2025-06-28 09:44:09 [INFO] adaboost.adaboost:25 - model is <base_models.logistic_regression.LogisticRegressionModel object at 0x000002D56B561FA0>
2025-06-28 09:44:09 [INFO] base_models.logistic_regression:57 - LogisticRegression final iteration 0, max_iter=1500, learning_rate = 0.05
2025-06-28 09:44:11 [INFO] base_models.logistic_regression:57 - LogisticRegression final iteration 1499, max_iter=1500, learning_rate = 0.05
2025-06-28 09:44:11 [INFO] adaboost.adaboost:25 - model is <base_models.logistic_regression.LogisticRegressionModel object at 0x000002D56B5610A0>
2025-06-28 09:44:11 [INFO] base_models.logistic_regression:57 - LogisticRegression final iteration 0, max_iter=1500, learning_rate = 0.05
2025-06-28 09:44:12 [INFO] base_models.logistic_regression:57 - LogisticRegression final iteration 1499, max_iter=1500, learning_rate = 0.05
2025-06-28 09:44:12 [INFO] adaboost.adaboost:25 - model is <base_models.logistic_regression.LogisticRegressionModel object at 0x000002D56B561040>
2025-06-28 09:44:13 [INFO] base_models.logistic_regression:57 - LogisticRegression final iteration 0, max_iter=1500, learning_rate = 0.05
2025-06-28 09:44:14 [INFO] base_models.logistic_regression:57 - LogisticRegression final iteration 1499, max_iter=1500, learning_rate = 0.05
2025-06-28 09:44:14 [INFO] adaboost.adaboost:25 - model is <base_models.logistic_regression.LogisticRegressionModel object at 0x000002D56B5611F0>
2025-06-28 09:44:14 [INFO] base_models.logistic_regression:57 - LogisticRegression final iteration 0, max_iter=1500, learning_rate = 0.05
2025-06-28 09:44:16 [INFO] base_models.logistic_regression:57 - LogisticRegression final iteration 1499, max_iter=1500, learning_rate = 0.05
2025-06-28 09:44:16 [INFO] adaboost.adaboost:25 - model is <base_models.logistic_regression.LogisticRegressionModel object at 0x000002D56B561160>
2025-06-28 09:44:16 [INFO] base_models.logistic_regression:57 - LogisticRegression final iteration 0, max_iter=1500, learning_rate = 0.05
2025-06-28 09:44:17 [INFO] base_models.logistic_regression:57 - LogisticRegression final iteration 1499, max_iter=1500, learning_rate = 0.05
2025-06-28 09:44:17 [INFO] adaboost.adaboost:25 - model is <base_models.logistic_regression.LogisticRegressionModel object at 0x000002D56B5611C0>
2025-06-28 09:44:17 [INFO] base_models.logistic_regression:57 - LogisticRegression final iteration 0, max_iter=1500, learning_rate = 0.05
2025-06-28 09:44:19 [INFO] base_models.logistic_regression:57 - LogisticRegression final iteration 1499, max_iter=1500, learning_rate = 0.05
2025-06-28 09:44:19 [INFO] adaboost.adaboost:25 - model is <base_models.logistic_regression.LogisticRegressionModel object at 0x000002D56B561280>
2025-06-28 09:44:19 [INFO] base_models.logistic_regression:57 - LogisticRegression final iteration 0, max_iter=1500, learning_rate = 0.05
2025-06-28 09:44:20 [INFO] base_models.logistic_regression:57 - LogisticRegression final iteration 1499, max_iter=1500, learning_rate = 0.05
2025-06-28 09:44:21 [INFO] adaboost.adaboost:25 - model is <base_models.logistic_regression.LogisticRegressionModel object at 0x000002D5413E4C70>
2025-06-28 09:44:21 [INFO] base_models.logistic_regression:57 - LogisticRegression final iteration 0, max_iter=1500, learning_rate = 0.05
2025-06-28 09:44:22 [INFO] base_models.logistic_regression:57 - LogisticRegression final iteration 1499, max_iter=1500, learning_rate = 0.05
2025-06-28 09:44:22 [INFO] adaboost.adaboost:25 - model is <base_models.logistic_regression.LogisticRegressionModel object at 0x000002D569A16FD0>
2025-06-28 09:44:22 [INFO] base_models.logistic_regression:57 - LogisticRegression final iteration 0, max_iter=1500, learning_rate = 0.05
2025-06-28 09:44:23 [INFO] base_models.logistic_regression:57 - LogisticRegression final iteration 1499, max_iter=1500, learning_rate = 0.05
2025-06-28 09:44:23 [INFO] adaboost.adaboost:25 - model is <base_models.logistic_regression.LogisticRegressionModel object at 0x000002D569A07D60>
2025-06-28 09:44:23 [INFO] base_models.logistic_regression:57 - LogisticRegression final iteration 0, max_iter=1500, learning_rate = 0.05
2025-06-28 09:44:24 [INFO] base_models.logistic_regression:57 - LogisticRegression final iteration 1499, max_iter=1500, learning_rate = 0.05
2025-06-28 09:44:24 [INFO] adaboost.adaboost:25 - model is <base_models.logistic_regression.LogisticRegressionModel object at 0x000002D5699FCF70>
2025-06-28 09:44:24 [INFO] base_models.logistic_regression:57 - LogisticRegression final iteration 0, max_iter=1500, learning_rate = 0.05
2025-06-28 09:44:26 [INFO] base_models.logistic_regression:57 - LogisticRegression final iteration 1499, max_iter=1500, learning_rate = 0.05
2025-06-28 09:44:26 [INFO] adaboost.adaboost:25 - model is <base_models.logistic_regression.LogisticRegressionModel object at 0x000002D569A459A0>
2025-06-28 09:44:26 [INFO] base_models.logistic_regression:57 - LogisticRegression final iteration 0, max_iter=1500, learning_rate = 0.05
2025-06-28 09:44:27 [INFO] base_models.logistic_regression:57 - LogisticRegression final iteration 1499, max_iter=1500, learning_rate = 0.05
2025-06-28 09:44:27 [INFO] adaboost.adaboost:25 - model is <base_models.logistic_regression.LogisticRegressionModel object at 0x000002D569A45DC0>
2025-06-28 09:44:27 [INFO] base_models.logistic_regression:57 - LogisticRegression final iteration 0, max_iter=1500, learning_rate = 0.05
2025-06-28 09:44:28 [INFO] base_models.logistic_regression:57 - LogisticRegression final iteration 1499, max_iter=1500, learning_rate = 0.05
2025-06-28 09:44:28 [INFO] adaboost.adaboost:25 - model is <base_models.logistic_regression.LogisticRegressionModel object at 0x000002D569A45F70>
2025-06-28 09:44:28 [INFO] base_models.logistic_regression:57 - LogisticRegression final iteration 0, max_iter=1500, learning_rate = 0.05
2025-06-28 09:44:30 [INFO] base_models.logistic_regression:57 - LogisticRegression final iteration 1499, max_iter=1500, learning_rate = 0.05
2025-06-28 09:44:30 [INFO] adaboost.adaboost:25 - model is <base_models.logistic_regression.LogisticRegressionModel object at 0x000002D569A45EE0>
2025-06-28 09:44:30 [INFO] base_models.logistic_regression:57 - LogisticRegression final iteration 0, max_iter=1500, learning_rate = 0.05
2025-06-28 09:44:31 [INFO] base_models.logistic_regression:57 - LogisticRegression final iteration 1499, max_iter=1500, learning_rate = 0.05
2025-06-28 09:44:31 [INFO] adaboost.adaboost:25 - model is <base_models.logistic_regression.LogisticRegressionModel object at 0x000002D569A45FA0>
2025-06-28 09:44:31 [INFO] base_models.logistic_regression:57 - LogisticRegression final iteration 0, max_iter=1500, learning_rate = 0.05
2025-06-28 09:44:32 [INFO] base_models.logistic_regression:57 - LogisticRegression final iteration 1499, max_iter=1500, learning_rate = 0.05
2025-06-28 09:44:32 [INFO] adaboost.adaboost:25 - model is <base_models.logistic_regression.LogisticRegressionModel object at 0x000002D569A45E20>
2025-06-28 09:44:32 [INFO] base_models.logistic_regression:57 - LogisticRegression final iteration 0, max_iter=1500, learning_rate = 0.05
2025-06-28 09:44:34 [INFO] base_models.logistic_regression:57 - LogisticRegression final iteration 1499, max_iter=1500, learning_rate = 0.05
2025-06-28 09:44:34 [INFO] adaboost.adaboost:25 - model is <base_models.logistic_regression.LogisticRegressionModel object at 0x000002D56AA90D00>
2025-06-28 09:44:34 [INFO] base_models.logistic_regression:57 - LogisticRegression final iteration 0, max_iter=1500, learning_rate = 0.05
2025-06-28 09:44:35 [INFO] base_models.logistic_regression:57 - LogisticRegression final iteration 1499, max_iter=1500, learning_rate = 0.05
2025-06-28 09:44:35 [INFO] adaboost.adaboost:25 - model is <base_models.logistic_regression.LogisticRegressionModel object at 0x000002D56AA90E20>
2025-06-28 09:44:35 [INFO] base_models.logistic_regression:57 - LogisticRegression final iteration 0, max_iter=1500, learning_rate = 0.05
2025-06-28 09:44:36 [INFO] base_models.logistic_regression:57 - LogisticRegression final iteration 1499, max_iter=1500, learning_rate = 0.05
2025-06-28 09:44:36 [INFO] adaboost.adaboost:25 - model is <base_models.logistic_regression.LogisticRegressionModel object at 0x000002D56AA90EE0>
2025-06-28 09:44:36 [INFO] base_models.logistic_regression:57 - LogisticRegression final iteration 0, max_iter=1500, learning_rate = 0.05
2025-06-28 09:44:37 [INFO] base_models.logistic_regression:57 - LogisticRegression final iteration 1499, max_iter=1500, learning_rate = 0.05
2025-06-28 09:44:37 [INFO] adaboost.adaboost:25 - model is <base_models.logistic_regression.LogisticRegressionModel object at 0x000002D56AA90F40>
2025-06-28 09:44:37 [INFO] base_models.logistic_regression:57 - LogisticRegression final iteration 0, max_iter=1500, learning_rate = 0.05
2025-06-28 09:44:38 [INFO] base_models.logistic_regression:57 - LogisticRegression final iteration 1499, max_iter=1500, learning_rate = 0.05
2025-06-28 09:44:38 [INFO] adaboost.adaboost:25 - model is <base_models.logistic_regression.LogisticRegressionModel object at 0x000002D56AA90FA0>
2025-06-28 09:44:38 [INFO] base_models.logistic_regression:57 - LogisticRegression final iteration 0, max_iter=1500, learning_rate = 0.05
2025-06-28 09:44:39 [INFO] base_models.logistic_regression:57 - LogisticRegression final iteration 1499, max_iter=1500, learning_rate = 0.05
2025-06-28 09:44:39 [INFO] adaboost.adaboost:25 - model is <base_models.logistic_regression.LogisticRegressionModel object at 0x000002D56AA90CA0>
2025-06-28 09:44:39 [INFO] base_models.logistic_regression:57 - LogisticRegression final iteration 0, max_iter=1500, learning_rate = 0.05
2025-06-28 09:44:40 [INFO] base_models.logistic_regression:57 - LogisticRegression final iteration 1499, max_iter=1500, learning_rate = 0.05
2025-06-28 09:44:40 [INFO] adaboost.adaboost:25 - model is <base_models.logistic_regression.LogisticRegressionModel object at 0x000002D56AA90BB0>
2025-06-28 09:44:40 [INFO] base_models.logistic_regression:57 - LogisticRegression final iteration 0, max_iter=1500, learning_rate = 0.05
2025-06-28 09:44:42 [INFO] base_models.logistic_regression:57 - LogisticRegression final iteration 1499, max_iter=1500, learning_rate = 0.05
2025-06-28 09:44:42 [INFO] adaboost.adaboost:25 - model is <base_models.logistic_regression.LogisticRegressionModel object at 0x000002D56AA90E80>
2025-06-28 09:44:42 [INFO] base_models.logistic_regression:57 - LogisticRegression final iteration 0, max_iter=1500, learning_rate = 0.05
2025-06-28 09:44:43 [INFO] base_models.logistic_regression:57 - LogisticRegression final iteration 1499, max_iter=1500, learning_rate = 0.05
2025-06-28 09:44:43 [INFO] adaboost.adaboost:25 - model is <base_models.logistic_regression.LogisticRegressionModel object at 0x000002D56AA90D90>
2025-06-28 09:44:43 [INFO] base_models.logistic_regression:57 - LogisticRegression final iteration 0, max_iter=1500, learning_rate = 0.05
2025-06-28 09:44:45 [INFO] base_models.logistic_regression:57 - LogisticRegression final iteration 1499, max_iter=1500, learning_rate = 0.05
2025-06-28 09:44:45 [INFO] adaboost.adaboost:25 - model is <base_models.logistic_regression.LogisticRegressionModel object at 0x000002D56AA90C70>
2025-06-28 09:44:45 [INFO] base_models.logistic_regression:57 - LogisticRegression final iteration 0, max_iter=1500, learning_rate = 0.05
2025-06-28 09:44:46 [INFO] base_models.logistic_regression:57 - LogisticRegression final iteration 1499, max_iter=1500, learning_rate = 0.05
2025-06-28 09:44:46 [INFO] adaboost.adaboost:25 - model is <base_models.logistic_regression.LogisticRegressionModel object at 0x000002D56AA90D60>
2025-06-28 09:44:46 [INFO] base_models.logistic_regression:57 - LogisticRegression final iteration 0, max_iter=1500, learning_rate = 0.05
2025-06-28 09:44:47 [INFO] base_models.logistic_regression:57 - LogisticRegression final iteration 1499, max_iter=1500, learning_rate = 0.05
2025-06-28 09:44:47 [INFO] adaboost.adaboost:25 - model is <base_models.logistic_regression.LogisticRegressionModel object at 0x000002D569ABC0D0>
2025-06-28 09:44:47 [INFO] base_models.logistic_regression:57 - LogisticRegression final iteration 0, max_iter=1500, learning_rate = 0.05
2025-06-28 09:44:48 [INFO] base_models.logistic_regression:57 - LogisticRegression final iteration 1499, max_iter=1500, learning_rate = 0.05
2025-06-28 09:44:48 [INFO] adaboost.adaboost:25 - model is <base_models.logistic_regression.LogisticRegressionModel object at 0x000002D569ABC2B0>
2025-06-28 09:44:48 [INFO] base_models.logistic_regression:57 - LogisticRegression final iteration 0, max_iter=1500, learning_rate = 0.05
2025-06-28 09:44:49 [INFO] base_models.logistic_regression:57 - LogisticRegression final iteration 1499, max_iter=1500, learning_rate = 0.05
2025-06-28 09:44:49 [INFO] adaboost.adaboost:25 - model is <base_models.logistic_regression.LogisticRegressionModel object at 0x000002D569ABC310>
2025-06-28 09:44:49 [INFO] base_models.logistic_regression:57 - LogisticRegression final iteration 0, max_iter=1500, learning_rate = 0.05
2025-06-28 09:44:49 [INFO] base_models.logistic_regression:57 - LogisticRegression final iteration 1499, max_iter=1500, learning_rate = 0.05
2025-06-28 09:44:49 [INFO] adaboost.adaboost:25 - model is <base_models.logistic_regression.LogisticRegressionModel object at 0x000002D569ABC370>
2025-06-28 09:44:49 [INFO] base_models.logistic_regression:57 - LogisticRegression final iteration 0, max_iter=1500, learning_rate = 0.05
2025-06-28 09:44:51 [INFO] base_models.logistic_regression:57 - LogisticRegression final iteration 1499, max_iter=1500, learning_rate = 0.05
2025-06-28 09:44:51 [INFO] adaboost.adaboost:25 - model is <base_models.logistic_regression.LogisticRegressionModel object at 0x000002D569ABC3D0>
2025-06-28 09:44:51 [INFO] base_models.logistic_regression:57 - LogisticRegression final iteration 0, max_iter=1500, learning_rate = 0.05
2025-06-28 09:44:52 [INFO] base_models.logistic_regression:57 - LogisticRegression final iteration 1499, max_iter=1500, learning_rate = 0.05
2025-06-28 09:44:52 [INFO] adaboost.adaboost:25 - model is <base_models.logistic_regression.LogisticRegressionModel object at 0x000002D569ABC430>
2025-06-28 09:44:52 [INFO] base_models.logistic_regression:57 - LogisticRegression final iteration 0, max_iter=1500, learning_rate = 0.05
2025-06-28 09:44:53 [INFO] base_models.logistic_regression:57 - LogisticRegression final iteration 1499, max_iter=1500, learning_rate = 0.05
2025-06-28 09:44:53 [INFO] adaboost.adaboost:25 - model is <base_models.logistic_regression.LogisticRegressionModel object at 0x000002D569ABC490>
2025-06-28 09:44:53 [INFO] base_models.logistic_regression:57 - LogisticRegression final iteration 0, max_iter=1500, learning_rate = 0.05
2025-06-28 09:44:54 [INFO] base_models.logistic_regression:57 - LogisticRegression final iteration 1499, max_iter=1500, learning_rate = 0.05
2025-06-28 09:44:54 [INFO] adaboost.adaboost:25 - model is <base_models.logistic_regression.LogisticRegressionModel object at 0x000002D569ABC4F0>
2025-06-28 09:44:54 [INFO] base_models.logistic_regression:57 - LogisticRegression final iteration 0, max_iter=1500, learning_rate = 0.05
2025-06-28 09:44:55 [INFO] base_models.logistic_regression:57 - LogisticRegression final iteration 1499, max_iter=1500, learning_rate = 0.05
2025-06-28 09:44:55 [INFO] adaboost.adaboost:25 - model is <base_models.logistic_regression.LogisticRegressionModel object at 0x000002D569ABC550>
2025-06-28 09:44:55 [INFO] base_models.logistic_regression:57 - LogisticRegression final iteration 0, max_iter=1500, learning_rate = 0.05
2025-06-28 09:44:56 [INFO] base_models.logistic_regression:57 - LogisticRegression final iteration 1499, max_iter=1500, learning_rate = 0.05
2025-06-28 09:44:56 [INFO] adaboost.adaboost:25 - model is <base_models.logistic_regression.LogisticRegressionModel object at 0x000002D569ABC5B0>
2025-06-28 09:44:56 [INFO] base_models.logistic_regression:57 - LogisticRegression final iteration 0, max_iter=1500, learning_rate = 0.05
2025-06-28 09:44:57 [INFO] base_models.logistic_regression:57 - LogisticRegression final iteration 1499, max_iter=1500, learning_rate = 0.05
2025-06-28 09:44:57 [INFO] adaboost.adaboost:25 - model is <base_models.logistic_regression.LogisticRegressionModel object at 0x000002D569ABC610>
2025-06-28 09:44:57 [INFO] base_models.logistic_regression:57 - LogisticRegression final iteration 0, max_iter=1500, learning_rate = 0.05
2025-06-28 09:44:58 [INFO] base_models.logistic_regression:57 - LogisticRegression final iteration 1499, max_iter=1500, learning_rate = 0.05
2025-06-28 09:44:58 [INFO] adaboost.adaboost:25 - model is <base_models.logistic_regression.LogisticRegressionModel object at 0x000002D569ABC670>
2025-06-28 09:44:58 [INFO] base_models.logistic_regression:57 - LogisticRegression final iteration 0, max_iter=1500, learning_rate = 0.05
2025-06-28 09:44:59 [INFO] base_models.logistic_regression:57 - LogisticRegression final iteration 1499, max_iter=1500, learning_rate = 0.05
2025-06-28 09:44:59 [INFO] adaboost.adaboost:25 - model is <base_models.logistic_regression.LogisticRegressionModel object at 0x000002D569ABC6D0>
2025-06-28 09:44:59 [INFO] base_models.logistic_regression:57 - LogisticRegression final iteration 0, max_iter=1500, learning_rate = 0.05
2025-06-28 09:45:00 [INFO] base_models.logistic_regression:57 - LogisticRegression final iteration 1499, max_iter=1500, learning_rate = 0.05
2025-06-28 09:45:00 [INFO] adaboost.adaboost:25 - model is <base_models.logistic_regression.LogisticRegressionModel object at 0x000002D569ABC730>
2025-06-28 09:45:00 [INFO] base_models.logistic_regression:57 - LogisticRegression final iteration 0, max_iter=1500, learning_rate = 0.05
2025-06-28 09:45:01 [INFO] base_models.logistic_regression:57 - LogisticRegression final iteration 1499, max_iter=1500, learning_rate = 0.05
2025-06-28 09:45:01 [INFO] adaboost.adaboost:25 - model is <base_models.logistic_regression.LogisticRegressionModel object at 0x000002D569ABC790>
2025-06-28 09:45:01 [INFO] base_models.logistic_regression:57 - LogisticRegression final iteration 0, max_iter=1500, learning_rate = 0.05
2025-06-28 09:45:03 [INFO] base_models.logistic_regression:57 - LogisticRegression final iteration 1499, max_iter=1500, learning_rate = 0.05
2025-06-28 09:45:03 [INFO] adaboost.adaboost:25 - model is <base_models.logistic_regression.LogisticRegressionModel object at 0x000002D569ABC7F0>
2025-06-28 09:45:03 [INFO] base_models.logistic_regression:57 - LogisticRegression final iteration 0, max_iter=1500, learning_rate = 0.05
2025-06-28 09:45:04 [INFO] base_models.logistic_regression:57 - LogisticRegression final iteration 1499, max_iter=1500, learning_rate = 0.05
2025-06-28 09:45:04 [INFO] adaboost.adaboost:25 - model is <base_models.logistic_regression.LogisticRegressionModel object at 0x000002D569ABC850>
2025-06-28 09:45:04 [INFO] base_models.logistic_regression:57 - LogisticRegression final iteration 0, max_iter=1500, learning_rate = 0.05
2025-06-28 09:45:06 [INFO] base_models.logistic_regression:57 - LogisticRegression final iteration 1499, max_iter=1500, learning_rate = 0.05
2025-06-28 09:45:06 [INFO] adaboost.adaboost:25 - model is <base_models.logistic_regression.LogisticRegressionModel object at 0x000002D569ABC8B0>
2025-06-28 09:45:06 [INFO] base_models.logistic_regression:57 - LogisticRegression final iteration 0, max_iter=1500, learning_rate = 0.05
2025-06-28 09:45:07 [INFO] base_models.logistic_regression:57 - LogisticRegression final iteration 1499, max_iter=1500, learning_rate = 0.05
2025-06-28 09:45:07 [INFO] adaboost.adaboost:25 - model is <base_models.logistic_regression.LogisticRegressionModel object at 0x000002D569ABC910>
2025-06-28 09:45:07 [INFO] base_models.logistic_regression:57 - LogisticRegression final iteration 0, max_iter=1500, learning_rate = 0.05
2025-06-28 09:45:09 [INFO] base_models.logistic_regression:57 - LogisticRegression final iteration 1499, max_iter=1500, learning_rate = 0.05
2025-06-28 09:45:09 [INFO] adaboost.adaboost:25 - model is <base_models.logistic_regression.LogisticRegressionModel object at 0x000002D569ABC970>
2025-06-28 09:45:09 [INFO] base_models.logistic_regression:57 - LogisticRegression final iteration 0, max_iter=1500, learning_rate = 0.05
2025-06-28 09:45:11 [INFO] base_models.logistic_regression:57 - LogisticRegression final iteration 1499, max_iter=1500, learning_rate = 0.05
2025-06-28 09:45:11 [INFO] adaboost.adaboost:25 - model is <base_models.logistic_regression.LogisticRegressionModel object at 0x000002D569ABC9D0>
2025-06-28 09:45:11 [INFO] base_models.logistic_regression:57 - LogisticRegression final iteration 0, max_iter=1500, learning_rate = 0.05
2025-06-28 09:45:13 [INFO] base_models.logistic_regression:57 - LogisticRegression final iteration 1499, max_iter=1500, learning_rate = 0.05
2025-06-28 09:45:13 [INFO] adaboost.adaboost:25 - model is <base_models.logistic_regression.LogisticRegressionModel object at 0x000002D569ABCA30>
2025-06-28 09:45:13 [INFO] base_models.logistic_regression:57 - LogisticRegression final iteration 0, max_iter=1500, learning_rate = 0.05
2025-06-28 09:45:14 [INFO] base_models.logistic_regression:57 - LogisticRegression final iteration 1499, max_iter=1500, learning_rate = 0.05
2025-06-28 09:45:14 [INFO] adaboost.adaboost:25 - model is <base_models.logistic_regression.LogisticRegressionModel object at 0x000002D569ABCA90>
2025-06-28 09:45:14 [INFO] base_models.logistic_regression:57 - LogisticRegression final iteration 0, max_iter=1500, learning_rate = 0.05
2025-06-28 09:45:16 [INFO] base_models.logistic_regression:57 - LogisticRegression final iteration 1499, max_iter=1500, learning_rate = 0.05
2025-06-28 09:45:16 [INFO] adaboost.adaboost:25 - model is <base_models.logistic_regression.LogisticRegressionModel object at 0x000002D569ABCAF0>
2025-06-28 09:45:16 [INFO] base_models.logistic_regression:57 - LogisticRegression final iteration 0, max_iter=1500, learning_rate = 0.05
2025-06-28 09:45:17 [INFO] base_models.logistic_regression:57 - LogisticRegression final iteration 1499, max_iter=1500, learning_rate = 0.05
2025-06-28 09:45:17 [INFO] adaboost.adaboost:25 - model is <base_models.logistic_regression.LogisticRegressionModel object at 0x000002D569ABCB50>
2025-06-28 09:45:17 [INFO] base_models.logistic_regression:57 - LogisticRegression final iteration 0, max_iter=1500, learning_rate = 0.05
2025-06-28 09:45:19 [INFO] base_models.logistic_regression:57 - LogisticRegression final iteration 1499, max_iter=1500, learning_rate = 0.05
2025-06-28 09:45:19 [INFO] adaboost.adaboost:25 - model is <base_models.logistic_regression.LogisticRegressionModel object at 0x000002D569ABCBB0>
2025-06-28 09:45:19 [INFO] base_models.logistic_regression:57 - LogisticRegression final iteration 0, max_iter=1500, learning_rate = 0.05
2025-06-28 09:45:20 [INFO] base_models.logistic_regression:57 - LogisticRegression final iteration 1499, max_iter=1500, learning_rate = 0.05
2025-06-28 09:45:20 [INFO] adaboost.adaboost:25 - model is <base_models.logistic_regression.LogisticRegressionModel object at 0x000002D569ABCC10>
2025-06-28 09:45:20 [INFO] base_models.logistic_regression:57 - LogisticRegression final iteration 0, max_iter=1500, learning_rate = 0.05
2025-06-28 09:45:22 [INFO] base_models.logistic_regression:57 - LogisticRegression final iteration 1499, max_iter=1500, learning_rate = 0.05
2025-06-28 09:45:22 [INFO] adaboost.adaboost:25 - model is <base_models.logistic_regression.LogisticRegressionModel object at 0x000002D569ABCC70>
2025-06-28 09:45:22 [INFO] base_models.logistic_regression:57 - LogisticRegression final iteration 0, max_iter=1500, learning_rate = 0.05
2025-06-28 09:45:23 [INFO] base_models.logistic_regression:57 - LogisticRegression final iteration 1499, max_iter=1500, learning_rate = 0.05
2025-06-28 09:45:23 [INFO] adaboost.adaboost:25 - model is <base_models.logistic_regression.LogisticRegressionModel object at 0x000002D569ABCCD0>
2025-06-28 09:45:23 [INFO] base_models.logistic_regression:57 - LogisticRegression final iteration 0, max_iter=1500, learning_rate = 0.05
2025-06-28 09:45:25 [INFO] base_models.logistic_regression:57 - LogisticRegression final iteration 1499, max_iter=1500, learning_rate = 0.05
2025-06-28 09:45:25 [INFO] adaboost.adaboost:25 - model is <base_models.logistic_regression.LogisticRegressionModel object at 0x000002D569ABCD30>
2025-06-28 09:45:25 [INFO] base_models.logistic_regression:57 - LogisticRegression final iteration 0, max_iter=1500, learning_rate = 0.05
2025-06-28 09:45:27 [INFO] base_models.logistic_regression:57 - LogisticRegression final iteration 1499, max_iter=1500, learning_rate = 0.05
2025-06-28 09:45:27 [INFO] adaboost.adaboost:25 - model is <base_models.logistic_regression.LogisticRegressionModel object at 0x000002D569ABCD90>
2025-06-28 09:45:27 [INFO] base_models.logistic_regression:57 - LogisticRegression final iteration 0, max_iter=1500, learning_rate = 0.05
2025-06-28 09:45:29 [INFO] base_models.logistic_regression:57 - LogisticRegression final iteration 1499, max_iter=1500, learning_rate = 0.05
2025-06-28 09:45:29 [INFO] adaboost.adaboost:25 - model is <base_models.logistic_regression.LogisticRegressionModel object at 0x000002D569ABCDF0>
2025-06-28 09:45:29 [INFO] base_models.logistic_regression:57 - LogisticRegression final iteration 0, max_iter=1500, learning_rate = 0.05
2025-06-28 09:45:30 [INFO] base_models.logistic_regression:57 - LogisticRegression final iteration 1499, max_iter=1500, learning_rate = 0.05
2025-06-28 09:45:30 [INFO] adaboost.adaboost:25 - model is <base_models.logistic_regression.LogisticRegressionModel object at 0x000002D569ABCE50>
2025-06-28 09:45:30 [INFO] base_models.logistic_regression:57 - LogisticRegression final iteration 0, max_iter=1500, learning_rate = 0.05
2025-06-28 09:45:32 [INFO] base_models.logistic_regression:57 - LogisticRegression final iteration 1499, max_iter=1500, learning_rate = 0.05
2025-06-28 09:45:32 [INFO] adaboost.adaboost:25 - model is <base_models.logistic_regression.LogisticRegressionModel object at 0x000002D569ABCEB0>
2025-06-28 09:45:32 [INFO] base_models.logistic_regression:57 - LogisticRegression final iteration 0, max_iter=1500, learning_rate = 0.05
2025-06-28 09:45:33 [INFO] base_models.logistic_regression:57 - LogisticRegression final iteration 1499, max_iter=1500, learning_rate = 0.05
2025-06-28 09:45:33 [INFO] adaboost.adaboost:25 - model is <base_models.logistic_regression.LogisticRegressionModel object at 0x000002D569ABC040>
2025-06-28 09:45:33 [INFO] base_models.logistic_regression:57 - LogisticRegression final iteration 0, max_iter=1500, learning_rate = 0.05
2025-06-28 09:45:35 [INFO] base_models.logistic_regression:57 - LogisticRegression final iteration 1499, max_iter=1500, learning_rate = 0.05
2025-06-28 09:45:35 [INFO] adaboost.adaboost:25 - model is <base_models.logistic_regression.LogisticRegressionModel object at 0x000002D569ABC1C0>
2025-06-28 09:45:35 [INFO] base_models.logistic_regression:57 - LogisticRegression final iteration 0, max_iter=1500, learning_rate = 0.05
2025-06-28 09:45:37 [INFO] base_models.logistic_regression:57 - LogisticRegression final iteration 1499, max_iter=1500, learning_rate = 0.05
2025-06-28 09:45:37 [INFO] adaboost.adaboost:25 - model is <base_models.logistic_regression.LogisticRegressionModel object at 0x000002D569ABC220>
2025-06-28 09:45:37 [INFO] base_models.logistic_regression:57 - LogisticRegression final iteration 0, max_iter=1500, learning_rate = 0.05
2025-06-28 09:45:39 [INFO] base_models.logistic_regression:57 - LogisticRegression final iteration 1499, max_iter=1500, learning_rate = 0.05
2025-06-28 09:45:39 [INFO] adaboost.adaboost:25 - model is <base_models.logistic_regression.LogisticRegressionModel object at 0x000002D569ABC130>
2025-06-28 09:45:39 [INFO] base_models.logistic_regression:57 - LogisticRegression final iteration 0, max_iter=1500, learning_rate = 0.05
2025-06-28 09:45:40 [INFO] base_models.logistic_regression:57 - LogisticRegression final iteration 1499, max_iter=1500, learning_rate = 0.05
2025-06-28 09:45:40 [INFO] adaboost.adaboost:25 - model is <base_models.logistic_regression.LogisticRegressionModel object at 0x000002D569ABC190>
2025-06-28 09:45:40 [INFO] base_models.logistic_regression:57 - LogisticRegression final iteration 0, max_iter=1500, learning_rate = 0.05
2025-06-28 09:45:42 [INFO] base_models.logistic_regression:57 - LogisticRegression final iteration 1499, max_iter=1500, learning_rate = 0.05
2025-06-28 09:45:42 [INFO] adaboost.adaboost:25 - model is <base_models.logistic_regression.LogisticRegressionModel object at 0x000002D56B5612B0>
2025-06-28 09:45:42 [INFO] base_models.logistic_regression:57 - LogisticRegression final iteration 0, max_iter=1500, learning_rate = 0.05
2025-06-28 09:45:44 [INFO] base_models.logistic_regression:57 - LogisticRegression final iteration 1499, max_iter=1500, learning_rate = 0.05
2025-06-28 09:45:44 [INFO] adaboost.adaboost:25 - model is <base_models.logistic_regression.LogisticRegressionModel object at 0x000002D56B561130>
2025-06-28 09:45:44 [INFO] base_models.logistic_regression:57 - LogisticRegression final iteration 0, max_iter=1500, learning_rate = 0.05
2025-06-28 09:45:45 [INFO] base_models.logistic_regression:57 - LogisticRegression final iteration 1499, max_iter=1500, learning_rate = 0.05
2025-06-28 09:45:45 [INFO] adaboost.adaboost:25 - model is <base_models.logistic_regression.LogisticRegressionModel object at 0x000002D56B561310>
2025-06-28 09:45:45 [INFO] base_models.logistic_regression:57 - LogisticRegression final iteration 0, max_iter=1500, learning_rate = 0.05
2025-06-28 09:45:47 [INFO] base_models.logistic_regression:57 - LogisticRegression final iteration 1499, max_iter=1500, learning_rate = 0.05
2025-06-28 09:45:47 [INFO] adaboost.adaboost:25 - model is <base_models.logistic_regression.LogisticRegressionModel object at 0x000002D56B561370>
2025-06-28 09:45:47 [INFO] base_models.logistic_regression:57 - LogisticRegression final iteration 0, max_iter=1500, learning_rate = 0.05
2025-06-28 09:45:48 [INFO] base_models.logistic_regression:57 - LogisticRegression final iteration 1499, max_iter=1500, learning_rate = 0.05
2025-06-28 09:45:48 [INFO] adaboost.adaboost:25 - model is <base_models.logistic_regression.LogisticRegressionModel object at 0x000002D56B5613D0>
2025-06-28 09:45:48 [INFO] base_models.logistic_regression:57 - LogisticRegression final iteration 0, max_iter=1500, learning_rate = 0.05
2025-06-28 09:45:49 [INFO] base_models.logistic_regression:57 - LogisticRegression final iteration 1499, max_iter=1500, learning_rate = 0.05
2025-06-28 09:45:49 [INFO] adaboost.adaboost:25 - model is <base_models.logistic_regression.LogisticRegressionModel object at 0x000002D56B561430>
2025-06-28 09:45:49 [INFO] base_models.logistic_regression:57 - LogisticRegression final iteration 0, max_iter=1500, learning_rate = 0.05
2025-06-28 09:45:50 [INFO] base_models.logistic_regression:57 - LogisticRegression final iteration 1499, max_iter=1500, learning_rate = 0.05
2025-06-28 09:45:50 [INFO] adaboost.adaboost:25 - model is <base_models.logistic_regression.LogisticRegressionModel object at 0x000002D56B561490>
2025-06-28 09:45:50 [INFO] base_models.logistic_regression:57 - LogisticRegression final iteration 0, max_iter=1500, learning_rate = 0.05
2025-06-28 09:45:52 [INFO] base_models.logistic_regression:57 - LogisticRegression final iteration 1499, max_iter=1500, learning_rate = 0.05
2025-06-28 09:45:52 [INFO] adaboost.adaboost:25 - model is <base_models.logistic_regression.LogisticRegressionModel object at 0x000002D56B5614F0>
2025-06-28 09:45:52 [INFO] base_models.logistic_regression:57 - LogisticRegression final iteration 0, max_iter=1500, learning_rate = 0.05
2025-06-28 09:45:54 [INFO] base_models.logistic_regression:57 - LogisticRegression final iteration 1499, max_iter=1500, learning_rate = 0.05
2025-06-28 09:45:54 [INFO] adaboost.adaboost:25 - model is <base_models.logistic_regression.LogisticRegressionModel object at 0x000002D56B561550>
2025-06-28 09:45:54 [INFO] base_models.logistic_regression:57 - LogisticRegression final iteration 0, max_iter=1500, learning_rate = 0.05
2025-06-28 09:45:56 [INFO] base_models.logistic_regression:57 - LogisticRegression final iteration 1499, max_iter=1500, learning_rate = 0.05
2025-06-28 09:45:56 [INFO] adaboost.adaboost:25 - model is <base_models.logistic_regression.LogisticRegressionModel object at 0x000002D56B5615B0>
2025-06-28 09:45:56 [INFO] base_models.logistic_regression:57 - LogisticRegression final iteration 0, max_iter=1500, learning_rate = 0.05
2025-06-28 09:45:57 [INFO] base_models.logistic_regression:57 - LogisticRegression final iteration 1499, max_iter=1500, learning_rate = 0.05
2025-06-28 09:45:57 [INFO] adaboost.adaboost:25 - model is <base_models.logistic_regression.LogisticRegressionModel object at 0x000002D56B561610>
2025-06-28 09:45:57 [INFO] base_models.logistic_regression:57 - LogisticRegression final iteration 0, max_iter=1500, learning_rate = 0.05
2025-06-28 09:45:58 [INFO] base_models.logistic_regression:57 - LogisticRegression final iteration 1499, max_iter=1500, learning_rate = 0.05
2025-06-28 09:45:58 [INFO] adaboost.adaboost:25 - model is <base_models.logistic_regression.LogisticRegressionModel object at 0x000002D56B561670>
2025-06-28 09:45:58 [INFO] base_models.logistic_regression:57 - LogisticRegression final iteration 0, max_iter=1500, learning_rate = 0.05
2025-06-28 09:46:00 [INFO] base_models.logistic_regression:57 - LogisticRegression final iteration 1499, max_iter=1500, learning_rate = 0.05
2025-06-28 09:46:00 [INFO] adaboost.adaboost:25 - model is <base_models.logistic_regression.LogisticRegressionModel object at 0x000002D56B5616D0>
2025-06-28 09:46:00 [INFO] base_models.logistic_regression:57 - LogisticRegression final iteration 0, max_iter=1500, learning_rate = 0.05
2025-06-28 09:46:01 [INFO] base_models.logistic_regression:57 - LogisticRegression final iteration 1499, max_iter=1500, learning_rate = 0.05
2025-06-28 09:46:01 [INFO] adaboost.adaboost:25 - model is <base_models.logistic_regression.LogisticRegressionModel object at 0x000002D56B561730>
2025-06-28 09:46:01 [INFO] base_models.logistic_regression:57 - LogisticRegression final iteration 0, max_iter=1500, learning_rate = 0.05
2025-06-28 09:46:03 [INFO] base_models.logistic_regression:57 - LogisticRegression final iteration 1499, max_iter=1500, learning_rate = 0.05
2025-06-28 09:46:03 [INFO] adaboost.adaboost:25 - model is <base_models.logistic_regression.LogisticRegressionModel object at 0x000002D56B561790>
2025-06-28 09:46:03 [INFO] base_models.logistic_regression:57 - LogisticRegression final iteration 0, max_iter=1500, learning_rate = 0.05
2025-06-28 09:46:05 [INFO] base_models.logistic_regression:57 - LogisticRegression final iteration 1499, max_iter=1500, learning_rate = 0.05
2025-06-28 09:46:05 [INFO] adaboost.adaboost:25 - model is <base_models.logistic_regression.LogisticRegressionModel object at 0x000002D56B5617F0>
2025-06-28 09:46:05 [INFO] base_models.logistic_regression:57 - LogisticRegression final iteration 0, max_iter=1500, learning_rate = 0.05
2025-06-28 09:46:06 [INFO] base_models.logistic_regression:57 - LogisticRegression final iteration 1499, max_iter=1500, learning_rate = 0.05
2025-06-28 09:46:06 [INFO] adaboost.adaboost:25 - model is <base_models.logistic_regression.LogisticRegressionModel object at 0x000002D56B561850>
2025-06-28 09:46:06 [INFO] base_models.logistic_regression:57 - LogisticRegression final iteration 0, max_iter=1500, learning_rate = 0.05
2025-06-28 09:46:08 [INFO] base_models.logistic_regression:57 - LogisticRegression final iteration 1499, max_iter=1500, learning_rate = 0.05
2025-06-28 09:46:08 [INFO] adaboost.adaboost:25 - model is <base_models.logistic_regression.LogisticRegressionModel object at 0x000002D56B5618E0>
2025-06-28 09:46:08 [INFO] base_models.logistic_regression:57 - LogisticRegression final iteration 0, max_iter=1500, learning_rate = 0.05
2025-06-28 09:46:09 [INFO] base_models.logistic_regression:57 - LogisticRegression final iteration 1499, max_iter=1500, learning_rate = 0.05
2025-06-28 09:46:09 [INFO] adaboost.adaboost:25 - model is <base_models.logistic_regression.LogisticRegressionModel object at 0x000002D56B561940>
2025-06-28 09:46:09 [INFO] base_models.logistic_regression:57 - LogisticRegression final iteration 0, max_iter=1500, learning_rate = 0.05
2025-06-28 09:46:11 [INFO] base_models.logistic_regression:57 - LogisticRegression final iteration 1499, max_iter=1500, learning_rate = 0.05
2025-06-28 09:46:11 [INFO] adaboost.adaboost:25 - model is <base_models.logistic_regression.LogisticRegressionModel object at 0x000002D56B5619A0>
2025-06-28 09:46:11 [INFO] base_models.logistic_regression:57 - LogisticRegression final iteration 0, max_iter=1500, learning_rate = 0.05
2025-06-28 09:46:12 [INFO] base_models.logistic_regression:57 - LogisticRegression final iteration 1499, max_iter=1500, learning_rate = 0.05
2025-06-28 09:46:12 [INFO] adaboost.adaboost:25 - model is <base_models.logistic_regression.LogisticRegressionModel object at 0x000002D56B561A30>
2025-06-28 09:46:12 [INFO] base_models.logistic_regression:57 - LogisticRegression final iteration 0, max_iter=1500, learning_rate = 0.05
2025-06-28 09:46:13 [INFO] base_models.logistic_regression:57 - LogisticRegression final iteration 1499, max_iter=1500, learning_rate = 0.05
2025-06-28 09:46:13 [INFO] adaboost.adaboost:25 - model is <base_models.logistic_regression.LogisticRegressionModel object at 0x000002D56B561B20>
2025-06-28 09:46:13 [INFO] base_models.logistic_regression:57 - LogisticRegression final iteration 0, max_iter=1500, learning_rate = 0.05
2025-06-28 09:46:15 [INFO] base_models.logistic_regression:57 - LogisticRegression final iteration 1499, max_iter=1500, learning_rate = 0.05
2025-06-28 09:46:15 [INFO] adaboost.adaboost:25 - model is <base_models.logistic_regression.LogisticRegressionModel object at 0x000002D56B561B80>
2025-06-28 09:46:15 [INFO] base_models.logistic_regression:57 - LogisticRegression final iteration 0, max_iter=1500, learning_rate = 0.05
2025-06-28 09:46:18 [INFO] base_models.logistic_regression:57 - LogisticRegression final iteration 1499, max_iter=1500, learning_rate = 0.05
2025-06-28 09:46:18 [INFO] adaboost.adaboost:25 - model is <base_models.logistic_regression.LogisticRegressionModel object at 0x000002D56B561BE0>
2025-06-28 09:46:18 [INFO] base_models.logistic_regression:57 - LogisticRegression final iteration 0, max_iter=1500, learning_rate = 0.05
2025-06-28 09:46:20 [INFO] base_models.logistic_regression:57 - LogisticRegression final iteration 1499, max_iter=1500, learning_rate = 0.05
2025-06-28 09:46:20 [INFO] adaboost.adaboost:25 - model is <base_models.logistic_regression.LogisticRegressionModel object at 0x000002D56B561C40>
2025-06-28 09:46:20 [INFO] base_models.logistic_regression:57 - LogisticRegression final iteration 0, max_iter=1500, learning_rate = 0.05
2025-06-28 09:46:22 [INFO] base_models.logistic_regression:57 - LogisticRegression final iteration 1499, max_iter=1500, learning_rate = 0.05
2025-06-28 09:46:22 [INFO] adaboost.adaboost:25 - model is <base_models.logistic_regression.LogisticRegressionModel object at 0x000002D56B561CA0>
2025-06-28 09:46:22 [INFO] base_models.logistic_regression:57 - LogisticRegression final iteration 0, max_iter=1500, learning_rate = 0.05
2025-06-28 09:46:23 [INFO] base_models.logistic_regression:57 - LogisticRegression final iteration 1499, max_iter=1500, learning_rate = 0.05
2025-06-28 09:46:23 [INFO] adaboost.adaboost:25 - model is <base_models.logistic_regression.LogisticRegressionModel object at 0x000002D56B561D00>
2025-06-28 09:46:23 [INFO] base_models.logistic_regression:57 - LogisticRegression final iteration 0, max_iter=1500, learning_rate = 0.05
2025-06-28 09:46:25 [INFO] base_models.logistic_regression:57 - LogisticRegression final iteration 1499, max_iter=1500, learning_rate = 0.05
2025-06-28 09:46:25 [INFO] adaboost.adaboost:25 - model is <base_models.logistic_regression.LogisticRegressionModel object at 0x000002D56B561D60>
2025-06-28 09:46:25 [INFO] base_models.logistic_regression:57 - LogisticRegression final iteration 0, max_iter=1500, learning_rate = 0.05
2025-06-28 09:46:26 [INFO] base_models.logistic_regression:57 - LogisticRegression final iteration 1499, max_iter=1500, learning_rate = 0.05
2025-06-28 09:46:26 [INFO] adaboost.adaboost:25 - model is <base_models.logistic_regression.LogisticRegressionModel object at 0x000002D56B561DC0>
2025-06-28 09:46:26 [INFO] base_models.logistic_regression:57 - LogisticRegression final iteration 0, max_iter=1500, learning_rate = 0.05
2025-06-28 09:46:28 [INFO] base_models.logistic_regression:57 - LogisticRegression final iteration 1499, max_iter=1500, learning_rate = 0.05
2025-06-28 09:46:28 [INFO] adaboost.adaboost:25 - model is <base_models.logistic_regression.LogisticRegressionModel object at 0x000002D56B561E20>
2025-06-28 09:46:28 [INFO] base_models.logistic_regression:57 - LogisticRegression final iteration 0, max_iter=1500, learning_rate = 0.05
2025-06-28 09:46:30 [INFO] base_models.logistic_regression:57 - LogisticRegression final iteration 1499, max_iter=1500, learning_rate = 0.05
2025-06-28 09:46:30 [INFO] adaboost.adaboost:25 - model is <base_models.logistic_regression.LogisticRegressionModel object at 0x000002D56B561E80>
2025-06-28 09:46:30 [INFO] base_models.logistic_regression:57 - LogisticRegression final iteration 0, max_iter=1500, learning_rate = 0.05
2025-06-28 09:46:32 [INFO] base_models.logistic_regression:57 - LogisticRegression final iteration 1499, max_iter=1500, learning_rate = 0.05
2025-06-28 09:46:32 [INFO] adaboost.adaboost:25 - model is <base_models.logistic_regression.LogisticRegressionModel object at 0x000002D56B561EE0>
2025-06-28 09:46:32 [INFO] base_models.logistic_regression:57 - LogisticRegression final iteration 0, max_iter=1500, learning_rate = 0.05
2025-06-28 09:46:34 [INFO] base_models.logistic_regression:57 - LogisticRegression final iteration 1499, max_iter=1500, learning_rate = 0.05
2025-06-28 09:46:34 [INFO] adaboost.adaboost:25 - model is <base_models.logistic_regression.LogisticRegressionModel object at 0x000002D56B561F40>
2025-06-28 09:46:34 [INFO] base_models.logistic_regression:57 - LogisticRegression final iteration 0, max_iter=1500, learning_rate = 0.05
2025-06-28 09:46:35 [INFO] base_models.logistic_regression:57 - LogisticRegression final iteration 1499, max_iter=1500, learning_rate = 0.05
2025-06-28 09:46:35 [INFO] adaboost.adaboost:25 - model is <base_models.logistic_regression.LogisticRegressionModel object at 0x000002D56B561FA0>
2025-06-28 09:46:35 [INFO] base_models.logistic_regression:57 - LogisticRegression final iteration 0, max_iter=1500, learning_rate = 0.05
2025-06-28 09:46:36 [INFO] base_models.logistic_regression:57 - LogisticRegression final iteration 1499, max_iter=1500, learning_rate = 0.05
2025-06-28 09:46:36 [INFO] adaboost.adaboost:25 - model is <base_models.logistic_regression.LogisticRegressionModel object at 0x000002D56B5610A0>
2025-06-28 09:46:36 [INFO] base_models.logistic_regression:57 - LogisticRegression final iteration 0, max_iter=1500, learning_rate = 0.05
2025-06-28 09:46:38 [INFO] base_models.logistic_regression:57 - LogisticRegression final iteration 1499, max_iter=1500, learning_rate = 0.05
2025-06-28 09:46:38 [INFO] adaboost.adaboost:25 - model is <base_models.logistic_regression.LogisticRegressionModel object at 0x000002D56B561040>
2025-06-28 09:46:38 [INFO] base_models.logistic_regression:57 - LogisticRegression final iteration 0, max_iter=1500, learning_rate = 0.05
2025-06-28 09:46:40 [INFO] base_models.logistic_regression:57 - LogisticRegression final iteration 1499, max_iter=1500, learning_rate = 0.05
2025-06-28 09:46:40 [INFO] adaboost.adaboost:25 - model is <base_models.logistic_regression.LogisticRegressionModel object at 0x000002D56B5611F0>
2025-06-28 09:46:40 [INFO] base_models.logistic_regression:57 - LogisticRegression final iteration 0, max_iter=1500, learning_rate = 0.05
2025-06-28 09:46:42 [INFO] base_models.logistic_regression:57 - LogisticRegression final iteration 1499, max_iter=1500, learning_rate = 0.05
2025-06-28 09:46:42 [INFO] adaboost.adaboost:25 - model is <base_models.logistic_regression.LogisticRegressionModel object at 0x000002D56B561160>
2025-06-28 09:46:42 [INFO] base_models.logistic_regression:57 - LogisticRegression final iteration 0, max_iter=1500, learning_rate = 0.05
2025-06-28 09:46:44 [INFO] base_models.logistic_regression:57 - LogisticRegression final iteration 1499, max_iter=1500, learning_rate = 0.05
2025-06-28 09:46:44 [INFO] adaboost.adaboost:25 - model is <base_models.logistic_regression.LogisticRegressionModel object at 0x000002D56B5611C0>
2025-06-28 09:46:44 [INFO] base_models.logistic_regression:57 - LogisticRegression final iteration 0, max_iter=1500, learning_rate = 0.05
2025-06-28 09:46:45 [INFO] base_models.logistic_regression:57 - LogisticRegression final iteration 1499, max_iter=1500, learning_rate = 0.05
2025-06-28 09:46:45 [INFO] adaboost.adaboost:25 - model is <base_models.logistic_regression.LogisticRegressionModel object at 0x000002D56B561280>
2025-06-28 09:46:45 [INFO] base_models.logistic_regression:57 - LogisticRegression final iteration 0, max_iter=1500, learning_rate = 0.05
2025-06-28 09:46:46 [INFO] base_models.logistic_regression:57 - LogisticRegression final iteration 1499, max_iter=1500, learning_rate = 0.05
2025-06-28 09:46:47 [INFO] __main__:116 - 完成基分类器数目=100 的10折输出
2025-06-28 09:46:47 [INFO] __main__:117 - 所有折次训练完成，10折交叉验证结果已输出到 experiments/ 文件夹
